CsvPostID,BrandName,Title,Content,CoverImage,Visibility,Status
P000001,筆尖溫度,捕捉斜陽的溫度，調色盤上的午後時光,你曾感覺過色彩的溫度嗎？對我來說，那或許是某個無所事事的午後，灑落在木窗框上的那一抹暖黃。<br><br>今天的創作靈感，來自工作室那扇老窗。當夕陽斜斜地照進屋內，光影在牆上緩慢推移，那一瞬間的靜謐，讓我忍不住拿起了畫筆。我選用了清透的橙黃色與淡淡的赭石，讓水份在畫紙上自由暈染，試圖留住陽光逐漸消退前，最溫柔的那個片刻。水彩的魅力就在於它的不可預期，顏料與水的交融，就像是光與影的輕舞。<br><br>在日作市集的這方小天地裡，我時常收到客人說，看著這些畫作，彷彿時間也跟著慢了下來。這正是我希望透過「筆尖溫度」傳達的：在這個步伐匆忙的世界裡，我們都需要一個可以讓心稍作停歇的角落。這幅映著斜陽的窗景，願能為你的生活日常，注入一股安定的暖流。,001P1,Follower,Published
P000002,筆尖溫度,街角的寧靜，畫筆下那隻打盹的貓,有些幸福，是確定的，而且非常純粹。比如，在微涼的街角，遇見一隻蜷縮著身子、睡得正香甜的貓咪。<br><br>城市的節奏總是很快，但這隻街角的貓似乎擁有自己獨特的時區。看著牠隨著呼吸微微起伏的毛茸茸身軀，我感受到一種難以言喻的療癒感。這次的創作，我刻意放輕了筆觸，運用大量清透的水份與柔和的灰、暖棕色調，去描繪貓咪柔軟的毛髮和那份全然放鬆的姿態。我想捕捉的，不只是貓咪可愛的模樣，更是那種與世無爭的寧靜氛圍。<br><br>每一筆渲染，都是情感的延伸。我期待帶著這些療癒的風景與你們相遇。希望當你逛著市集，看見這隻打盹的貓時，嘴角能不自覺地上揚。帶一張畫回去吧，讓它在你房間的某個角落，持續為你散發著微小卻確定的幸福溫度。,001P2,Follower,Published
P000003,墨染時光,墨色與幾何的交錯，在留白中尋找現代的詩意,今天的工作桌上，鋪滿了剛裁好的宣紙。我正為接下來的市集準備新的手繪明信片。<br><br>當飽滿的筆尖落下，看著純粹的黑在紙纖維間緩緩暈開，那種傳統水墨獨有的寫意，總讓人感到平靜。但「墨染時光」想說的，不只是古典的靜謐。等墨跡半乾後，我換上另一種筆觸，畫下幾道俐落的幾何線條。一邊是隨性流動的水墨，一邊是精準理性的現代幾何，兩者在畫面上產生了強烈卻和諧的碰撞。<br><br>我不追求畫面的絕對對稱，反而特別迷戀那些墨色邊緣不規則的「手感」。在日作市集裡，我總能遇到懂得欣賞這份不完美的知音。每一張明信片，都是傳統美學與現代生活的一次對話，期盼能把這份獨特的平衡，連同如古詩般雋永的祝福，傳遞到你的手中。,002P1,Public,Published
P000004,墨染時光,宣紙上的時光刻度，手繪書籤裡的深邃意境,書籤，是夾在書頁裡的時光暫停鍵。而在我製作手繪書籤的過程中，也像是在紙上刻畫時間流動的痕跡。<br><br>調墨、下筆，看著水分的多寡決定了最終的濃淡層次。這過程就像是在進行一場小型的書法創作，每一次的落筆、每一道墨暈，都是獨一無二的相遇。水分的蒸發、墨色的沉澱，其實並不完全受我的控制，但這正是手作最迷人的地方。我們刻意捨棄了工業化生產的工整與完美，張開雙手擁抱每一張宣紙上獨特的姿態。<br><br>現代人的生活節奏往往太過急促，有時我們正需要一點古詩般的深邃與留白來喘口氣。帶著這些充滿手感溫度的書籤來到日作市集，我期待著它們能成為你閱讀時的寧靜陪伴。當你翻開書頁，看見那抹古典的墨跡，願你也能在時間的流動中，找到屬於自己的平衡與從容。,002P2,Public,Published
P000005,斑斕之境,畫布上的奇幻森林，用飽和色彩擊碎灰暗日常,你是否也曾覺得，日復一日的生活有時像是被抽乾了色彩？這幾天我將自己關在工作室，任由壓克力顏料在畫布上肆意流淌。這次的創作，我畫下了一座生長著螢光色蕨類與奇異斑紋巨獸的超現實森林。<br><br>「斑斕之境」的誕生，就是為了打破那份枯燥。我喜歡壓克力顏料那種厚實、充滿爆發力的質地，它能完美承載我腦海中那些大膽且瘋狂的想像。當你將這幅掛畫帶回房間，我希望它不僅僅是一件裝飾，而是一扇通往奇幻夢境的窗。在日作市集的攤位上，我期待這股強烈的視覺撞擊，能為不甘平凡的你，灌注源源不絕的生命力。,003P1,Public,Published
P000006,斑斕之境,掌心裡的狂想曲，手繪手機殼的視覺衝擊,如果現實世界太過規矩，那我們就隨身攜帶一個叛逆的夢吧。這週的創作重心，我放在了一系列的手繪手機殼上。<br><br>要在小小的手機殼上展現「斑斕之境」的超現實狂想，其實充滿挑戰。我運用了極度對比的撞色，描繪出突破常規的動植物輪廓。每一個手機殼都是獨一無二的，因為壓克力顏料堆疊出的厚度與筆觸，是機器無法複製的生命力。手機是我們每天凝視最久的物品，我希望當你在捷運上、辦公桌前滑著手機時，翻過面來，就能看見這份大膽的色彩。來逛逛日作市集吧，挑選一個專屬於你的斑斕角落，讓想像力在掌心中無限延伸。,003P2,Public,Published
P000007,紙上行旅,異國街角的咖啡香，保留速寫本裡的凌亂與真誠,身為一個旅行攝影師，我的鏡頭捕捉光影，但我的速寫本卻記錄著當下的溫度。<br><br>還記得那天在異國的一家老咖啡館，我點了一杯濃縮咖啡，隨手拿出鋼筆，快速勾勒著窗外的古典建築與匆匆行走的路人。沒有尺，沒有橡皮擦，只有簡單甚至有些凌亂的線條。「紙上行旅」的文具商品，正是從這些未經修飾的速寫草稿中誕生的。我刻意保留了那些畫錯的疊線，因為那是最真誠的旅途感觸。在日作市集裡，這些紙本創作安靜地陳列著，等待著懂它的人，一起感受那份來自異國街頭的隨性與自由。,004P1,Public,Published
P000008,紙上行旅,將跨越國境的微風，收進這方寸紙頁之間,旅行的意義，往往在於那些無法被打包帶走的空氣與風。這幾天，我正在整理過去幾趟旅行的速寫手稿，準備將它們轉化為下一批的紙本創作。<br><br>相較於攝影的寫實，我發現簡單的線條更能給予觀者想像的空間。我將那些曾讓我感動的建築輪廓與行人姿態，轉化為俐落的筆觸。這個將旅途感觸具象化的實驗室，每天都在發生著有趣的化學變化。當你撫摸著這些帶著手感溫度的紙品，我希望能傳遞給你一股跨越國境的微風。即使你此刻正坐在城市的某個辦公室裡，只要翻開「紙上行旅」，隨時都能開啟一場屬於自己的心靈旅行。,004P2,Public,Published
P000009,夢境調色盤,畫筆下的毛孩宇宙，為你的寶貝，留下一場溫柔的夢,你是否曾凝視過家中毛孩的眼睛？那裡頭沒有複雜的算計，只有純粹的信任與無條件的愛。在「夢境調色盤」，我們最珍視的就是這份清澈。<br><br>每一次接下寵物似顏繪的委託，都像是一場走進秘密花園的邀請。我們不只是描繪外觀的輪廓，更是用心感受照片裡傳遞的調皮、憨厚或是撒嬌的脾氣。透過軟綿綿的筆觸與柔和的色彩，我們將毛孩們化作童話裡的角色。這不僅僅是一幅畫，更是一個能讓你隨時躲進去汲取溫暖的避風港。當你感到疲憊時，看看畫中那個純真無邪的眼神，希望你能想起，在這個世界上，總有一個小小的靈魂全心全意地愛著你。,005P1,Public,Published
P000010,夢境調色盤,帶著童話去旅行，讓軟綿綿的色彩，治癒你的每一天,我們深信，無論長到多大，每個人的靈魂深處都始終住著一個渴望被擁抱的孩子。為了讓這份安全感能夠走出畫框，陪伴你經歷每一天的日常，「夢境調色盤」將那些療癒的插畫，輕輕印上了托特包與貼紙。<br><br>把貼紙貼在筆記本或電腦上，就像是在繁忙的工作中開了一扇通往童話的窗；揹上印有毛孩插畫的托特包出門，無論是通勤的捷運還是假日的街角，彷彿都有一個溫柔的夥伴與你同行。我們希望這些充滿愛與色彩的小物件，能成為你生活中的魔法陣。當你觸碰它們時，心中的那個孩子就能得到安撫，並帶著純粹的快樂，繼續在這個大人的世界裡勇敢前行。,005P2,Follower,Published
P000011,拾木工坊,捨棄鐵釘的堅持，以傳統榫接，喚醒木材間的靈魂擁抱,在講求快速與量產的時代，我們選擇了一條最緩慢的道路。「拾木工坊」的每一件作品，都堅持不使用任何一根金屬釘子。我們依賴的是傳統的「榫接」工法——透過精密的計算與純粹的手工鑿刻，讓兩塊木頭的凹凸完美契合。<br><br>為什麼要這麼費工？因為我們將木頭視為擁有記憶的生命。鐵釘會生鏽、會強行破壞木材的肌理；而榫接，則是讓木材彼此依靠、互相咬合，形成一種堅不可摧的默契。當結構完成後，我們會進行無數次的手工打磨。指尖滑過木緣的每一次摩擦，都是在喚醒原木的靈魂，直到它褪去粗糙，展現出如同肌膚般溫潤、絲滑的觸感。這是一場守護森林記憶的儀式，也是我們對職人精神最安靜的致敬。,006P1,Follower,Published
P000012,拾木工坊,時間刻畫的溫潤，木器物與你的日常生活對話,很多人以為，當一件木器被製作完成，它的生命就定型了。但在「拾木工坊」，我們認為這只是它旅程的開始。木頭是會呼吸的，當它來到你的家中，它就成了與你朝夕相處的家人。<br><br>每一件原木器皿，都會忠實地記錄下你的生活軌跡。隨著你的觸摸、使用，甚至是環境濕度的變化，木頭表面的天然油脂會慢慢沉澱，隨著歲月推移，散發出獨一無二的深邃光澤。這種被稱為「包漿」的變化，是時間賦予的魔法，也是它與你之間無聲的對話。它不會喧嘩，也不會抱怨，只是靜靜地待在餐桌上、角落裡，用它最安定的姿態，成為你家中最忠誠、最溫暖的陪伴者。,006P2,Public,Published
P000013,竹跡日常,打破老派的刻板印象，孟宗竹與現代幾何的編織對話,誰說竹藝只能停留在阿嬤家的記憶裡？這幾天工作室裡滿地都是剛處理好的台灣孟宗竹篾。為了準備接下來在日作市集的新品，我們團隊正挑戰將複雜的現代幾何圖形，融入傳統的竹編技法中。<br><br>看著堅韌的竹篾在指尖穿梭、交錯，逐漸成形為一盞充滿現代感的俐落燈飾，那種成就感難以言喻。竹材本身帶有一種溫潤的清香，當暖黃色的燈光透過幾何孔洞灑落在現代居家的牆面上，原本生硬的都會空間瞬間柔軟了下來。我們希望「竹跡日常」能顛覆大家對竹製品的想像，讓這份帶著在地溫度的傳統工藝，以最時尚、優雅的姿態，重新走入你的生活日常。,007P1,Public,Published
P000014,竹跡日常,彎而不折的生活哲學，把永續與韌性收納進都會空間,在「竹跡日常」的創作過程中，我們最迷戀的就是竹子那份驚人的彈性與韌性。面對外力，它能彎曲到不可思議的角度卻不折斷，這不正是我們在擁擠、高壓的現代都市中，最需要的生活態度嗎？<br><br>今天剛完成了一批新的收納籃。我們刻意捨棄了繁複的裝飾，保留竹材最純粹的質感與簡約的線條。在這個提倡永續的時代，竹子生長快速且環保，是再完美不過的素材。想像一下，在極簡風的現代公寓裡，角落擺放著一個散發著自然氣息的竹編籃，裡面或許裝著你最愛的幾本書，或是柔軟的毛毯。來市集感受一下這份韌性吧，讓竹藝不再老派，而是成為你質感生活的一部分。,007P2,Public,Published
P000015,山林之聲,保留大自然的詩篇，不完美的「自然邊緣」最動人,早晨走進工作室，迎接我的是滿室濃郁的木頭香氣。工作檯上散落著幾塊剛裁切好的原木，我正準備為它們進行細部打磨，製作成獨特的木牌與小巧的木墜項鍊。<br><br>在「山林之聲」，我有一個堅持：盡可能保留木材的「自然邊緣」。很多人問我，為什麼不把那些粗糙的樹皮削平？為什麼要留下那些看似瑕疵的蟲洞？因為對我而言，那些都不是瑕疵，而是大自然耗費數十年歲月書寫的詩篇。每一道裂紋、每一個蟲蛀的痕跡，都訴說著這塊木頭在森林裡經歷的風雨。我只是個翻譯者，透過雕刻與打磨，讓這些獨一無二的故事得以被看見。希望當你在日作市集遇見它們時，能從這些不完美的邊緣中，感受到最純粹的生命力。,008P1,Public,Published
P000016,山林之聲,都市裡的靜謐綠洲，觸摸木紋，聽見遠方山谷的呼喚,市的喧囂有時讓人感到疲憊，而我的工作室，就是我為自己打造的靜謐綠洲。這幾天，我正專注於製作幾個無釘的榫接木盒。榫卯結構需要極高的精準度，但當兩塊木頭嚴絲合縫地契合在一起時，那種渾然天成的感覺，總是讓我深深著迷。<br><br>除了精密的木盒，我也創作了許多原木雕刻擺件。我不喜歡過度加工，而是順應著木紋的走向去創作。當你閉上眼睛，指尖輕輕滑過這些未經厚重漆面覆蓋的木頭紋理，你會發現，即使身處水泥叢林，也能瞬間被拉回那片寂靜的森林。我期待這些帶著山林氣息的作品，能成為你都市生活中的一點慰藉，讓你在喧鬧的日常裡，依然能聽見遠方山谷溫柔的呼喚。,008P2,Public,Published
P000017,微木森林,桌上的微型綠洲，在待辦事項之間，為自己留一座森林,當滑鼠的點擊聲與鍵盤的敲擊聲交織成日常的節奏，螢幕旁那疊厚厚的文件，是否總讓你感到一絲喘不過氣？在「微木森林」，我們懂那種渴望在水泥叢林裡深呼吸的期盼。<br><br>我們不打造龐然大物，而是將目光聚焦於你每天凝視最久的辦公桌。從沉穩的胡桃木到溫暖的櫻桃木，我們將這些珍貴的自然恩賜縮小比例，化作精巧的名片座、手機架與鋼筆盒。當你在繁忙的公務空檔中抬起頭，或是喝口水的瞬間，只要視線落在桌面，就能看見那細緻的木紋理。這方寸之間的微型風景，不只是實用的辦公小物，更是為你專屬打造的寧靜微木森林，隨時準備好接住你的疲憊。,009P1,Public,Published
P000018,微木森林,方寸間的極致講究，不因微小而妥協的木紋美學,將物件縮小，往往意味著瑕疵會被無限放大。「微木森林」的誕生，源自於對精準度的極致挑戰。製作桌上的微型木作，其難度絕不亞於大型傢俱。<br><br>每一件手機架的傾斜角度、每一款鋼筆盒的開合手感，都經過無數次的精雕細琢。我們在極小的比例中，苛求線條的流暢度與木材肌理的展現。職人的雙手在細微的木屑中穿梭，透過顯微鏡般的專注力，確保木材的每一個切面都完美無瑕。我們深信，真正的工藝精神不存在於體積的大小，而是隱藏在那些看似不起眼的細節裡。微木森林要帶給你的，是握在掌心就能感受到的、毫無妥協的頂級手作質感。,009P2,Follower,Published
P000019,輪年木作,純粹的生活減法，用永續木材，勾勒北歐的質樸線條,在喧囂的現代生活中，我們越來越渴望回歸簡單。「輪年木作」以現代北歐風格為靈感，褪去繁複的裝飾，將設計的語彙交還給木材本身。<br><br>我們堅持選用獲得永續認證的木料，這不僅是對自然環境的尊重，更是我們對材質純粹性的追求。每一件實木家具與家飾，都強調流暢的幾何線條與木材原生的溫潤色澤。沒有多餘的五金干擾，只有最純粹的木質觸感。我們希望透過這種「減法」的設計哲學，讓空間變得輕盈、明亮。選擇輪年木作，不僅是選擇了一件高質感的家飾，更是選擇了一種友善地球、純粹無負擔的生活態度。,010P1,Public,Published
P000020,輪年木作,年輪裡的時光記憶，讓實木家具，陪你慢慢過日子,樹木的年輪，刻劃了四季的更迭與風雨的洗禮；而家中的木作，則會記錄下你與家人共同生活的點點滴滴。「輪年木作」始終認為，一件好的實木家具，從來都不該只是空間裡的消耗品。<br><br>當一張實木餐桌入駐你的家，它便開始參與你們的生活。桌角可能會留下孩子學步時不小心磕碰的微小痕跡，桌面會因長年擺放熱湯而透出溫潤的光澤。這些歲月的印記，都是生活積累的證明。我們用心製作每一件家具，期盼它們能成為這個家中最安靜、卻也最長情的成員。在這個快節奏的時代裡，讓輪年木作陪你慢下腳步，一起在時光的年輪裡，慢慢刻劃屬於你們的家的記憶。,010P2,Public,Draft
P000021,針線日常,【手作紀實】布料的偏執 ｜ 尋找完美盛裝生活的容器,說起對布料的挑剔，我大概是到了有些偏執的程度。今天工作室又送來了一批新訂的日本進口厚磅帆布，當指尖滑過那紮實的紋理，我就知道，這正是我想尋找的完美質地。很多人問我，為什麼「針線日常」的設計總是這麼簡約？因為我相信，布包不該只是喧賓奪主的配件，它是盛裝我們日常生活的容器。沒有繁複的花邊，我把心思全放在了實用的隔層與俐落的剪裁上。在日作市集裡，我期待這些帶著知性氣息的提袋，能找到懂它的主人。帶著它去買菜、去圖書館、去旅行吧，讓這塊帆布在時間的洗禮下，漸漸染上專屬於你的生活氣味。,011P1,Follower,Published
P000022,針線日常,【手作紀實】車縫的節奏 ｜ 經得起時間考驗的日常陪伴,伴隨著老式裁縫機規律的「噠噠」聲，這週我正趕製著幾款經典的托特包。越是簡單的設計，就越考驗基本功。為了確保提袋的耐用度，每一個受力點我都反覆進行了多次的加固車縫。厚磅帆布最迷人的地方，就在於它剛開始或許有些硬挺，但隨著你每天的拉扯、摩擦，它會逐漸軟化，順著你的使用習慣改變形狀。這是一種緩慢而深刻的陪伴。我希望我的作品不是用過一季就丟棄的快時尚，而是能陪你走過許多街頭巷尾的好夥伴。期待在市集相遇時，你能親自感受這份沉甸甸的紮實心意。,011P2,Public,Published
P000023,花開手縫,【工坊隨筆】指尖上的春日 ｜ 一針一線繡出法式浪漫,今天的陽光特別溫柔，正適合坐在窗邊進行細緻的英式刺繡。我的膝上攤著一塊正準備做成化妝包的亞麻布，繡花針穿梭其間，一針一線，彷彿帶著某種安靜的節奏感。我特別偏愛法式碎花與刺繡的結合，每一次看著平面的布料上漸漸綻放出立體的小花，那種滿溢的少女心與成就感，總是讓我深陷其中。「花開手縫」想傳遞的，就是這份充滿手作溫度的浪漫。在這段籌備市集的日子裡，我將滿滿的喜悅縫進了每一個髮帶與抱枕中，希望能為你的居家生活，點綴一抹如春季花開般的甜蜜時光。,012P1,Public,Published
P000024,花開手縫,【工坊隨筆】碎花布的狂想 ｜ 點亮平凡日常的鄉村風情,走進我的工作室，你大概會以為誤闖了某個南法小鎮的布莊。這裡堆滿了我從各地蒐集來的法式碎花布料，每一塊都承載著不同的浪漫狂想。這幾天，我正忙著將這些布料搭配組合，製作一系列充滿鄉村風的居家布小物。我覺得生活有時太過按部就班，正需要這些柔軟、精緻的物件來療癒自己。無論是清晨洗漱時戴上的碎花髮帶，還是下班後窩在沙發上抱著的刺繡抱枕，我都希望它們能成為你平凡日常裡的一點光亮。期待帶著這些充滿春天氣息的作品來到日作市集，與每個心中依然保有浪漫的女孩相遇。,012P2,Public,Published
P000025,藍染布跡,藍色與時間的實驗，古法大菁的純粹發酵,在講求效率的現代，我們選擇將腳步慢下來，把時間交還給大自然。藍染布跡是一場沒有捷徑的實驗，我們堅持使用天然的大菁作物，遵循古法，讓植物在缸中緩慢發酵。那抹深邃迷人的藍，無法靠化學染劑一秒速成，而是需要職人雙手反覆地浸染、氧化、再浸染。過程中的每一次等待，都是為了讓色彩更扎實地咬合在纖維裡。這是一場與時間的溫柔拉鋸，我們不追求大量製造，只在乎每一寸布料，是否都真切地吸飽了大地的精華。,013P1,Public,Published
P000026,藍染布跡,陽光與水溫的印記，每一塊布料都有自己的靈魂,如果你渴望擁有一件絕對標準化的商品，那藍染布跡或許會讓你意外。因為在這裡，大自然才是真正的設計師。無論是一條輕柔的圍巾，還是掛在窗邊隨風飄動的家居布簾，它們的色澤深淺與獨特紋路，都取決於染布那一天的陽光烈度與水溫高低。天氣的陰晴圓缺，全都被誠實地記錄在布面之上。每一次的拆線與展開，都是一次無法複製的驚喜，這些充滿層次感的藍，帶著自然的吐息與溫度，讓每一件作品都擁有了無法被取代的靈魂。,013P2,Follower,Published
P000027,裁縫詩人,用針線寫下的現代詩，獻給生活愛好者的情書,文字不一定要安靜地躺在書本裡，它可以隨著你的腳步，走進廚房、走進街巷。「裁縫詩人」相信，布料是最好的紙張，而針線則是我們最溫柔的筆觸。我們將文學的意象揉合進日常布藝之中，或許是在一件亞麻圍裙的口袋邊緣，悄悄刺上一句雋永的短詩；又或者是在束口袋的角落，藏著一段引人遐想的字句。這些細微的設計，就像是在平凡日子裡埋下的浪漫伏筆。這裡的每一件創作，都是我們為熱愛生活的你，量身訂做的日常情書。,014P1,Public,Published
P000028,裁縫詩人,異材質的浪漫拼貼，布料上的抽象意境與造夢,如果說裁縫是一場造夢的過程，那我們最喜歡的，就是在夢境裡玩一場不受拘束的實驗。「裁縫詩人」打破了材質的既有界線，我們熱衷於將截然不同的元素碰撞在一起。粗獷的麻布可以與細緻的蕾絲溫柔對話，而滑順的綢緞也能與質樸的棉麻完美交融。透過這些異材質的解構與拼貼，我們在布面上創造出如畫作般的抽象意境。每一件作品都不僅僅是實用的物件，更是一個充滿故事性與視覺張力的微型藝術品，等待著與你的品味產生共鳴。,014P2,Public,Published
P000029,樸布物語,極簡的禪意，會呼吸的無染棉麻,這幾天工作室的桌上，只剩下最純粹的色彩。我正專注於處理一批新送來的有機棉麻布料，沒有經過任何漂染，它們保留了植物最原始的微黃色澤與天然光澤。在「樸布物語」，我們深信最好的設計就是「消失的設計」。<br><br>在打版與剪裁這批手作服飾時，我刻意捨棄了所有不必要的裝飾與複雜的抓皺，只留下大方俐落的線條。當你穿上這些衣物，會發現布料本身的透氣感與溫潤觸感成為了真正的主角。期待在日作市集裡，與崇尚斷捨離的你相遇，讓我們一起透過這些褪去繁複的織品，感受回歸原始、最舒適自在的穿著體驗。,015P1,Public,Published
P000030,樸布物語,褪去繁飾的寧靜，回歸純淨的居家生活,生活越是喧囂，我們越渴望一個純淨的避風港。除了服飾，最近我也著手製作了幾款極簡的家居用品。一塊素淨的棉麻桌布，或是一席透光的窗紗，都能瞬間改變空間的氛圍。<br><br>「樸布物語」追求的禪意美學，不僅體現在穿著，更是一種生活態度的延伸。在縫製這些家居用品時，我享受著布料在指尖滑過的質樸手感。沒有奪目的印花，只有經緯線交織出的細膩紋理。當我把這些作品佈置在日作市集的攤位上時，總能感受到一股安定的力量。如果你也嚮往簡單、純粹的生活空間，不妨帶走一件純淨的棉麻小物，讓居家時光回歸最單純的狀態。,015P2,Public,Published
P000031,暖絨小鎮,守護夢境的誕生，那抹最治癒的微笑,「每一隻小偶，都是為了守護夢境而生。」這是「暖絨小鎮」不變的初衷。今天的工作檯上，散落著柔軟的親膚有機棉。不同於工廠冰冷的標準化產線，我堅持用雙手慢慢縫製出小偶溫柔的曲線。<br><br>最花時間的步驟，往往是臉部表情的微調。有時眼角稍微垂一點，或是嘴角的弧度多拉零點一公分，散發出的感覺就截然不同。經過無數次的嘗試與修改，終於繡出了那抹最能安撫人心的治癒微笑。在日作市集裡，這些剛誕生的小偶正靜靜等待著。我期盼它們能順利去到孩子們的身邊，成為他們安穩入睡時，最溫暖安心的守護者。,016P1,Follower,Published
P000032,暖絨小鎮,最溫柔的傾聽者，找回大人遺落的童心,安撫偶真的只是嬰幼兒的專利嗎？在製作「暖絨小鎮」的作品時，我常常思考這個問題。很多時候，大人也需要一個柔軟的擁抱。這週我特別挑選了觸感極佳的有機棉，縫製了幾隻體型稍大一些的陪伴偶。<br><br>它們沒有複雜的機關，只有柔軟的身軀和安靜傾聽的姿態。當你把它抱在懷裡，那份純粹的柔軟彷彿能接住所有疲憊。在日作市集擺攤的經驗告訴我，那些駐足在攤位前、眼神閃爍著光芒的，往往是渴望純粹的大人們。希望這些充滿手作溫度的小偶，不僅是孩子童年最忠實的聽眾，也能陪著每個大人，找回心裡那份遺落已久的童心。,016P2,Public,Published
P000033,怪奇布獸,擁抱不完美的靈魂，醜萌美學的搞怪逆襲,在這個總是要求精緻與無瑕的世界裡，「怪奇布獸」決定反其道而行，為那些奇奇怪怪的想法發聲。誰說布偶一定要有著圓滾滾的大眼睛和標準的微笑？我們更偏愛那些有點歪斜的嘴角、不對稱的耳朵，以及難以定義的「醜萌」姿態。每一隻從這裡誕生的怪獸，都有自己專屬的名字和讓人哭笑不得的壞習慣。它們的存在就像是一個溫柔的提醒：你不必完美才能被愛。接納自己的古怪與獨特，你會發現，那些不符合標準的模樣，往往才是最迷人、最能與靈魂產生共鳴的真實印記。,017P1,Public,Published
P000034,怪奇布獸,色彩斑斕的異材質拼貼，專屬你的古怪布藝夥伴,在「怪奇布獸」的工作室裡，沒有一成不變的版型，只有充滿未知的材質實驗。我們熱衷於將觸感截然不同的布料碰撞在一起，可能是毛茸茸的短絨搭配著滑順的燈芯絨，再點綴上色彩斑斕的誇張五官。透過這些看似衝突卻又意外和諧的異材質拼接，每一隻怪獸都被賦予了無法複製的生命力。在這裡，你絕對找不到兩隻一模一樣的作品。我們相信，總有一個特別的靈魂，正在尋找那個頻率相同、既搞怪又溫暖的布藝夥伴，陪著你一起在平凡的日常裡調皮搗蛋。,017P2,Follower,Published
P000035,森林童話,布料上的自然捏塑，還原森林動物的細膩神韻,「森林童話」的創作過程，與其說是裁縫，不如說是一場柔軟的雕塑。出於對大自然的深厚迷戀，我們將布料視為黏土，透過精密的剪裁與縫製，致力於捕捉小動物們最真實的姿態。從兔子微微豎起的靈動長耳，到松鼠蓬鬆柔軟、讓人忍不住想觸摸的巨大尾巴，每一個細節都經過反覆推敲，力求在視覺與觸覺上達到極致的擬真。我們希望這些作品不只是一個個布偶，而是能將山林裡那份充滿生機的呼吸感，以最溫柔的方式，安放在你的手心之中。,018P1,Public,Published
P000036,森林童話,刺繡花草的繪本魔法，將山林平靜帶入居家日常,如果森林裡的動物們走進了人類的家，那會是怎樣的畫面？在「森林童話」裡，我們用一針一線，為這個想像加上了最浪漫的濾鏡。為了讓動物布偶們更具故事性，我們喜歡在作品的細微處，手工刺繡上精緻的花草元素。也許是狐狸頸間的一圈野雛菊，或是小鹿背上悄悄綻放的蕨類植物。這些細膩的刺繡點綴，彷彿施展了繪本裡的魔法，讓每一隻布偶都像是從童話書頁裡躍然而出。把它們擺在沙發上或床頭邊，就能輕易地將山林間的純粹與平靜，引入你的居家生活。,018P2,Public,Published
P000037,抱抱時光,被包圍的安全感，疲憊夜晚的情緒出口,「生活太累時，就給自己一個擁抱吧。」這句話一直貼在我的工作室牆上，也是「抱抱時光」誕生的理由。這幾天，我正忙著為即將到來的日作市集準備新一批的大尺寸舒壓抱枕。<br><br>這次特別挑選了極致柔軟的彈性布料，搭配高密度的減壓棉心，製作了幾款長條形的雲朵偶。當你整個人陷進去時，那種能精準貼合身形的包覆感，就像是被一團溫柔的雲朵穩穩接住了一樣。我們賣的不只是一隻巨大的娃娃，而是一份能在深夜裡提供支撐的實體陪伴。希望這份專屬的柔軟，能成為你卸下整天疲憊後，最安心放鬆的情緒出口。,019P1,Public,Published
P000038,抱抱時光,揉捏圓滾滾的胖貓，釋放生活中的沉重壓力,今天工作室的角落，堆滿了剛成型的圓滾滾胖貓抱枕。有時候，壓力的釋放需要一點最直接的物理接觸。這款胖貓抱枕的設計初衷，就是為了讓人能盡情擁抱與揉捏。<br><br>高彈性的親膚布料讓它無論怎麼擠壓，都能給予最紮實的回饋。每一次的用力擁抱，都像是在把生活裡的繁雜與沉重慢慢擠壓出去，換回滿滿的安全感。期待帶著這群胖貓來到日作市集，如果你最近也覺得有些喘不過氣，歡迎來攤位上給自己一個大大的擁抱，讓這份毫無保留的柔軟為你重新充電。,019P2,Public,Published
P000039,針織好朋友,毛線與布料的相遇，編織北歐風的恬靜角落,當毛線的柔韌遇上布料的厚實，總能碰撞出迷人的火花。這週我正為「針織好朋友」的布偶們挑選新的配色，我特別偏愛那些溫潤且耐看的北歐大地色系。<br><br>有別於一般的布偶，我喜歡將鉤針編織的技術應用在作品的細節上。布料的平整與毛線的立體交織在一起，讓每一個手作偶都充滿了豐富的層次感。在日作市集的展示桌上，我總喜歡將它們錯落有致地擺放著，彷彿自成一個靜謐的小世界。希望這些帶著恬靜手作溫度的布偶，能跟著你回家，成為書架上或床頭邊最精緻的一抹點綴。,020P1,Public,Published
P000040,針織好朋友,指尖上的細緻魔法，戴著毛帽的專屬陪伴,製作一個布偶，最讓我享受的過程就是最後的「穿搭」時間。今天我正用鉤針為幾隻新完成的布偶，細細編織著迷你毛帽和圍巾，甚至為它們加上了可以活動的關節，讓它們能擺出各種生動的姿態。<br><br>這種將鉤織技術結合布偶的做法雖然十分耗時，卻能賦予每個作品獨一無二的靈魂。每一頂小帽子、每一條小圍巾的紋理，都藏著我對細節的堅持。下次逛日作市集時，不妨停下腳步仔細看看這些小傢伙身上的編織巧思，挑選一個與你最投緣的針織好朋友吧。,020P2,Public,Draft
P000041,皮墨原創,時間的專屬印記，與植鞣皮革共寫陳年故事,在所有的材質中，皮革是最懂得記憶的。它不完美，卻無比真實。「皮墨原創」深信，當你雙手觸碰頂級植鞣革的那一刻起，一段專屬於你的故事就已經開始動筆。我們刻意不使用厚重的化學漆料去掩蓋皮革原有的紋理，因為那些天然的生長痕跡與微小褶皺，都是大自然賦予的獨特印記。隨著你日復一日的陪伴，你的體溫、汗水，甚至是某次不經意的摩擦，都會慢慢滲透進皮革的毛細孔中，讓原本樸實的皮面，隨著時間幻化出獨一無二、無可取代的溫潤光澤。這是一份邀請，邀請你與你的皮件一起經歷歲月，慢慢變老。,021P1,Follower,Published
P000042,皮墨原創,尊重大自然的刻痕，純手工縫製的傳承之作,速成，從來就不在「皮墨原創」的字典裡。我們追求的，是能抵抗時間洪流的堅韌。每一件從我們手中誕生的皮夾與包袋，都經歷了漫長且專注的純手工製作。職人手持雙針，穿透厚實的植鞣革，將強韌的縫線一寸一寸拉緊，確保結構的絕對穩固；邊緣的每一次反覆打磨，都是為了讓皮革的斷面呈現出如玻璃般滑順的觸感。我們對工序的近乎苛求，是為了確保每一件作品不僅擁有純粹的美感，更具備能長久使用的耐用度。這不只是一個包包，而是一件經得起時間考驗、甚至能傳承給下一代的雋永之作。,021P2,Follower,Published
P000043,匠心革作,粗手縫線的狂野張力，厚實皮革的硬派生命力,如果你厭倦了過度修飾的精緻，那麼「匠心革作」會是你靈魂的歸屬。當皮革被用力拉扯、被錐子穿透、被粗線緊緊縫合時，空氣中瀰漫的那股原始氣息，正是我們創作的燃料。我們偏愛不加掩飾的粗獷風格，刻意保留了皮革最原始的厚實感與重量感。透過極具存在感的顯眼粗手縫線，我們大膽勾勒出皮具的結構張力。無論是專業的職人皮具組，還是充滿重機風格的狂野配袋，每一件作品都散發著不妥協的硬派生命力，為那些不甘平凡的靈魂，提供最對味的狂放武裝。,022P1,Public,Published
P000044,匠心革作,嗅見皮革的原始氣息，獻給冒險者的極致堅固,真正的美，來自於千錘百鍊後的實用。「匠心革作」的作品從不是為了被小心翼翼地供奉在櫥窗裡，而是為了陪你一起風吹日曬、跨越泥濘。身為創作者，我們將對生活的熱情與對極致堅固的追求，毫無保留地傾注在每一塊皮革之中。我們捨棄了繁複脆弱的裝飾，回歸皮具最純粹的功能性，確保每一處縫線、每一個五金，都能經受住時間與惡劣環境的嚴苛考驗。這是一份獻給熱愛冒險、熱愛生活的你的厚重禮物，帶上它，勇敢地去開拓屬於你的荒野吧。,022P2,Public,Published
P000045,輕奢皮飾,纖細皮雕與精緻五金的交錯，掌心裡的優雅珠寶盒,這幾天工作室裡瀰漫著淡淡的皮革香氣。說到皮件，許多人腦海中浮現的可能是粗獷與硬挺，但在「輕奢皮飾」，我想展現的是皮革截然不同的優雅面貌。<br><br>工作檯上，我正小心翼翼地處理著一塊色澤粉嫩的頂級羔羊皮。透過極其纖細的皮雕工藝，我在柔軟的皮面上刻劃出細緻的紋理，再點綴上閃耀著微光的精緻五金零件。當一個如小巧珠寶盒般的零錢包在手中成形時，那份輕巧與時尚感令人深深著迷。在日作市集裡，我期待這些帶著溫柔氣息的作品，能打破大家對皮藝的刻板印象，為都會女性的日常增添一抹迷人的自信風采。,023P1,Public,Published
P000046,輕奢皮飾,柔軟如綢緞的皮革姿態，點綴日常的低調奢華,皮革，難道不能像絲綢一樣柔軟服貼嗎？這是我在構思最新系列「皮革首飾」時，不斷問自己的問題。<br><br>為了讓皮件能完美融入女性的細緻穿搭，我捨棄了厚重的皮料，挑選了質地最為細膩的皮革，經過反覆的處理，讓它呈現出宛如綢緞般的柔軟姿態。將這些輕盈的皮料化作手環與頸飾，戴在身上幾乎感受不到負擔，卻能在舉手投足間，散發出一種精緻而低調的奢華感。當妳來到日作市集，不妨親自觸摸看看這些獨特的皮革配件，感受那份專為妳打造的優雅與從容。,023P2,Public,Published
P000047,復古皮革室,獨特擦色染上歲月痕跡，復刻經典的老派相機包,推開「復古皮革室」的門，彷彿瞬間回到了上個世紀的老師傅工作間。這週的創作核心，是一只復刻經典的老派相機包。<br><br>我一直對懷舊美學有著深深的癡迷。為了重現那種經歷歲月洗禮的迷人韻味，我使用了特殊的擦色工法。這是一個極度考驗耐心與手感的過程，一層一層地手工上色、推勻，讓原本嶄新的牛皮表面，漸漸染上如同古董般深淺不一的時光痕跡。我相信經典永遠不會過時，帶著這只充滿故事感的相機包來到日作市集，希望能遇見同樣懂得欣賞這份歲月之美的知音。,024P1,Public,Published
P000048,復古皮革室,致敬過往的懷舊美學，老派靈魂的專屬手工皮鞋,在追求效率的年代，我反而更懷念過去那種慢工出細活的浪漫。工作檯旁，擺放著幾雙剛完成初步縫製的手工皮底鞋與經典公事包。<br><br>每一雙皮底鞋的誕生，都需要經過繁複的敲打與縫線，這不僅是對傳統工藝的堅持，更是對過往美好時光的致敬。我們刻意讓嶄新的皮件透出一股沉穩的復古氣息，讓作品隨著使用者的習慣，越穿越有屬於自己的歲月味道。在日作市集的攤位上，如果你也是個靈魂裡住著老派紳士或復古少女的人，歡迎來這裡，與我們一起感受這份跨越時空的獨特品味。,024P2,Public,Published
P000049,柔皮日常,褪去繁重的都市武裝，輕薄簡的皮革哲學,在擁擠的捷運車廂裡、在匆忙轉換會議的步伐中，都市通勤族每天都承載著太多的重量。「柔皮日常」的誕生，正是為了一場溫柔的減負行動。我們深知生活已經足夠繁瑣，因此在配件的選擇上，更應該追求「輕、薄、簡」。透過設計師的巧妙構思，我們專為通勤族開發了超輕量的皮夾與手機袋。讓皮革不再是沉重的負擔，而是以最輕盈的姿態融入你的每一天。當你卸下多餘的行囊，只帶上最純粹的必需品出門時，你會發現，即使在快節奏的都市叢林裡，你依然能保有那份從容與優雅俐落。,025P1,Public,Published
P000050,柔皮日常,捨棄贅飾的極簡裁切，韌性與輕盈的優雅平衡,打破皮革給人厚重、硬挺的傳統印象，「柔皮日常」在材質的挑選上展開了一場苛求的尋覓。我們嚴選質地極度輕盈，卻同時具備十足韌性的頂級皮料，確保每一個包袋在減輕重量的同時，依然堅固耐用。在設計語彙上，我們奉行減法美學，捨棄了所有不必要的五金與繁複的裝飾，僅以極簡的裁切線條來勾勒出包袋的立體感。這是一種強調絕對生活機能感的設計思維，沒有一絲贅飾，只有最純粹的實用與美感，讓皮革以最毫無負擔的形式，成為你品味生活的一部分。,025P2,Follower,Published
P000051,泡沫浮雲,雲朵般綿密的溫柔包覆，一場與自己的深度對話,當結束了一整天的疲憊，踏入浴室的那一刻，才是真正屬於自己的時間。「泡沫浮雲」始終相信，沐浴不該只是匆忙的例行公事，而是一場洗淨身心的療癒儀式。只要輕輕搓揉，純淨的皂體便能化作如雲朵般綿密細緻的泡沫，溫柔地包覆每一寸肌膚。搭配我們精心調配的獨特精油香氣，讓浴室瞬間充滿自然的芬芳。在水流與香氣的交織中，洗去的去不僅是身上的塵垢，更是積壓已久的壓力與煩躁。在這段與自己深度對話的時光裡，找回內心最平靜的角落。,026P1,Follower,Published
P000052,泡沫浮雲,封存植物油的天然精華，冷製工法喚醒肌膚呼吸感,在充滿化學添加物的時代，我們選擇將清潔還原到最純粹的模樣。「泡沫浮雲」堅持採用耗時費工的冷製工法，因為唯有在低溫的環境下慢慢熟成，才能完整保留天然植物油中珍貴的甘油精華。我們堅決不添加任何人工合成界面活性劑，配方裡只有純淨的水、優質的油脂與天然草本礦泥。這份對成分的固執，是為了讓每一塊手工皂都能給予肌膚最無負擔的呵護。告別洗後的乾澀與緊繃，讓大自然的精華喚醒肌膚最原始的呼吸感，重拾健康透亮的純粹之美。,026P2,Public,Published
P000053,鹽之呼吸,揉入海洋與深山的氣息，心靈淨化的療癒儀式,工作桌上，今天堆滿了來自喜馬拉雅山的粉紅岩鹽，以及純淨的沖繩海鹽。在「鹽之呼吸」的工作室裡，我們總是在尋找最純粹的舒壓解答。<br><br>這幾天，我正專注於調配新一季的浴鹽配方。將兩種富含礦物質的鹽礦混合，這不僅是為了去角質的修護，更是為了一場心靈的淨化儀式。看著粗獷的鹽粒在缽中互相摩擦，我小心翼翼地滴入精心挑選的植萃精油。當精油的香氣與鹽礦結合，彷彿能瞬間把人帶到寧靜的海邊或深山中。在日作市集的攤位上，我總是期待著將這些蘊含大地能量的浴鹽交到你的手中，讓天然的鹽分，溫柔地帶走你一整天的疲憊與負擔，煥發出嶄新的純淨能量。,027P1,Public,Published
P000054,鹽之呼吸,五彩繽紛的沐浴湖泊，色彩與芳香的雙重擁抱,你有想過，家裡的浴缸也能化作一座夢幻的療癒湖泊嗎？為了迎接即將到來的日作市集，我正在進行一場結合色彩與芳香療法的實驗。<br><br>我將乾燥的玫瑰花瓣、薰衣草與金盞花，輕輕揉入晶瑩的鹽礦中。每一罐浴鹽，都像是一個微縮的彩色世界。當你在一天的忙碌後，將這些繽紛的浴鹽灑入溫熱的洗澡水中，看著花瓣在水面上緩緩舒展，精油的香氣隨著蒸氣氤氳而上，那是一種無與倫比的視覺與嗅覺饗宴。這不單單只是洗浴，而是給自己的一段專屬放鬆時光。希望透過這些充滿儀式感的浴鹽，讓你在每個夜晚，都能獲得最深層的釋放與修護。,027P2,Public,Published
P000055,草本萃室,大自然的專屬處方，提煉植萃的純粹能量,我始終深信，大自然就是這世上最好的藥劑師。今天一大早，我就待在「草本萃室」的工作室裡，忙著處理剛採收下來的植物。<br><br>針對現代人不同的體質與肌膚狀況，我堅持親自萃取每一滴植物精華。這週的重點是舒緩乾燥的艾草，以及能平衡油脂的茶樹。熬煮、過濾、調配，每一個步驟都需要無比的耐心。看著清澈的草本萃取液逐漸成形，那股天然的草本香氣瞬間充滿了整個空間。來到日作市集，你會發現我們沒有華麗的化學香精，只有最真實的植物氣息。我希望將這些大自然的專屬處方，裝進每一瓶洗髮露與沐浴乳中，為你的肌膚帶來最溫和且精準的呵護。,028P1,Public,Published
P000056,草本萃室,浴室裡的森林浴，洗滌塵囂的感官饗宴,如果不能每天走進山林，那就把整座森林搬進浴室裡吧！這是我在創立「草本萃室」時，最想實現的願望。<br><br>這幾天，我正在微調沐浴乳的香氛層次，試圖完美復刻那種「森林浴」的體感。當溫水沖刷過身體，沐浴乳搓揉出細緻泡沫的瞬間，我希望你閉上眼，就能感受到山林間特有的微涼輕風與濕潤泥土的氣息。這不僅僅是洗去一天的汗水與污垢，更是一場與大地重新連結的感官饗宴。期待你在日作市集帶走這些源自大自然的禮物，讓每日平凡的清潔工作，昇華為洗滌都市塵囂、重新找回內心平靜的療癒時刻。,028P2,Public,Published
P000057,沐浴光影,凝結光影的剔透藝術，浴室裡的璀璨寶石皂,誰說日常的清潔用品，不能是一件值得收藏的藝術品？「沐浴光影」打破了肥皂的既定印象，將獨特的半透明工藝與細緻的渲染技術結合，孕育出一顆顆宛如剛出土礦石般的「寶石皂」。當浴室裡的燈光灑落，晶瑩剔透的皂體會折射出迷人且深邃的光影變化，每一縷色彩的流動都充滿了生命力。將它靜靜安放在皂盤上，不僅點亮了原本單調的衛浴空間，更是為你的居家生活注入了一抹極具視覺張力的色彩美學。,029P1,Public,Published
P000058,沐浴光影,指尖上的流動色彩，滑順膚感與視覺的雙重饗宴,在「沐浴光影」，每一塊肥皂的誕生，都是一場色彩與溫度的精密計算。我們將職人對美的執著，揉合進每一次的攪拌與渲染之中，確保每一件作品都擁有獨一無二的紋理。當溫水拂過寶石皂的表面，那份宛如藝術品般的稜角會逐漸變得圓潤，帶來極致滑順的洗浴觸感。在享受溫和清潔的同時，看著掌心裡的光影與泡沫交織，沐浴不再只是匆忙的清潔，而是一場讓身心靈同時沉浸在色彩流動中的極致感官饗宴。,029P2,Follower,Published
P000059,純淨之源,告別敏弱的減法藝術，無香料的科學溫和守護,因為曾經深深體會過肌膚過敏的脆弱與無助，「純淨之源」的主理人決定親手打造一個真正讓人安心的避風港。我們深信，對於受損、敏弱的肌膚而言，護理不該是層層堆疊的負擔，而是一門「減法藝術」。我們屏除了所有多餘的化學添加物、色素與香料，以最嚴謹的科學配方為基礎，專注於修護與強健肌膚的天然屏障。每一次的塗抹與洗淨，都是一次毫無保留的溫柔托底，讓疲憊敏弱的肌膚，終於能大口呼吸，找回原有的健康與平靜。,030P1,Public,Published
P000060,純淨之源,如水般清澈的安心，專屬母嬰的極簡沐浴油,初生嬰兒的肌膚，以及孕育生命中的母親，值得這世上最純粹的溫柔對待。「純淨之源」專為母嬰與極度敏感肌群，研發出質地輕盈、如水般清澈的潤膚沐浴油。我們精準控制每一滴成分的比例，確保它能在溫和帶走髒汙的同時，為肌膚留下一層透氣的保濕水膜。這裡沒有刺鼻的人工香精，也沒有複雜的起泡劑，只有最純粹的潤澤與關懷。希望這份無負擔的安心照護，能陪伴每一個家庭，度過每一段柔軟又珍貴的沐浴時光。,030P2,Public,Draft
P000061,居所微光,居家的靈魂調光師，玻璃與陶瓷交織的夢幻暗影,光影，是居家靈魂的調光師。這幾天在工作室裡，我正專注於處理一批新的玻璃與陶瓷媒材。在「居所微光」，我們不追求明亮刺眼的照明，而是渴望捕捉那種柔和、能讓心安定的光暈。透過細膩的玻璃噴砂工藝，以及對陶瓷透光度的反覆測試，我小心翼翼地控制著光線的走向。當夜幕低垂，點亮這盞手工小夜燈，獨一無二的紋路會在牆上投射出夢幻的暗影。期待帶著這些微光來到日作市集，為你的房間帶入一抹寧靜，讓家真正成為一個能容納所有疲憊的避風港。,031P1,Follower,Published
P000062,居所微光,點亮安定的角落，容納日常疲憊的溫暖避風港,有時候，結束了一整天的忙碌，我們需要的只是一個安靜的角落，和一盞溫柔的燈。今天我正在製作幾款造型簡約的手工燭台。看著燭火在特製的透光罩裡搖曳，那種溫暖的微光彷彿具有某種魔力，能瞬間撫平內心的焦躁。這就是「居所微光」想傳遞的溫度。我們希望家不只是一個物理上的居住空間，更是心靈的歸屬。在籌備日作市集的過程中，我將這份心意傾注於每一件作品中。選一盞與你投緣的小夜燈或燭台吧，讓它在每個黑夜裡靜靜陪伴你，為你的日常點亮一盞不滅的溫暖。,031P2,Public,Published
P000063,木石共生,冰冷水泥與溫潤原木，碰撞出驚人的工業風和諧,「硬冷的水泥與溫潤的木頭，能碰撞出驚人的和諧。」這是我最著迷的物理現象。這週的工作室裡充滿了泥作與木屑的氣味，我正專注於調配水泥的比例，等待它乾燥成型後，再精準地嵌入打磨光滑的原木配件。這兩種看似衝突的材質，在極簡的線條下達到了完美的平衡，呈現出極具現代感的工業風美學。無論是桌上的名片夾還是窗台邊的小盆器，我都期待能在日作市集上，與懂得欣賞這份獨特對比的你分享，感受材質碰撞帶來的純粹視覺享受。,032P1,Public,Published
P000064,木石共生,簡約而不簡單的力量，無聲提升空間格調的極簡美學,在居家裝飾中，有時候體積越小的物件，越能展現出居住者不凡的品味。這幾天，我正在為擴香座進行最後的細部修整。「木石共生」的設計始終圍繞著極簡風格，我們相信簡約的力量勝過千言萬語。拿掉多餘的裝飾，只留下水泥的沉穩與木質的溫度，透過對兩種材質比例的精確掌控，讓這件小物件本身就成為一件藝術品。當你將它擺放在家中的任何一個角落，它都能在無聲中提升整個空間的格調。期待帶著這些充滿現代美學的作品來到日作市集，為你的質感生活提供最純粹的點綴。,032P2,Public,Published
P000065,彩織掛毯,告別冰冷的粉漆牆面，用五彩棉線編織立體溫度,家中的那面大白牆，是否總讓你覺得少了一點什麼？「彩織掛毯」相信，空間的靈魂來自於材質的溫度。不同於冰冷平滑的粉漆牆面，我們專精於 Macram? 法式編織，透過編織師的雙手，將五顏六色的柔軟棉線交織出立體的紋理與圖騰。每一道繩結的起伏，都在為牆面賦予全新的生命力。當一幅充滿手感溫度的編織掛布懸掛於客廳或床頭，它不僅柔和了空間的俐落線條，更為你的日常起居注入了一股讓人想伸手觸摸的溫暖安定感。,033P1,Public,Published
P000066,彩織掛毯,漂流木與天然礦石的交響，編織自由奔放的波希米亞之詩,在「彩織掛毯」的工作室裡，棉線只是我們表達想像的畫筆之一。我們熱愛在大自然中尋寶，將帶著海水記憶的漂流木、輕盈的羽毛，以及充滿大地能量的天然礦石，巧妙地揉合進編織作品中。這些未經雕琢的自然元素，打破了傳統織品的框架，讓每一件掛毯都散發出一股不受拘束、自由奔放的波希米亞氣息。我們希望這些作品不僅是美麗的牆面裝飾，更是能與你靈魂共振的生活藝術品，在你的房間裡，輕輕吟唱著一段溫柔且自由的詩篇。,033P2,Follower,Published
P000067,窗邊日常,捕捉陽光的璀璨魔法，讓奧地利水晶灑下滿室彩虹,光影，是空間裡最迷人的魔術師。「窗邊日常」誕生於對這份自然魔法的熱愛。我們精心挑選切割比例完美的奧地利水晶，手工串製成一面面精緻的「太陽捕手」掛飾與捕夢網。只要將它懸掛在窗邊，當清晨或午後的陽光穿透晶瑩剔透的切面，便會在你的牆面、地板上，瞬間撒下無數道細小而絢爛的彩虹。我們深信這些躍動的光點擁有神奇的療癒魔力，哪怕是一天中最沉悶的時刻，只要看見滿室的彩虹光影，心情也能在瞬間被溫柔地點亮。,034P1,Public,Published
P000068,窗邊日常,凝結四季更迭的光影，將大自然最美的希望留在居所,窗戶，是我們與大自然連結的畫框；而「窗邊日常」，則是替你守護這片風景的陪伴者。隨著時間的推移，陽光的角度與溫度都在不斷變換，我們製作的水晶掛飾，會誠實且美麗地記錄下春夏秋冬的每一次光影更迭。它是一個關於陽光與希望的品牌，即使在陰雨綿綿的日子裡，它依然靜靜地懸掛在窗前，等待下一次撥雲見日的美好。我們希望透過這些捕光藝術品，陪你一起看守窗外的四季流轉，將大自然最美、最充滿希望的那一道光，永遠珍藏在你的居所之中。,034P2,Public,Published
P000069,雜貨角落,慢生活的模樣，從老物件裡尋找歲月的痕跡,這幾天，我的工作室裡堆滿了從各處蒐集來的老舊木料與物件。在「雜貨角落」，我們總是在尋找那些被人遺忘的時光載體。今天我正著手將一個滿是刮痕的舊木框，改造成實用的日系木質層架。在打磨的過程中，我刻意放輕了力道，保留了木材天然的節瘤與那微微斑駁的漆色。這些看似不完美的瑕疵，其實都是歲月留下的獨特印記。我們想推廣的是一種「惜物」的態度，萬物皆有情。期待帶著這些充滿故事的手作擺件來到日作市集，讓它們在你家中的某個安靜角落，繼續訴說著溫暖的時光物語。,035P1,Public,Published
P000070,雜貨角落,刻意保留的不完美，打造專屬的溫馨日系鄉村風,你心中的「慢生活」是什麼模樣？對我來說，或許就是在午後陽光灑落的窗邊，靜靜欣賞著架上的手作小物。這週我正忙著為幾件新完成的木質擺件上蠟。Zakka 風格的迷人之處，就在於那份未經刻意雕琢的自然與質樸。我們不追求工業化生產的絕對平整，反而迷戀那些帶有手感溫度的粗糙邊緣與木紋。這些小物件或許不起眼，卻擁有改變空間氛圍的魔力。當你在日作市集逛到我們的攤位時，不妨停下腳步，挑選一個與你頻率相契合的物件，為自己的居家空間佈置一個充滿日系鄉村溫度的療癒角落。,035P2,Public,Published
P000071,鮮果時節,封存整座果園的精華，不加一滴水的純粹堅持,今天一早，工作室裡就瀰漫著濃郁的酸甜香氣。剛從在地小農那裡載回了一整批當季新鮮採摘的水果，我們正馬不停蹄地進行清洗與熬煮。在「鮮果時節」，製作果醬是一場與時間的溫柔對話。我們堅持純手工工法，不加任何一滴水，完全仰賴水果自身的汁液，並嚴格控管糖分比例。站在爐火前不斷攪拌，為的就是完整保留下那最原始的果酸與飽滿的果粒。當這份濃縮了整座果園精華的果醬在日作市集與你相遇時，希望你能品嚐到我們對純粹的堅持，以及大自然最真實的滋味。,036P1,Follower,Published
P000072,鮮果時節,寫給這片土地的真摯情書，舌尖上的四季更迭,一罐好的果醬，就像是一封寫給這片土地的最真摯情書。這幾天，我們正忙著將剛熬煮好的果醬裝入透明的玻璃瓶中。看著那些晶瑩剔透、飽含果肉的色澤，成就感便油然而生。想像一下在悠閒的早晨，將這份天然的鮮甜抹在烤得微焦的吐司上，或是拌入滑順的優格中，每一口都能感受到充滿生命力的大地氣息。我們將這些封存了季節滋味的玻璃瓶帶到日作市集，期盼能用這份來自在地小農的豐收喜悅，喚醒你的味蕾，讓美好的季節滋味在你的舌尖長久停留。,036P2,Public,Published
P000073,辛香秘境,火焰的層次，一匙辣醬背後的風味旅程,在辛香秘境，我們從不把「辣」當作單一味道。真正迷人的辣，是層層堆疊的風味，是香氣、油脂與辛香在舌尖上逐步展開的旅程。為了找到理想的辣度與香氣，我們走訪不同產地的辣椒，從鮮紅飽滿的朝天椒，到香氣溫潤的乾辣椒，每一種原料都帶著截然不同的個性。<br><br>製作辣醬的過程，比想像中更加講究。我們使用低溫慢炸的方式，讓辣椒、蒜頭與香料在油中慢慢釋放氣味，而不是被高溫瞬間逼出辛辣。這樣的處理讓香氣更加圓潤，入口時不會只有刺激，而是帶著深沉的香味與細緻的回甘。<br><br>當一匙辣醬落在熱騰騰的麵條或白飯上，那一瞬間的香氣，就是我們努力的答案。對辛香秘境而言，辣不是挑戰，而是一場值得細細品味的冒險。,037P1,Public,Published
P000074,辛香秘境,慢火與香氣，我們如何釀出一瓶靈魂辣醬,許多人認為辣醬只要夠辣就好，但在辛香秘境，我們追求的是「香辣並存」的平衡。辣味若只有衝擊，往往轉瞬即逝；唯有香氣與油脂融合，才能讓味道在口中停留，成為記憶中的風味。<br><br>我們製作每一批辣醬時，都遵循一個原則——慢。慢慢地處理原料，慢慢地炸出香味，慢慢地等待辣椒與油脂彼此融合。這樣的過程雖然耗時，但換來的是層次更加豐富的風味。<br><br>例如椒麻油，並不是單純把花椒與辣椒放入油中，而是先讓香料在低溫下釋放氣味，再逐步加入不同辣椒調整辣度。這樣的工法，讓香氣先於辣味出現，舌尖先感受到溫暖的麻香，接著才是柔和卻持久的辛辣。<br><br>或許我們的辣醬不會是市場上最刺激的一款，但它會是讓人一再回味的一款。,037P2,Follower,Published
P000075,晨曦果食,當茶遇見果實，一場清晨的風味實驗,晨曦果食的誕生，其實源自一個簡單的想法：如果茶與水果相遇，會產生什麼樣的味道？茶的清香與果實的甜潤，看似不同的世界，卻在細細調和之後展現出令人驚喜的平衡。<br><br>在研發果醬的過程中，我們發現茶葉的單寧感能夠讓甜味變得更加立體。當伯爵紅茶的佛手柑香氣與蘋果的清甜融合時，整體味道不再只是甜，而是帶著微微茶韻的優雅層次。這種細緻的風味，正是晨曦果食最迷人的地方。<br><br>每天早晨，當你打開一罐果醬，茶香會先輕輕地飄散出來，接著是果實的清甜氣息。那一刻，就像第一道陽光落在窗邊，柔和而溫暖。<br><br>我們相信，一頓早餐不只是填飽肚子，更是一種生活的儀式。,038P1,Public,Published
P000076,晨曦果食,一抹果醬的詩意，把清晨的光裝進瓶子裡,對我而言，清晨總是一天中最安靜、最純粹的時刻。當第一杯茶的香氣在空氣中慢慢散開，整個世界似乎也跟著變得柔和。晨曦果食，就是在這樣的氛圍中誕生的品牌。<br><br>我們嘗試將茶葉的氣息與水果的甜味結合，創造出一種不同於傳統果醬的風味。金宣茶與梨子的搭配，是我特別喜歡的一款。梨子的清甜讓味道變得輕盈，而金宣茶的淡雅香氣則像一層柔軟的霧，讓整體風味更加細緻。<br><br>當這樣的果醬抹在烤得微酥的吐司上，熱氣會讓茶香再次甦醒。那一刻的味道，不只是甜，而是一種溫柔的平衡。<br><br>如果說晨曦果食有什麼願望，那大概就是希望每一個早晨，都能被一點點美好的味道喚醒。,038P2,Public,Published
P000077,醬心厚道,回到食材本身的純粹風味，醬心厚道的堅持,在醬心厚道，我們一直相信一件事：真正好的抹醬，不需要複雜的配方，只需要足夠誠實的原料。當一顆顆飽滿的堅果被慢慢烘焙、研磨，天然的油脂便會逐漸釋放，形成細緻而濃郁的口感。那種自然散發的香氣，是任何人工添加物都無法模仿的。<br><br>我們的花生醬不加鹽、不加糖，也不加入氫化油，而是讓花生本身的甘甜與油脂成為主角。研磨過程中，我們刻意保留些微顆粒，讓每一口都能感受到堅果最真實的質地。這種看似簡單的堅持，其實需要更好的原料與更細心的製作。<br><br>黑巧克力醬也是如此。可可的微苦與堅果的醇厚，在口中形成平衡的層次。它不會過度甜膩，而是帶著成熟而深沉的風味。<br><br>對醬心厚道來說，抹醬不只是早餐的配角，而是一種回歸自然的生活態度。,039P1,Public,Published
P000078,醬心厚道,一匙濃厚的安心營養，醬心厚道的溫厚哲學,許多人在選擇抹醬時，第一個想到的是甜度，但在醬心厚道，我們更在意的是營養與質地。當堅果被細細研磨成醬時，其實同時保留了蛋白質、健康脂肪與天然纖維。這些來自原料本身的養分，才是我們真正想傳遞的價值。<br><br>我們花了很長時間調整研磨的方式與時間，只為了找到最理想的口感。太粗會影響滑順度，太細則會失去堅果的個性。因此，我們選擇保留適度的顆粒感，讓抹醬既濃厚又有層次。<br><br>很多人第一次品嚐我們的黑巧克力堅果醬時，都會露出驚訝的表情。因為它不像一般巧克力抹醬那樣甜膩，而是帶著可可自然的苦香與堅果油脂的滑順，越吃越能感受到深度。<br><br>我們希望，當你在吐司上抹下一層醬心厚道的抹醬時，不只是品嚐到味道，也能感受到那份紮實而溫厚的安心。,039P2,Public,Published
P000079,漬物日常,時間釀出的日常風味，漬物的熟成美學,在許多人的印象中，漬物只是餐桌上的配角，一小碟靜靜地放在角落。但在漬物日常的世界裡，每一份漬物都承載著時間與風味的故事。食材經過鹽漬、發酵與靜置，在慢慢熟成的過程中，產生出截然不同的層次。<br><br>我們嘗試把這樣的傳統技術帶進現代飲食。從清爽的漬果到帶有香氣的橄欖油抹醬，每一款產品都保留了漬物的靈魂，同時也融入更輕盈的風味。酸甜之間的平衡，能夠讓料理變得更加立體。<br><br>很多人第一次嘗試漬果時，會驚訝於那種清爽的口感。水果在發酵後，甜味會變得更加柔和，而酸度則帶來一種開胃的清新。<br><br>我們希望，漬物不只是傳統料理的記憶，而是一種可以融入每天生活的小小儀式。,040P1,Public,Published
P000080,漬物日常,讓配角成為餐桌亮點，漬物日常的風味想像,漬物日常一直在思考一件事情：為什麼漬物總是被當成配角？其實，經過時間熟成的食材，往往擁有最細緻而迷人的味道。當鹽與時間一起作用，食材原本的風味會被慢慢放大，形成更加深沉的層次。<br><br>因此，我們開始嘗試不同的搭配方式。將果實與香料結合，做成帶有微酸甜感的漬果；或是利用橄欖油與發酵蔬菜，創造出香氣濃郁卻不厚重的抹醬。這些風味既熟悉又新鮮，能輕鬆融入現代餐桌。<br><br>有時候，只需要一小匙漬物，就能讓整盤料理變得更有生命力。那種微酸、微鹹又帶著自然甜味的平衡，往往能讓食物更加耐人尋味。<br><br>對漬物日常來說，發酵是一門慢工的藝術，而每一瓶漬物，都是時間留下的味道。,040P2,Public,Draft
P000081,刻印記憶,刀痕與木紋之間，被刻下的故事,每一塊木板在我手中，都像一段尚未被說出的故事。刻印記憶的創作從選木開始，木紋的方向、密度與質地，都會影響刀子落下時的節奏。當雕刻刀慢慢深入木板，細小的木屑被推開，一條條線條逐漸浮現，那是圖像誕生的第一步。<br><br>木刻版畫與數位創作最大的不同，在於它保留了創作的痕跡。刀痕的深淺、轉折的停頓，都會被完整地記錄在版面上。當墨被均勻地滾上木板，再將紙張覆上壓印，那一瞬間的力量會把圖像轉移到紙上，也留下微微隆起的壓痕。<br><br>那種壓印的質感，是手作版畫最迷人的地方。它不是完美的，也不追求機械般的精準，而是帶著溫度與重量。當一幅版畫被掛在牆上時，人們看到的不只是圖像，而是一段被刻進木板裡的時間。,041P1,Follower,Published
P000082,刻印記憶,在木板與紙張之間，留下藝術的重量,創作木刻版畫時，我總會想起那些古老的印刷工藝。那是一種需要耐心的創作方式，每一步都不能急躁。從草圖轉移到木板，再到一刀一刀的雕刻，每一道線條都必須經過反覆思考。<br><br>刻印記憶的作品風格偏向寫實，因為我希望觀者能在畫面中找到某種情緒的張力。木刻版畫的線條不像筆觸那樣柔軟，它帶著一種堅定的力量。當線條密集交錯時，畫面會出現深沉的陰影，而留白的部分則形成呼吸的空間。<br><br>印製過程同樣重要。手工紙的纖維能夠承接墨色，也能留下壓印的紋理。當版畫完成後，那些細小的起伏與墨色層次，會讓畫面多了一種厚度。<br><br>或許這正是木刻版畫迷人的原因，它不只是圖像，而是一種可以被觸摸到的藝術。,041P2,Follower,Published
P000083,拓之美學,把森林的紋理留在布上，拓印自然的瞬間,在山林中行走時，我總會被落葉吸引。那些看似平凡的葉片，其實藏著極為細緻的紋理。拓之美學的創作，正是從這些細微的自然細節開始。<br><br>每一片葉子在拓印之前，都需要仔細觀察。葉脈的分布、葉緣的鋸齒、甚至表面的細小紋路，都會影響最後的拓印效果。我們使用特殊調製的染料，讓植物的紋理能夠完整地轉移到布料或紙張上。<br><br>當布料被輕輕敲拓時，染料會慢慢滲入纖維，葉子的輪廓與脈絡逐漸浮現。那一刻彷彿把自然的形狀固定在時間裡。每一件作品都不同，因為沒有兩片葉子會完全相同。<br><br>對拓之美學而言，拓印不只是技法，更是一種與自然對話的方式。當你看著那一片被拓印下來的葉影，也許會想起某個午後的森林。,042P1,Public,Published
P000084,拓之美學,一片葉子的旅程，從山林走進生活,許多創作的靈感，都來自於自然的偶然。拓之美學的作品常常從一次散步開始。當我在山徑上拾起一片落葉，創作其實已經悄悄開始。<br><br>植物拓印的魅力，在於它忠實地呈現自然的紋理。葉脈像一張細緻的地圖，記錄著植物生長的方向。當這些紋理被拓印到布料或紙上時，會形成一種介於繪畫與攝影之間的畫面。<br><br>與人工圖案不同，植物的形狀總帶著一點不規則的優雅。有時葉子邊緣會留下輕微的破損，有時顏色會出現微妙的深淺變化。這些不完美，反而讓作品更有生命力。<br><br>我們希望透過拓之美學，把自然的一小部分帶進日常生活。當你看見那片葉子的影子，也許會想起某片森林的氣味與風聲。,042P2,Public,Published
P000085,彩墨活字,當金屬活字落在紙上的那一刻,在工作室的早晨，最先響起的不是鍵盤聲，而是金屬活字輕輕碰撞的聲音。每一次挑選字模、排列字句，都是一次慢下來的過程。不同於數位排版的快速與精準，活字印刷需要反覆調整與試印，字距、墨量、壓力，每一個細節都影響著最終呈現。<br><br>彩墨活字一直相信，文字不只是訊息的載體，更是一種可以被觸摸的存在。當鉛字壓入紙張時，留下微微凹陷的痕跡，那是一種只有真正印刷過的人才能理解的質感。這種細微的立體感，讓文字不再只是視覺，而是帶著重量與溫度。<br><br>在這個什麼都可以快速複製的時代，我們反而更著迷於那些不可複製的細節。不同批次的油墨、不同紙張的纖維，每一次印刷都會留下些微差異。也正因如此，每一張卡片、每一本筆記本，都像是一個小小的時間切片，記錄著創作當下的狀態。<br><br>也許活字印刷不再是主流，但正因如此，它才顯得珍貴。當你翻開這些紙張時，希望能感受到的不只是文字，而是那一瞬間被保留下來的聲音與溫度。,043P1,Public,Published
P000086,彩墨活字,慢工排字的日常,排一段文字，往往比寫一段文字還要花時間。<br><br>在彩墨活字的工作桌上，一排排金屬活字靜靜地躺在字盒裡。每一個字都需要被找到、拿起、放入排版框，再一個個拼成句子。這樣的過程，讓文字不再只是輸入，而是需要被「組裝」的存在。<br><br>排字的過程其實很像在解一道小小的謎題。行距要不要再緊一點？這一行是不是該換一個字體？顏色是否可以更大膽一些？當字與字逐漸形成版面時，那種慢慢成形的畫面，總會讓人忍不住停下來多看幾眼。<br><br>彩墨活字嘗試在傳統與現代之間找到平衡。我們保留了老派活字印刷的手作節奏，同時也加入更活潑的配色與設計。鮮明的油墨顏色，讓這些古老的字模重新擁有新的生命。<br><br>對我們來說，印刷不只是生產，而是一種與時間相處的方式。當機器壓下的那一刻，文字被深深刻進紙張裡，也彷彿把創作當下的情緒一起保存了下來。,043P2,Public,Published
P000087,紙上版物,色彩錯位帶來的驚喜,第一次接觸孔版印刷的人，常常會被那種「不完美」的效果吸引。顏色有時會稍微偏移，邊緣可能會出現微小的重疊，但正是這些細微的差異，讓每一張作品都擁有獨特的表情。<br><br>在紙上版物的工作室裡，色彩總是以一種近乎實驗的方式誕生。我們會嘗試不同顏色的疊印，讓螢光橘與深藍相遇，或是讓亮黃色在墨綠色上留下鮮明的對比。當油墨一層層覆蓋在紙上時，新的顏色會慢慢浮現，就像意料之外的驚喜。<br><br>孔版印刷有一種特殊的節奏。每印一層顏色，就需要重新製版與對位。這個過程既重複又充滿變化，因為每一次印刷都可能出現微妙的不同。這種不可完全控制的特性，正是我們最喜歡的地方。<br><br>紙上版物相信，印刷不只是複製，而是一種創作方式。每一張海報、每一本小誌，都像是一次顏色的冒險。當你仔細看那些錯位的邊緣時，也許會發現，那些小小的不完美，其實正是作品最迷人的地方。,044P1,Public,Published
P000088,紙上版物,在油墨與紙張之間的實驗,對紙上版物來說，工作室更像是一間小型的色彩實驗室。<br><br>我們總是會在桌上擺滿各種油墨與紙張樣本，反覆嘗試不同的組合。有時只是一個顏色的改變，就能讓整張作品呈現出完全不同的氣氛。螢光粉紅可能帶來強烈的視覺衝擊，而柔和的藍綠色則讓畫面多了一種安靜的層次。<br><br>孔版印刷的魅力就在於它的不確定性。當印刷機運轉時，油墨會滲入紙張纖維，留下略帶顆粒感的紋理。即使是同一張版，每一次印出的效果都會有細微差別。這種差異，讓每一份作品都像是獨一無二的版本。<br><br>我們一直希望讓版畫不再只是畫廊裡的藝術品，而是可以走進日常生活的設計。一本小誌、一張海報，甚至是一張明信片，都能成為與人分享創意的媒介。<br><br>當你拿起這些印刷品時，希望不只是看到圖像與文字，也能感受到那一層層顏色背後的實驗與熱情。,044P2,Public,Published
P000089,墨跡印記,如髮絲般的線條，版畫裡的靜謐宇宙,在墨跡印記的創作世界裡，一條線並不只是線，而是一段被放慢的時間。石版與銅版畫的魅力，正是在於那種幾乎無法被複製的細緻度。當雕刻針在金屬板上輕輕劃過，每一個細小的紋路都會在印刷時轉化為墨線，形成宛如髮絲般纖細的圖像。<br><br>我一直被古典生物學插畫所吸引。那些來自舊時代百科全書的圖像，不僅精準描繪生物的形態，也帶著某種探索未知的浪漫。因此，墨跡印記的作品常以昆蟲、植物與星象為題材，讓科學與藝術在畫面中交織。<br><br>當油墨被壓印到藝術紙上時，那些細微的線條會呈現出極其豐富的層次。光線在紙面上流動，使畫面在不同角度下展現不同的深度。這些作品並不是快速消費的裝飾，而是一種值得靜下心來細細觀察的藝術。<br><br>在墨跡印記，我希望每一幅版畫都像一頁來自古老圖鑑的記錄，靜靜地保存著知識與想像的邊界。,045P1,Public,Published
P000090,墨跡印記,星象與標本之間，古典版畫的優雅神祕,在許多藝術形式中，版畫總帶著一種特別的氣質。它既嚴謹又詩意，既理性又神祕。墨跡印記的創作靈感，常常來自於古典的自然科學與天文學。那些曾經出現在古書中的插圖，如今依然散發著獨特的魅力。<br><br>銅版畫的製作過程需要極大的耐心。雕刻針在金屬板上刻出細線後，再將油墨推入刻痕中，最後透過壓印機轉移到紙上。這個過程就像一場精密的儀式，每一步都影響著最終的畫面。<br><br>當昆蟲的翅脈、植物的葉序或星座的軌跡被刻入版面時，畫面會出現一種古典而靜謐的秩序感。那是一種接近科學圖鑑的嚴謹，同時也帶著藝術的想像空間。<br><br>墨跡印記希望創作的不只是版畫，而是一件能在歲月中慢慢沉澱價值的收藏。當你凝視畫面時，也許會發現那些細微線條裡，藏著一個安靜而深邃的宇宙。,045P2,Follower,Published
P000091,純銀微光,月光落在銀上，誕生於敲擊之間的飾品,在純銀微光，我總喜歡把銀想像成月光的碎片。當一塊銀材被放在工作桌上，它看起來平靜而沉默，但只要經過一次次敲擊與塑形，銀的表面就會開始出現細微的紋理，像水面被風吹動時泛起的波紋。<br><br>我很少使用大量翻模的方式製作飾品。對我而言，手工鍛造的過程本身就是創作的一部分。每一次敲擊都會改變銀的形狀，每一次拋光也會讓光線在表面產生不同的流動。這些細小的差異，使每一件作品都帶著獨特的生命痕跡。<br><br>當戒指或墜飾完成後，它們的光澤並不會停留在最初的狀態。銀會隨著佩戴者的生活慢慢改變色澤與質感，留下屬於時間的痕跡。<br><br>我希望純銀微光的作品，就像夜晚窗邊的一道月光，安靜、柔和，卻能長久陪伴著佩戴它的人。,046P1,Follower,Published
P000092,純銀微光,風的線條與水的節奏，鍛造銀飾的靈感,許多銀飾的靈感，其實來自自然。當我觀察河水流動的軌跡，或是風掠過草地時留下的線條，腦中常會浮現出飾品的形狀。那些自然界的曲線並不規則，卻有一種令人著迷的平衡。<br><br>在純銀微光的創作中，我會先讓銀材經過鍛打與彎折，慢慢形成基本的輪廓。接著透過焊接與修整，使線條變得流暢。最後的拋光步驟，則像為作品點亮一道柔和的光。<br><br>我特別喜歡銀在不同光線下呈現的變化。白天，它顯得清澈而純粹；夜晚，在燈光下又會帶著淡淡的溫度。這種細膩的光澤，使銀飾既低調又優雅。<br><br>純銀微光希望帶給人的，不只是飾品本身，而是一種陪伴感。當你長久佩戴它時，那些細微的光影變化，也會慢慢成為你生活的一部分。,046P2,Public,Published
P000093,銅研舍,時間在黃銅上留下的顏色,在銅研舍的工作桌上，黃銅片總是帶著一種特別的光澤。剛切割完成的金屬，顏色明亮而溫暖，但我們知道，真正迷人的樣子其實會在時間裡慢慢出現。<br><br>當黃銅經過火烤與敲打，表面會留下細微的紋路與色差。那些深淺不一的古銅色調，就像是金屬的記憶。每一件飾品在製作過程中，都會經歷切割、打磨、加熱與氧化，這些步驟讓原本平滑的金屬逐漸展現出更深邃的層次。<br><br>我們一直很喜歡黃銅這種「會變化」的材質。隨著時間推移，它會慢慢產生氧化，顏色從金黃轉為溫潤的深色。對某些人來說，那也許是不完美；但對我們而言，這正是歲月留下的痕跡。<br><br>銅研舍相信，真正動人的物件，不是永遠保持嶄新，而是能夠陪伴時間一起改變。當飾品在日常佩戴中逐漸產生不同的色澤時，它也慢慢變成只屬於你的樣子。<br><br>那是一種靜靜沉澱的美感，也是黃銅最迷人的地方。,047P1,Public,Published
P000094,銅研舍,在火與金屬之間誕生的飾品,每一件銅研舍的飾品，都從一塊樸素的黃銅開始。<br><br>在設計初期，我們常常先畫出簡單的幾何線條，再將圖案轉化為實際的金屬形狀。切割、鋸開、打磨，這些看似單調的步驟，其實是讓金屬慢慢甦醒的過程。當黃銅在工具下逐漸成形時，飾品的輪廓也一點一滴被建立起來。<br><br>其中最迷人的階段，是火烤與氧化的處理。當火焰輕輕掃過金屬表面時，顏色會從明亮的金色轉為帶有深度的古銅色。那種帶著時間感的色調，讓飾品看起來彷彿已經存在很久。<br><br>我們不追求過度精緻的拋光，而是刻意保留部分手作痕跡。那些細微的不對稱、那些火烤留下的紋理，都讓每件作品有著獨一無二的個性。<br><br>對銅研舍來說，飾品不只是裝飾，而是一種會陪伴歲月的物件。當你長久佩戴它時，黃銅會慢慢留下屬於你的使用痕跡，像是一段與時間共同完成的創作。,047P2,Public,Published
P000095,珠圓玉潤,巴洛克珍珠的不完美之美,第一次看到巴洛克珍珠的人，往往會被它奇特的形狀吸引。它不像傳統珍珠那樣圓潤完美，反而帶著自然形成的曲線與褶皺。正是這些不規則的細節，讓每一顆珍珠都有自己的性格。<br><br>在珠圓玉潤的創作裡，我們特別喜歡這種自然生成的美感。當珍珠被放進設計中時，我們並不試圖掩飾它的形狀，而是讓金屬線條順著珍珠的輪廓延伸。細緻的金屬纏繞與鑲嵌，就像是在為珍珠量身打造一個舞台。<br><br>有些珍珠像微小的雲朵，有些則像水滴或花瓣。當光線落在表面時，珍珠會散發柔和而細膩的光暈，那種溫柔的亮度讓整件飾品看起來格外優雅。<br><br>我們一直相信，自然的形狀本身就是最好的設計。透過金工與寶石的結合，這些珍珠得以重新被看見，也讓佩戴的人感受到一種來自自然的柔和力量。<br><br>那是一種既細膩又堅韌的美，就像珍珠本身一樣。,048P1,Public,Published
P000096,珠圓玉潤,在光暈之中找到優雅,珍珠一直被視為優雅的象徵，但對珠圓玉潤而言，它的魅力遠不只如此。<br><br>當我們挑選珍珠時，最在意的不是大小，而是它的氣質。有些珍珠帶著微微的粉色光澤，有些則呈現柔和的銀白色。不同的光暈在不同角度下會產生細膩變化，像是隱約流動的光。<br><br>在設計過程中，我們常常讓金屬線條保持輕盈。細細的金屬絲環繞著珍珠，就像藤蔓輕輕托住果實。這樣的結構不僅能保護寶石，也讓整體設計更具有文藝復興風格的浪漫氣息。<br><br>我們希望每一件飾品都能呈現自然與優雅之間的平衡。珍珠的光澤不張揚，卻能在不經意間吸引目光。那種柔和的存在感，正是珠圓玉潤最想傳達的感覺。<br><br>當你佩戴這些首飾時，或許會發現，珍珠的光暈並不只是裝飾，而像是一種安靜的力量。它提醒著我們，真正的美感往往來自自然，也來自內心的從容與自信。,048P2,Public,Published
P000097,熔岩金屬,金屬的裂痕與火痕，熔岩般誕生的飾品,在熔岩金屬的創作裡，金屬不再只是被打磨成光滑表面的材料，而是一種能夠展現力量與張力的媒介。我們透過特殊的熔融技術，讓高溫下的金屬自然流動，留下像熔岩凝固後的紋理。那些不規則的坑洞與起伏，並不是瑕疵，而是作品最真實的表情。<br><br>每一次熔融的結果都不同。有時紋理像被撕裂的岩層，有時又像火山流下的岩漿表面。這種不可預測的變化，使每一件飾品都成為唯一的存在。當金屬冷卻凝固，粗獷的質地會保留下來，形成帶有重量感的輪廓。<br><br>我們的設計刻意維持中性的風格，沒有過多的裝飾，只有金屬本身的力量。佩戴時，那種沉穩而堅硬的質感會讓人感受到一種原始的能量。<br><br>在熔岩金屬的世界裡，飾品不是柔軟的點綴，而是一種能夠與個性共鳴的象徵。那些被火塑造出的紋理，就像人生的痕跡，粗糙卻充滿力量。,049P1,Public,Published
P000098,熔岩金屬,在高溫與冷卻之間，金屬的野性誕生,金屬通常被人們視為可以被控制的材料，但在熔岩金屬的創作過程中，我們反而選擇讓它保留一部分「野性」。當金屬被加熱到接近熔點時，它會開始變得柔軟而流動，那一瞬間的形態變化，往往超出設計者的預期。<br><br>我們利用這種不可控的特性，創造出像火山岩般粗獷的表面。熔融的金屬在冷卻時會形成自然的裂紋與紋理，彷彿地殼冷卻後留下的地貌。這些紋理不需要刻意雕刻，它們本身就是最真實的裝飾。<br><br>作品完成後，我們只做最基本的修整與打磨，保留金屬表面的張力與重量感。佩戴者可以感受到那種與一般飾品截然不同的存在感。<br><br>對熔岩金屬而言，飾品並不是為了迎合審美，而是為了展現力量。當你戴上它時，那些火與金屬交會留下的痕跡，也會成為你個性的一部分。,049P2,Follower,Published
P000099,點石成金,原石的姿態，大地留下的微型風景,在點石成金的創作理念中，石頭本身就是最重要的主角。每一顆原石在被發現之前，都經歷了漫長的地質變化。那些不規則的稜角與紋理，都是時間留下的證據。<br><br>因此，我們從不刻意改變石頭的形狀。相反地，我們會仔細觀察原石的輪廓與紋路，再用金絲編織出最適合它的結構。金屬就像是一種輕柔的框架，既能固定石頭，也能襯托出它自然的姿態。<br><br>當原石被嵌入金工結構中時，它看起來像一座微型的山景，或是一塊凝固的礦脈。每一條金線的走向，都像是地形的延伸，使整體作品呈現出獨特的層次。<br><br>佩戴這樣的項鍊，就像把一小段自然帶在身上。在繁忙的城市裡，那顆石頭靜靜地存在著，提醒著人們世界的另一種節奏。,050P1,Public,Published
P000100,點石成金,金絲與礦石之間，守護自然形狀的工藝,很多珠寶設計會先把石頭切割成規則的形狀，但點石成金選擇走另一條路。我們相信，每一顆原石原本的姿態都值得被保留。那些粗糙的邊角與天然紋理，正是它最迷人的地方。<br><br>在設計過程中，我們會先花時間觀察石頭。有些原石像山峰，有些像河流沖刷過的礫石，也有些帶著晶體閃耀的光芒。當找到最合適的角度後，我們再開始以金絲編織出結構。<br><br>這種工藝需要極大的耐心。金線必須一圈圈繞過石頭，再透過焊接固定，既要牢固又不能掩蓋石頭本身的美。完成後的作品，像是一幅小型的自然景觀，被精細的金工包覆。<br><br>點石成金希望讓人們重新看見自然的力量。當你佩戴這樣的作品時，那顆來自地底深處的原石，也會靜靜地陪伴著你的日常。,050P2,Public,Draft
P000101,植物肌密,讓肌膚回到最簡單的節奏,在忙碌的生活裡，我們常常為肌膚準備了太多東西。瓶瓶罐罐的保養品堆滿梳妝台，但肌膚真正需要的，或許只是簡單而純粹的滋養。<br><br>植物肌密的創作理念，來自於對自然的信任。我們相信，植物在大地中生長，吸收陽光、雨水與土壤的養分，本身就蘊含著豐富而溫和的能量。透過冷壓萃取的方式，植物油能保留最完整的營養與香氣，為肌膚帶來最自然的呵護。<br><br>在日常保養中，一滴精華油就足以帶來深層滋潤。輕輕按摩時，油脂會慢慢被肌膚吸收，留下柔軟而細緻的觸感。植物淡淡的香氣，也讓保養的過程成為一種安靜的放鬆時刻。<br><br>我們一直希望，人們能重新理解保養的本質。保養不必複雜，也不需要過多的添加物。當配方回歸純粹，肌膚就能自然地恢復自己的節奏。<br><br>在植物的氣息中，肌膚慢慢找回原本的光澤，那是一種來自自然的健康感。,051P1,Follower,Published
P000102,植物肌密,一滴植物油的力量,當一顆植物種子被壓榨成油時，它所蘊含的不只是油脂，更是整株植物的生命能量。<br><br>在植物肌密的實驗室裡，我們花了很多時間研究不同植物油的特性。有些油質輕盈，能迅速被肌膚吸收；有些則富含滋養成分，能為乾燥肌膚帶來長時間的保護。透過細緻的配比，我們希望讓每一滴精華油都能發揮最好的效果。<br><br>冷壓萃取是我們堅持的方式。這種低溫製程雖然耗時，但能保留植物中的維生素與天然脂肪酸，也讓油品保持純淨與穩定。當精華油接觸肌膚時，那種柔潤的觸感就像為肌膚披上一層溫柔的保護。<br><br>我們一直相信，真正好的保養品，不需要過多修飾。當成分越簡單、來源越自然，肌膚反而能更安心地吸收。<br><br>植物肌密希望透過這樣的方式，讓保養變得更輕鬆。少一點步驟，多一點自然，讓肌膚在最純粹的滋養中慢慢綻放光澤。,051P2,Public,Published
P000103,水潤原生,純淨配方的誕生,在研發保養品的過程中，我們常常問自己一個問題：肌膚真正需要的是什麼？<br><br>對水潤原生而言，答案其實很簡單——純淨與保濕。肌膚每天面對外界環境與壓力，如果保濕屏障不足，就容易出現乾燥與不適。因此，我們將研發重心放在高純度玻尿酸與天然保濕因子的應用上，希望為肌膚建立穩定而健康的水分環境。<br><br>在配方設計上，我們刻意剔除多餘的成分。沒有不必要的香料，也沒有可能造成刺激的添加物。每一種成分的存在，都必須有清楚而必要的功能。<br><br>當精華液被輕輕塗抹在肌膚上時，質地清爽而透明。水分迅速滲入肌膚表層，帶來即刻的柔潤感。那種輕盈而不黏膩的觸感，是我們反覆調整配方後得到的成果。<br><br>水潤原生相信，真正好的保養，是讓肌膚回到最自然的狀態。當配方足夠純淨，肌膚便能安心吸收每一滴水分。,052P1,Public,Published
P000104,水潤原生,讓肌膚學會鎖住水分,保濕常被誤解為「補水」，但真正健康的肌膚，其實更重要的是「鎖水」。<br><br>在水潤原生的研發理念裡，保濕不只是讓肌膚表面濕潤，而是要幫助肌膚建立完整的防護屏障。當屏障穩定時，水分就能被長時間保留，肌膚也會顯得更加飽滿透亮。<br><br>我們選擇高純度玻尿酸作為核心成分，因為它能吸附大量水分，為肌膚提供持續的保濕環境。同時搭配天然保濕因子，使肌膚在補水之後仍能保持平衡與舒適。<br><br>在配方開發過程中，我們反覆測試每一個細節，確保質地輕盈、吸收迅速，並且適合長時間使用。對我們來說，保養品不只是產品，而是一種對品質的承諾。<br><br>當肌膚得到充足而純淨的水分滋養時，整體狀態會變得更加穩定。那種自然散發的光澤，就是健康肌膚最真實的樣子。,052P2,Public,Published
P000105,泥好保養,一抹礦泥的療癒時刻，讓肌膚重新呼吸,在泥好保養的理念中，泥土不只是自然界的一部分，更是一種古老而純粹的淨化力量。來自世界不同地域的礦泥，蘊含著各自獨特的礦物質與質地。摩洛哥熔岩泥細膩而溫和，適合日常清潔；死海黑泥則富含礦物元素，能幫助肌膚深層調理。這些天然礦泥，都是大地長時間孕育而成的珍貴禮物。<br><br>我們希望保養不只是例行程序，而是一段能夠放慢節奏的時光。因此，泥好保養推出了 DIY 泥膜組合，讓每個人都能依照當下的膚況，自由調配最適合自己的配方。當礦泥與水慢慢混合成柔滑的泥膜時，那一刻就像一場小小的實驗，也是一種專屬於自己的護膚儀式。<br><br>當泥膜覆上臉龐，時間彷彿也慢了下來。等待、洗淨、感受肌膚重新呼吸的清爽，那種簡單而純粹的舒適，正是泥好保養想帶給每個人的體驗。,053P1,Public,Published
P000106,泥好保養,從大地到肌膚，礦泥的自然淨化力量,許多天然保養的智慧，其實早已存在於自然之中。泥好保養相信，泥土本身就是最溫和而有效的清潔者。礦泥中的微細顆粒與天然礦物，能幫助吸附多餘油脂與毛孔中的雜質，讓肌膚恢復清爽與平衡。<br><br>我們從世界各地挑選不同來源的礦泥，每一種都有獨特的特性。有的質地柔軟細緻，適合敏感肌膚；有的則具有更強的吸附力，適合需要深層清潔的肌膚狀態。透過這樣的多樣選擇，每個人都能找到最適合自己的泥膜。<br><br>DIY 的過程更是保養中最有趣的部分。你可以加入花水、純水或天然精華，依照季節與膚況調整比例。這種親手調配的過程，讓保養不再只是產品的使用，而是一場與自己肌膚的對話。<br><br>當泥膜被洗去的那一刻，肌膚留下的是一種乾淨而清新的觸感，就像大雨過後的土地，重新散發出自然的氣息。,053P2,Follower,Published
P000107,花語水潤,花朵蒸餾的瞬間，純露中的自然低語,花語水潤的故事，從一滴花朵蒸餾出的純露開始。當新鮮花瓣在蒸餾器中慢慢加熱，蒸氣帶著花朵的精華升起，再凝結成透明的花水。那一滴滴純露，既保留了植物的香氣，也蘊含著溫和的保濕力量。<br><br>我們選擇與小農合作，確保花材在最適合的時節被採摘。玫瑰、橙花、薰衣草等植物，在蒸餾過程中會釋放出各自不同的氣息。玫瑰純露帶著柔和的花香，能為肌膚補水；橙花純露則清新細緻，讓人感到放鬆與舒緩。<br><br>與一般化妝水不同，純露不含酒精與人工香精。它的香氣來自植物本身，淡雅而自然。當你輕輕噴灑在臉上時，細緻的水霧像花朵的呼吸，溫柔地落在肌膚上。<br><br>花語水潤希望讓護膚變成一種感官的享受。在花香與水霧之間，你會發現保養不只是呵護肌膚，也是呵護心情。,054P1,Public,Published
P000108,花語水潤,一滴花水的溫柔，讓保養回到自然節奏,在現代護膚世界裡，人們常追求快速與強效，但花語水潤更相信植物帶來的溫和力量。純露，是花朵蒸餾後最純粹的產物。它既輕盈又清新，能在肌膚上形成柔和的保濕層。<br><br>每一次蒸餾，都像一次與植物對話的過程。花瓣在水蒸氣中慢慢釋放香氣，將自然的氣息融入每一滴純露。這種製作方式雖然耗時，但也保留了花朵最完整的活性與質地。<br><br>在日常保養中，純露的使用方式非常簡單。早晨輕輕噴灑在臉上，可以喚醒肌膚；夜晚在清潔後使用，則能為肌膚帶來柔和的滋潤。那種淡淡的花香，像是一種安靜的陪伴。<br><br>花語水潤希望，當你在繁忙的一天中停下腳步噴灑純露時，也能感受到花朵帶來的寧靜與優雅。那不只是護膚的一步，更是一種生活的節奏。,054P2,Public,Published
P000109,舒敏之道,當肌膚需要的是「安靜」,敏感肌的人，大多都有一段不太輕鬆的保養歷程。嘗試過各種產品，卻常常在某個季節轉換、壓力增加或天氣變化時，突然出現泛紅與不適。那種不確定感，讓保養變得像一場冒險。<br><br>舒敏之道正是從這樣的經驗開始。我們相信，敏弱肌真正需要的並不是強效或快速，而是一種穩定的支持。積雪草、神經醯胺與溫和修護成分，能幫助肌膚慢慢建立健康的屏障，讓原本容易受到刺激的肌膚重新找回平衡。<br><br>在產品開發的過程中，我們刻意減少多餘的成分。每一個配方都經過反覆測試，希望在保持效果的同時，也能降低對肌膚的負擔。這樣的設計，或許不像某些產品那樣迅速見效，但它能陪伴肌膚慢慢變得更穩定。<br><br>舒敏之道希望帶來的，不只是保養品，而是一種安心感。當肌膚不再時刻緊張，你會發現保養其實可以是一段安靜而放鬆的時間。,055P1,Public,Published
P000110,舒敏之道,為敏弱肌打造的一道防線,對於敏感肌而言，保養的關鍵往往不是「增加」，而是「修復」。<br><br>舒敏之道在研發每一款產品時，都把重點放在肌膚屏障的建立。健康的肌膚屏障，就像一層看不見的保護牆，可以抵禦外界環境帶來的刺激，也能幫助水分停留在肌膚之中。<br><br>積雪草萃取物與神經醯胺，是我們配方中的核心成分。前者能舒緩不適與泛紅，後者則幫助肌膚重建防護結構。兩者搭配使用，能讓肌膚在長時間的保養中逐漸恢復穩定。<br><br>我們深知敏弱肌使用產品時的顧慮，因此每一款產品都經過低敏測試，並盡可能避免可能造成刺激的添加物。對我們來說，安全與穩定永遠比速度更重要。<br><br>舒敏之道想陪伴每一位敏弱肌使用者，慢慢找到適合自己的保養節奏。當肌膚逐漸變得安定時，你會發現，保養不再是一場試驗，而是一種溫柔的照顧。,055P2,Public,Published
P000111,碎紙冒險,在舊紙張裡發現新的故事,有時候，一張看似普通的紙，其實藏著很多故事。<br><br>在碎紙冒險的創作桌上，總是堆滿各式各樣的紙張：泛黃的報紙、斑駁的電影票、印著陌生城市名字的舊地圖。這些物件原本屬於不同的時間與地點，但當它們被重新拼貼在一起時，便形成了全新的畫面。<br><br>創作的過程就像是一場探索。剪刀落下的瞬間，一個形狀誕生；不同紙張的色彩被重新排列，新的構圖逐漸浮現。有時候，一張不起眼的碎紙，反而會成為整件作品最吸引人的部分。<br><br>我一直很喜歡紙張留下的歲月痕跡。那些摺痕、褪色與邊角的磨損，都是時間留下的痕跡。當這些元素被重新組合時，畫面會帶著一種難以複製的質感。<br><br>碎紙冒險希望透過這樣的方式，讓被遺忘的紙張重新擁有生命。在那些看似混亂的拼貼之中，也許你會發現一段新的故事正在悄悄展開。,056P1,Follower,Published
P000112,碎紙冒險,紙張迷宮中的想像,每一次開始創作時，我都不知道作品最後會變成什麼樣子。<br><br>桌上散落的紙片就像一座小小的迷宮。不同顏色的紙張、不同年代的印刷字體，彼此交錯在一起。當我開始剪裁與拼貼時，畫面會慢慢出現一種奇妙的秩序。<br><br>有些作品像是城市的地圖，有些則像夢境中的風景。舊報紙的文字可能變成建築的紋理，而電影票的圖案則變成天空的一部分。這些元素原本互不相關，但透過拼貼，它們會形成一個全新的世界。<br><br>我很喜歡這種在混亂中尋找平衡的過程。顏色、形狀與紙張的紋理，就像在畫面裡對話。當一切終於達到和諧時，那一刻總讓人覺得特別滿足。<br><br>碎紙冒險的每件作品，都像是一場紙張旅程。當你走進這些拼貼畫面時，也許會發現，原來那些被丟棄的碎紙，其實正藏著通往奇幻世界的入口。,056P2,Public,Published
P000113,膠帶森林,一卷膠帶的色彩魔法，拼貼出輕快的日常風景,很多人認識和紙膠帶，都是從手帳與筆記本開始。但在膠帶森林的創作裡，這些小小的膠帶卻成為了畫筆與顏料。當不同顏色與圖案的膠帶被一層層貼上畫面，再透過細緻的裁切與拼貼，一幅帶有透明感與層次的畫作便慢慢誕生。<br><br>我特別喜歡用膠帶創作花鳥與日常景色。膠帶本身帶有微微透光的質感，當不同顏色疊在一起時，會產生柔和而豐富的色彩變化。那種感覺像水彩，又帶著紙張拼貼的趣味。<br><br>創作時，我會先從一片色塊開始，再慢慢加入細節。有時是一朵花的花瓣，有時是一隻停在枝頭的小鳥。每一片膠帶都是畫面的一部分，也像是一片片色彩的葉子。<br><br>膠帶森林希望讓人們重新看見這些看似簡單的材料。原來，一卷小小的膠帶，也能拼貼出一整片充滿想像力的森林。,057P1,Public,Published
P000114,膠帶森林,層層貼上的色彩，膠帶裡的透明詩意,膠帶森林的創作，其實是一種慢慢累積的過程。不同於傳統繪畫直接落筆，膠帶拼貼需要先思考每一塊色彩的位置，再透過剪裁與重疊建立畫面的節奏。<br><br>我常被膠帶的透明質感吸引。當兩種顏色疊在一起時，會產生第三種微妙的色調。這種自然的混色效果，使畫面看起來既輕盈又富有層次。就像光線穿過葉片時留下的色影。<br><br>在創作花卉與風景時，我會利用膠帶的圖案與紋理。條紋、花紋、純色在畫面中互相交錯，形成一種活潑而不凌亂的節奏。這種隨興卻細膩的手作方式，正是膠帶森林最迷人的地方。<br><br>我希望每一幅膠帶作品都能帶著輕鬆的氣息。當它掛在牆上時，畫面裡的色彩就像一陣微風，讓空間多了一份明亮與活力。,057P2,Follower,Published
P000115,布碎日常,被重新縫合的色彩，碎布裡的生活故事,在布碎日常的創作裡，每一塊布料都有自己的過去。它們可能曾經是衣服的一部分，也可能是布料裁剪後剩下的小角落。這些看似不起眼的碎布，在重新排列之後，卻能展現出新的生命。<br><br>我喜歡觀察不同布料的質地。有的柔軟細膩，有的厚實粗糙，有的帶著細緻的花紋。當這些材料被拼貼在一起時，畫面會自然產生層次感，甚至帶有微微隆起的浮雕效果。<br><br>創作時，我不會過度設計畫面，而是讓布料的花紋與色彩自己說話。有時一塊花布就能成為畫面的主角，有時則是多種布料的交錯形成豐富的節奏。<br><br>布碎日常希望讓人們看見這些被忽略的材料之美。那些曾經被視為剩餘的碎布，其實也能拼湊出溫柔而完整的故事。,058P1,Public,Published
P000116,布碎日常,碎布拼貼的溫度，讓日常成為藝術,許多美好的事物，其實就藏在日常生活裡。布碎日常的創作，正是從這樣的想法開始。當一塊塊不同顏色的碎布被收集起來，它們不再只是剩餘材料，而是等待被重新組合的色彩。<br><br>我會先將布料依照質地與色調分類，再慢慢思考畫面的構成。有些作品像抽象的風景，有些則像溫暖的拼布故事。不同材質的布料交疊在一起，會形成自然的高低層次，讓畫面具有立體感。<br><br>拼貼的過程需要耐心，也帶著一點即興。當某一塊布剛好落在適合的位置時，整個畫面就會突然變得完整。那種瞬間的和諧感，總讓人感到特別滿足。<br><br>布碎日常希望傳達一個簡單的理念：美感並不一定來自昂貴的材料。有時，只要重新看見生活中的細碎片段，就能拼貼出屬於自己的藝術風景。,058P2,Public,Published
P000117,拾物實驗室,那些被遺忘的物件,有些東西，在別人眼中或許只是垃圾，但在我們的桌上，卻是創作的起點。<br><br>拾物實驗室的工作空間裡，總是擺滿各式各樣的物件：一張泛黃的舊照片、一段生鏽的鐵絲、一片壓乾的野花。這些東西原本散落在不同地方，帶著各自的時間痕跡，但當它們被放在同一個畫面裡時，就像開始彼此對話。<br><br>創作往往從直覺開始。有時是一朵乾燥花吸引了目光，有時則是一張老紙片的紋理讓人停下來多看幾眼。當這些素材被重新排列與拼貼時，一個新的故事便慢慢浮現。<br><br>我們很喜歡那種帶著歲月感的質地。紙張的摺痕、金屬的鏽斑、照片邊緣的磨損，都是時間留下的記號。正因為這些細節，每一件作品都無法被複製。<br><br>拾物實驗室相信，藝術不必完美。那些被忽略的小物件，反而更能喚起記憶與想像。當它們重新組合時，也許會讓人想起某段久遠的故事，或是一種難以言喻的情緒。,059P1,Public,Published
P000118,拾物實驗室,時間的拼貼實驗,每一件作品的開始，都像是一場小小的考古行動。<br><br>我們經常在舊物市場或街角的小店裡尋找素材。老報紙的印刷字體、褪色的明信片、甚至是一小段斷裂的金屬，都可能成為作品的一部分。這些物件曾經存在於不同的年代，如今卻在同一個畫面裡再次相遇。<br><br>在創作過程中，我們不急著讓畫面完整。素材會先被擺放在桌面上，慢慢嘗試不同的排列方式。有些組合會意外地產生平衡感，有些則帶來奇妙的張力。這種探索本身，就是創作最迷人的部分。<br><br>乾燥花的柔軟與鐵絲的粗糙、舊紙張的紋理與相片的影像，當這些元素被放在一起時，畫面會產生一種神祕的層次。彷彿時間在其中交錯，形成一個新的記憶空間。<br><br>拾物實驗室希望讓人們重新看見物件的價值。那些被遺棄的碎片，其實都承載著過去。透過拼貼，它們再次被喚醒，也讓觀者在作品裡找到屬於自己的故事。,059P2,Public,Published
P000119,色塊詩集,用顏色寫一首安靜的詩,在色塊詩集的創作中，畫面往往從一個簡單的顏色開始。<br><br>有時是一片深藍，有時是一小塊溫暖的赭紅。當這些純色紙張被剪裁成幾何形狀，再慢慢排列在畫面上時，整體的節奏便逐漸出現。每一個色塊就像詩句中的詞語，彼此之間需要恰到好處的距離。<br><br>我們很重視留白。空白的空間並不是缺少，而是一種呼吸。當色塊與留白形成平衡時，畫面會呈現出一種安靜而穩定的氣氛。<br><br>在拼貼的過程裡，顏色與比例會不斷調整。有時只需移動幾毫米，整體感覺就會完全不同。這種細微的變化，讓創作變得像在雕塑空間。<br><br>色塊詩集相信，簡約並不是減少，而是讓每個元素都更重要。當畫面只留下必要的顏色與形狀時，觀者反而能更專注地感受其中的節奏與情緒。,060P1,Public,Published
P000120,色塊詩集,幾何之間的寧靜,在日常生活裡，我們被大量的資訊與圖像包圍，很少有機會真正停下來。<br><br>色塊詩集的創作，正是希望提供一個安靜的視覺空間。透過簡單的幾何形狀與純粹的色彩，畫面不再複雜，而是一種沉靜的存在。<br><br>創作時，我們會先選擇幾種互相呼應的顏色，再將美術紙裁成不同大小的形狀。這些色塊被一層一層疊放，有些彼此靠近，有些則保持距離。當比例恰到好處時，整體畫面會產生一種微妙的秩序感。<br><br>這種秩序並不嚴肅，而更像是一段緩慢的旋律。顏色與形狀在畫面裡彼此平衡，形成一種冷靜而優雅的氛圍。<br><br>我們希望這些作品能融入生活空間，成為一段安靜的風景。當你經過它時，也許會短暫停下腳步，看著那些簡單的色塊，讓思緒在幾何之間慢慢沉澱。,060P2,Public,Draft
P000121,嗅覺日記,一縷香氣的旅程，記憶在燭光中慢慢甦醒,在嗅覺日記的世界裡，香氣並不只是氣味，而是一段被保存下來的時光。當蠟燭被點燃，火焰慢慢融化表面的蠟層，香氣便會像故事一樣逐漸展開。那是一種緩慢而溫柔的過程，就像翻閱一本舊日記。<br><br>我們在調配香氣時，常常想像生活中的某個片段。清晨森林裡微濕的霧氣、午後陽光照進書店時的紙香、或是雨後街道散發的淡淡泥土氣息。這些看似細微的氣味，其實都能喚醒人心深處的記憶。<br><br>嗅覺日記使用大豆蠟與純淨香精油，讓香氣能夠以最自然的方式擴散。它不會突然充滿整個空間，而是慢慢滲入空氣中，像一段輕柔的旋律。<br><br>當燭火搖曳時，你也許會發現，那些原本被遺忘的畫面正悄悄回到腦海。原來，一縷香氣就能帶人回到某個特別的時刻。,061P1,Follower,Published
P000122,嗅覺日記,把生活的片段封存在香氣裡，點燃一段私密時光,每個人心中，都有一些與氣味相關的記憶。也許是某個午後的咖啡館，也許是童年夏天的庭院。嗅覺日記希望透過香氛蠟燭，把這些片段重新喚醒。<br><br>在創作香調時，我們刻意避免過於濃烈的氣味，而是追求像空氣般自然的存在感。淡淡的森林木質、微濕的草葉氣息、或是舊書紙頁的溫暖味道，這些香氣都像一段輕聲的敘述。<br><br>當夜晚降臨，點燃一盞蠟燭，房間裡的光線會變得柔和。香氣隨著熱度慢慢擴散，整個空間彷彿被包裹在一種安靜的氛圍裡。<br><br>嗅覺日記相信，香氛不只是裝飾，而是一種與自己對話的方式。在燭光與香氣之間，你會找到屬於自己的那段靜謐時光。,061P2,Follower,Published
P000123,燃燒之詩,木質燭芯的聲音，夜晚裡的一首靜謐詩句,當燃燒之詩的蠟燭被點燃時，第一個出現的不是香氣，而是那細微的「啪噠」聲。木質燭芯在火焰中輕輕燃燒，像壁爐裡的木柴發出的聲音。那種節奏既溫暖又安靜，彷彿替夜晚寫下了一段低聲的詩句。<br><br>我一直被這種聲音吸引。它不像電子音樂那樣明顯，卻能讓人慢慢放鬆。當火焰跳動，木芯偶爾發出細小聲響，整個空間會變得更加沉靜。<br><br>我們的香氣多來自大地元素，例如煙燻雪松、乾燥苔蘚與微微帶土氣的木質調。這些香氣不張揚，卻有一種深沉的穩定感。<br><br>在忙碌的一天結束後，點燃一盞蠟燭，讓燭光與木芯的聲音慢慢填滿房間。那一刻，你會發現夜晚其實可以很安靜，而那份安靜，就是燃燒之詩最想帶來的陪伴。,062P1,Public,Published
P000124,燃燒之詩,火焰與香氣之間，為夜晚點亮一段沉靜,燃燒之詩的創作，總是從一個畫面開始。也許是森林深處的一片苔蘚，也許是木屋裡緩慢燃燒的柴火。那些與自然相關的氣味，總能讓人感到安心。<br><br>我們選擇使用木質燭芯，不只是為了聲音，也因為它燃燒時的火焰更加穩定。火苗在蠟面上輕輕晃動，讓整個房間被柔和的光包圍。那種光不像燈泡般明亮，而是一種溫暖而低調的存在。<br><br>香氣的設計也遵循同樣的理念。煙燻木質與泥土氣息交織，像一場緩慢展開的夜晚風景。這些味道不會強烈地佔據空間，而是像空氣的一部分。<br><br>燃燒之詩希望讓人們重新感受夜晚的節奏。在燭光、香氣與細微聲響之間，忙碌的心靈也能慢慢安靜下來。,062P2,Public,Published
P000125,氛圍實驗室,香氣塑造空間，無形中的設計語言,在氛圍實驗室的理念裡，香氛不只是氣味，而是一種空間設計。就像燈光與家具會影響房間的氛圍，香氣同樣能改變整個環境的感受。<br><br>我們偏好冷色調與中性的香氣，例如岩蘭草、冷杉與黑胡椒。這些味道不像花香那樣柔軟，而是帶著乾淨而俐落的氣質。當它們在空氣中擴散時，空間會多出一種沉穩而專業的質感。<br><br>氛圍實驗室的室內噴霧與擴香座設計，也延續了工業美學的風格。簡潔的線條、冷靜的色彩，讓香氛產品本身也成為空間的一部分。<br><br>我們相信，一個好的空間不需要過多裝飾。有時只要一種合適的氣味，就能讓整個房間展現出不同的個性。,063P1,Public,Published
P000126,氛圍實驗室,冷色調香氣，為空間打造低調質感,當人走進一個空間時，往往會先注意到光線與色彩，但其實氣味也在悄悄影響感受。氛圍實驗室希望透過香氛，為空間建立一種無形的風格。<br><br>我們的香調多以木質與冷調氣味為核心。岩蘭草帶著乾燥而沉穩的氣息，黑胡椒則增加了一點俐落的辛香。這些香氣結合在一起，會讓空間呈現出一種安靜而高級的氛圍。<br><br>無火擴香座與室內噴霧的設計，也考慮到日常使用的便利性。只需輕輕噴灑或放置擴香瓶，香氣便能自然地融入空氣中。<br><br>氛圍實驗室希望讓人們意識到，香氛其實是一種看不見的裝潢。當氣味與空間完美融合時，你的生活環境就會自然散發出屬於自己的品味。,063P2,Public,Published
P000127,慢活香氣,把森林裝進口袋裡,有時候，一天的節奏快得讓人來不及呼吸。會議、通勤、訊息通知接連不斷，彷彿每一分鐘都被填滿。在這樣的城市生活裡，我們開始思考：能不能在忙碌之中，找到一個隨時可以停下來的瞬間？<br><br>慢活香氣的誕生，就是來自這樣的想法。我們希望把自然的氣味帶進日常生活，讓人即使身處城市，也能感受到森林的氣息。精油香膏與滾珠瓶的設計，讓香氣能夠隨身攜帶，只需輕輕塗抹在手腕或耳後，氣味就會慢慢散開。<br><br>每一款配方都經過細心調配。有些氣味帶著木質的沉穩，像是走在林間小徑；有些則帶有柑橘與草本的清新，能讓精神重新被喚醒。香氣不只是味道，更像是一段短暫的旅行。<br><br>當你閉上眼睛深呼吸時，彷彿能感受到風穿過樹葉的聲音。那短短的幾分鐘，足以讓心情重新回到平靜。<br><br>慢活香氣希望帶給你的，就是這樣一段隨時可以開始的森林時光。,064P1,Public,Published
P000128,慢活香氣,五分鐘的香氣休息,我們常常忽略一件事：身體其實很需要短暫的休息。<br><br>慢活香氣希望創造一種簡單的儀式。當工作告一段落時，輕輕打開香膏，將香氣塗抹在腕間。這個小小的動作，就像提醒自己慢下來。深吸一口氣，讓氣味慢慢進入感官，思緒也會逐漸變得柔和。<br><br>香氣的力量很奇妙。某些木質精油能讓人感到安定，而柑橘與草本則能帶來清新的能量。我們在配方中結合這些天然精油，希望讓香氣既能放鬆心情，也能在需要時重新喚醒精神。<br><br>對慢活香氣而言，香氛並不只是裝飾，而是一種陪伴。它可以出現在通勤途中，也可以出現在午後的短暫休息裡。<br><br>只要幾分鐘，你就能暫時離開忙碌的節奏。當香氣慢慢散開時，也許會發現，原來平靜一直都在身邊。,064P2,Public,Published
P000129,靈魂煙燻,煙霧中的安靜時刻,在許多古老文化裡，煙霧被視為連結天地的媒介。當香材被點燃時，升起的煙不只是氣味，更像是一種祈願與淨化的象徵。<br><br>靈魂煙燻希望讓這樣的儀式重新回到日常生活。秘魯聖木溫暖而柔和的香氣，白色鼠尾草清新的草本氣息，當它們在空氣中慢慢燃燒時，空間會產生一種安靜的氛圍。<br><br>很多人習慣在一天結束時點燃燻香。當煙霧緩緩上升，彷彿把整天累積的疲憊與雜念一起帶走。這樣的過程不需要複雜的步驟，只需要一點時間與專注。<br><br>在那幾分鐘裡，人們可以暫時放下手機與外界的聲音，讓思緒慢慢沉澱。煙霧在空氣中盤旋，就像是一種溫柔的提醒：此刻只需要專注於呼吸。<br><br>靈魂煙燻相信，這些古老的香氣不只是儀式，更是一種回到內在的方式。當煙霧消散時，心靈也會變得更加清明。,065P1,Public,Published
P000130,靈魂煙燻,為空間進行一場淨化,有些空間會留下情緒的痕跡。長時間工作後的房間、充滿壓力的會議室，甚至是忙碌一整天的客廳，都可能累積無形的疲憊感。<br><br>靈魂煙燻希望透過燻香的方式，為空間帶來新的能量。當聖木或鼠尾草被點燃時，香氣會慢慢瀰漫整個房間。那種帶著自然氣息的煙霧，讓人感到安心而沉穩。<br><br>我們常建議在冥想或靜坐前點燃燻香。這樣的儀式能幫助人們進入更專注的狀態。當煙霧緩緩上升時，視線會不自覺地跟隨它的軌跡，呼吸也逐漸變得平穩。<br><br>燻香並不是神祕的儀式，而是一種簡單的生活習慣。透過這樣的方式，我們可以為自己創造一個安靜的空間。<br><br>在煙霧繚繞之中，人們往往能更清楚地聽見內心的聲音。,065P2,Follower,Published
P000131,穀物食研室,一天從酥脆的聲音開始,清晨的廚房裡，最迷人的聲音不是鬧鐘，而是燕麥與堅果在烤盤上翻動的聲音。<br><br>在穀物食研室，我們每天都會烘焙新鮮的 Granola。厚實的大燕麥片在烤箱裡慢慢變得金黃，楓糖的香氣與堅果的油脂交織在一起，整個空間都瀰漫著溫暖的味道。<br><br>我們很喜歡那種剛出爐的酥脆口感。每一片燕麥都帶著自然的甜味，搭配杏仁、核桃與南瓜子，讓每一口都充滿層次。這樣的早餐既簡單又充滿能量。<br><br>穀物食研室一直相信，好的食物不需要太多修飾。當食材本身品質夠好，只需要簡單的烘焙與調味，就能展現最自然的風味。<br><br>一碗燕麥穀物配上優格或牛奶，就是一天最舒服的開始。那份酥脆與飽足感，會慢慢喚醒身體，也讓人更有力量迎接新的一天。,066P1,Follower,Published
P000132,穀物食研室,慢慢烘焙的早餐哲學,在穀物食研室，烘焙 Granola 是一件需要耐心的事。<br><br>燕麥片與堅果會先與楓糖和少量天然油脂混合，然後鋪在烤盤上慢慢烘烤。過程中需要不斷翻動，確保每一片燕麥都能均勻受熱。這樣烘焙出來的穀物，才會擁有剛好的酥脆度。<br><br>我們刻意避免過多的糖分與加工配料。因為真正好的 Granola，其實只需要簡單的食材。當燕麥與堅果在低溫中慢慢烘焙時，它們本身的香氣就會自然散發。<br><br>很多人喜歡把穀物當作快速的早餐，但我們更希望它是一種生活節奏。花幾分鐘準備一碗 Granola，加上一些水果或優格，讓早晨變得更加完整。<br><br>穀物食研室希望把這種簡單而健康的飲食方式分享給更多人。當食物回到自然的味道時，健康與美味其實可以同時存在。,066P2,Public,Published
P000133,蜜境之源,一滴蜂蜜的旅程，從花田到餐桌的純粹,在蜜境之源的世界裡，每一滴蜂蜜都承載著自然的節奏。清晨時分，蜂群離開蜂巢，在花田間穿梭採集花蜜。那些看似微小的行動，其實是一場漫長而細緻的工作。數以萬計的飛行與採集，才換來一滴香甜的蜂蜜。<br><br>我們與台灣各地的小農合作，確保蜜源來自單一產地。龍眼蜜帶有濃郁的果香與溫潤甜味，而百花蜜則呈現出豐富的花香層次。不同季節與環境，讓每一批蜂蜜都有微妙差異，這正是自然最迷人的地方。<br><br>蜜境之源堅持零添加，不調和、不加工，只保留蜂蜜最原始的風味。每一瓶蜂蜜都附上檢驗報告，讓消費者能安心享用。<br><br>當你舀起一匙蜂蜜時，那不只是甜味，而是一段從花田到蜂巢、再到餐桌的自然旅程。,067P1,Public,Published
P000134,蜜境之源,與蜜蜂共生的日子，守護自然的甜美循環,養蜂並不是單純的採收，而是一種與自然共生的生活方式。對蜜境之源而言，蜂群的健康永遠比產量更重要。只有當環境純淨、花源豐富，蜜蜂才能釀造出品質最好的蜂蜜。<br><br>在蜂場裡，每個季節都有不同的景象。春天花開，蜜蜂忙碌穿梭；夏天龍眼花盛開，整片空氣都瀰漫著淡淡花香。這些自然節奏，也讓蜂蜜擁有獨特的風味與香氣。<br><br>我們希望透過品牌，讓更多人了解蜂業與生態之間的關係。蜜蜂不僅生產蜂蜜，更是重要的授粉者，維持著農業與自然環境的平衡。<br><br>當你品嚐蜜境之源的蜂蜜時，也是在支持一種永續的農業方式。那份甜味裡，不只包含花蜜與陽光，也包含對土地的尊重。,067P2,Public,Published
P000135,原生力量,食材最初的樣子，脆片裡的天然能量,原生力量相信，真正好的食物不需要過多修飾。當新鮮蔬菜與水果被採收後，我們透過真空冷凍乾燥技術，保留食材最原始的形態與營養。這種技術能在低溫環境中去除水分，讓食材保持輕脆口感，同時鎖住大部分的營養成分。<br><br>製作過程中，我們不添加鹽、糖或油脂。每一片蔬菜脆片與果乾，都只是食材本身的味道。紅蘿蔔的自然甜味、蘋果的清新果香、或是香蕉的濃郁口感，都能在輕脆的咬感中被完整呈現。<br><br>這樣的零食既簡單又健康。無論是在辦公室補充能量，還是戶外活動時的輕食選擇，都能帶來自然的滿足感。<br><br>原生力量希望讓人重新認識食材本身的魅力。原來，最純粹的味道，往往就是最好的味道。,068P1,Public,Published
P000136,原生力量,輕脆的自然滋味，零食也能健康無負擔,很多人喜歡吃零食，但往往也擔心過多的油脂與糖分。原生力量希望改變這種印象，讓零食回到健康與天然的本質。<br><br>我們採用冷凍乾燥技術處理蔬菜與水果，使食材在保留營養的同時呈現酥脆口感。這種方法不需要油炸，也不需要額外調味，就能展現食材本身的甜味與香氣。<br><br>當咬下一片果乾時，輕脆的口感會慢慢在口中化開，留下自然的水果風味。這種純粹的味道，讓人更容易感受到食材原本的個性。<br><br>無論是忙碌的工作日，或是戶外運動的補給時刻，原生力量都希望成為你健康生活的一部分。吃零食不再只是放縱，而是一種輕鬆又安心的選擇。,068P2,Public,Published
P000137,豆乳日常,一杯濃厚豆乳，來自土地的溫柔滋養,豆乳日常相信，豆漿的魅力在於它的純粹。當優質的大豆被細緻研磨，再經過高溫煮製，濃郁的豆香便會慢慢釋放。那種溫潤而厚實的味道，是許多人從小熟悉的日常滋味。<br><br>我們選用非基因改造的大豆，並透過職人技術控制研磨比例與煮製時間，使豆乳濃度達到 10 度以上。這樣的濃度讓口感更加綿密，幾乎像奶油般滑順。<br><br>無糖配方保留了大豆本身的自然甜味，也讓豆乳成為更健康的飲品選擇。無論搭配早餐、咖啡或是簡單的一片吐司，都能帶來溫暖的滿足感。<br><br>豆乳日常希望把這份簡單的滋味帶回生活。當你喝下一口濃厚豆乳時，也是在品嚐土地孕育的溫柔力量。,069P1,Public,Published
P000138,豆乳日常,從一顆黃豆開始，打造純淨的日常蛋白質,每一杯豆乳，其實都從一顆小小的大豆開始。豆乳日常選擇優質的非基因改造大豆，經過浸泡、研磨與煮製，讓豆子的營養與香氣完整釋放。<br><br>我們堅持不加入額外糖分，因為真正好的豆乳，本身就帶著自然的甜味。當濃郁的豆香在口中散開時，那種純淨的味道會讓人感到特別安心。<br><br>除了豆乳飲品，我們也將這份理念延伸到豆乳點心與抹醬。透過低熱量配方與高蛋白質特性，讓素食者與健身族群都能找到合適的選擇。<br><br>豆乳日常希望讓健康飲食變得更容易。當豆乳成為生活中的一部分，你會發現，簡單的食材其實也能帶來持續而溫和的能量。,069P2,Follower,Published
P000139,酵母時光,氣泡誕生的那一刻,在酵母時光的釀造空間裡，時間總是走得特別慢。<br><br>一罐剛開始發酵的康普茶，看起來像是一杯普通的茶湯。但隨著時間推移，酵母與益生菌開始在其中悄悄工作。糖分被轉化、氣泡慢慢形成，液體裡開始出現細緻而活潑的生命力。<br><br>這個過程總讓人感到驚奇。沒有機器的加壓，也沒有人工氣泡，一切都是自然發生的。當發酵逐漸完成時，茶湯會帶著輕盈的氣泡與微酸的口感，像是一種自然釀造的清爽節奏。<br><br>我們喜歡在發酵的後期加入天然水果，例如鳳梨、柑橘或莓果。水果的香氣會與茶香融合，形成層次豐富的風味。每一批發酵的結果都略有不同，這也是發酵最迷人的地方。<br><br>酵母時光相信，食物與時間有著密不可分的關係。當你喝下一口康普茶時，其實也品嚐到了那段等待與醞釀的過程。<br><br>那是一種溫柔而自然的風味，也是一段屬於時間的故事。,070P1,Public,Published
P000140,酵母時光,讓時間慢慢發酵,發酵是一件需要耐心的事。<br><br>在酵母時光，我們從泡茶開始。茶葉與糖混合後，需要先冷卻，再加入菌種。之後，整個過程就交給時間。幾天的靜置之後，茶湯開始出現細小氣泡，味道也從單純的甜轉為微酸與清爽。<br><br>這些變化都是微生物努力工作的成果。益生菌在其中建立了一個平衡的生態，讓飲品不僅擁有迷人的風味，也帶來對腸道友善的營養。<br><br>我們很喜歡觀察發酵的過程。有時候氣泡會在表面輕輕聚集，有時則在瓶中慢慢升起。每一批發酵的康普茶都像是一次新的實驗。<br><br>酵母時光希望透過這樣的飲品，讓人們重新認識發酵食物的魅力。它不只是飲料，更是一種與自然節奏同步的生活方式。<br><br>當你喝下一口時，也許會感受到那種輕盈而充滿活力的感覺，像是身體被慢慢喚醒。,070P2,Public,Draft
P000141,刻印日常,生活被刻進橡皮裡,刻印日常的靈感，往往來自生活裡最不起眼的瞬間。<br><br>一塊剛出爐的吐司、一朵路邊的小花、或是一隻在窗邊打盹的貓，都可能成為印章圖案的主角。當這些畫面被畫在橡皮上，再透過雕刻刀慢慢刻出線條時，它們便開始擁有新的生命。<br><br>刻章是一種需要專注的創作。每一刀都要小心地落下，因為多刻一點或少刻一點，都可能改變整個圖案。當最後完成的印章被沾上印泥，輕輕蓋在紙上時，那一刻總讓人特別滿足。<br><br>對手帳愛好者來說，小小的印章能帶來很多樂趣。它們可以裝飾日期、記錄心情，也能讓平凡的一頁筆記變得更有個性。<br><br>刻印日常希望透過這些小小的圖案，為生活留下溫暖的記錄。當你翻開筆記本時，也許會想起那一天的陽光、那杯咖啡，或是某個平凡卻美好的時刻。,071P1,Follower,Published
P000142,刻印日常,方寸之間的微小世界,一枚印章的大小，也許只有幾公分，但裡面卻藏著一個小小的世界。<br><br>在刻印日常的工作桌上，橡皮章的設計常常從一張草圖開始。有時是貓咪伸懶腰的姿態，有時是冒著熱氣的咖啡杯。這些畫面被簡化成線條，然後慢慢刻進橡皮之中。<br><br>雕刻的過程需要很多耐心。細小的線條與空白的部分，必須保持平衡，才能在蓋印時呈現清晰的圖案。當印章完成後，每一次蓋印都像是讓圖案再次誕生。<br><br>很多人會把這些印章用在手帳、卡片或包裝上。當圖案反覆出現在紙張上時，整個畫面會變得更加生動。<br><br>刻印日常喜歡這種簡單的創作方式。透過一枚小小的印章，生活中的片刻被留下來，也讓紀錄變得更有溫度。,071P2,Public,Published
P000143,紙上摺痕,紙張展開的瞬間,紙張看起來柔軟而簡單，但只要多一道摺痕，就會產生全新的形態。<br><br>紙上摺痕的創作，從一張平面的紙開始。透過精準的設計與摺疊，紙張逐漸形成層次與空間。當卡片被打開時，原本平面的結構會突然立體展開，像是一個小小的舞台。<br><br>在設計立體紙藝時，每一道摺線都必須經過仔細計算。角度、比例與紙張厚度都會影響最後的效果。有時候需要反覆測試好幾次，才能找到最完美的結構。<br><br>我們特別喜歡那一瞬間的驚喜。當收禮的人打開卡片，看見立體圖案躍然紙上時，總會露出驚訝的表情。<br><br>紙上摺痕希望讓紙張不只是承載文字，而是成為一種能帶來驚喜的藝術形式。那份突然出現的立體感，也讓每一份心意更加深刻。,072P1,Public,Published
P000144,紙上摺痕,摺紙中的建築美學,立體紙藝其實很像一種微型建築。<br><br>在紙上摺痕的設計過程中，我們會先規劃整體結構，再將紙張分成不同的摺面。當這些摺面互相支撐時，就能形成穩定的立體形狀。<br><br>不同磅數的紙張也會帶來不同效果。較厚的紙能呈現穩固的結構，而較輕的紙則能展現細緻的層次。透過不同材質的搭配，作品會呈現出獨特的視覺質感。<br><br>我們很喜歡紙張在展開時的變化。原本平坦的表面，瞬間變成一個充滿深度的空間。這種轉變既簡單又令人驚喜。<br><br>紙上摺痕希望讓每一件紙藝作品，都能帶來一點點驚嘆。當你打開卡片時，那一瞬間的立體世界，就是我們最想傳達的美感。,072P2,Public,Published
P000145,印鑑職人,一枚印章的重量，刻進時間的名字,在印鑑職人的工作桌上，一枚印章的誕生從觀察名字開始。每一個姓名都有自己的節奏與氣質，有的端正沉穩，有的靈動流暢。我們會依照字形與筆畫的結構，重新設計專屬的排版與篆刻風格，讓印章成為真正屬於個人的印記。<br><br>材質的選擇同樣重要。溫潤的玉石、沉穩的檀木與帶有光澤的黃銅，都能展現不同的質感。當雕刻刀在材料表面慢慢刻下線條，細微的轉折與深淺都需要反覆調整，才能讓印面在蓋印時呈現清晰而優雅的效果。<br><br>對印鑑職人而言，印章不只是工具，更是一種陪伴。它會出現在重要的契約、證書或信件上，見證人生的許多時刻。<br><br>當印章落在紙面的一瞬間，那枚紅色印記，不僅代表身份，也象徵著一段值得長久珍藏的故事。,073P1,Public,Published
P000146,印鑑職人,篆刻的細節之美，讓名字成為藝術,篆刻是一門需要耐心的藝術。印鑑職人的創作，從一張草稿開始。名字被反覆排列、拆解與重組，直到找到最平衡的結構。這個過程看似簡單，其實需要對文字比例與空間感有極高的敏感度。<br><br>當設計完成後，真正的工序才開始。雕刻刀在印材上逐步刻出筆畫，細小的轉折與留白會決定印章最終的氣質。有時僅僅是一條線的角度改變，就能讓整體印面看起來更加穩定。<br><br>蓋印時，印泥的紅色會填滿那些刻出的空間，使圖案與文字在紙上浮現。那一瞬間的畫面，既簡潔又富有力量。<br><br>印鑑職人相信，一枚好的印章可以陪伴一個人很久。它不只是身份的象徵，也是時間留下的藝術印記。,073P2,Follower,Published
P000147,墨色印記,封蠟的瞬間浪漫，讓訊息多一份重量,在數位訊息迅速傳遞的時代，一枚火漆印章顯得格外特別。墨色印記喜歡那種緩慢而充滿儀式感的過程。當火漆在火焰上慢慢融化，液態的蠟滴落在信封上，再用印章輕輕壓下，一個帶有紋理的圖案便悄然誕生。<br><br>那一刻，時間彷彿變得緩慢。火漆冷卻後留下厚實的印記，既有光澤，也帶著細膩的紋路。這樣的封印，不只是裝飾，而是一種象徵——象徵著訊息被珍重地封存。<br><br>墨色印記蒐集來自世界各地的墨水與封蠟材料，並設計原創的火漆印章圖案。從古典徽章到細緻花紋，每一種圖案都帶著不同的故事。<br><br>當一封信被蓋上火漆印時，它不再只是紙張與文字，而是一份帶著溫度與心意的訊息。,074P1,Public,Published
P000148,墨色印記,墨水與火漆之間，書寫的儀式感,對墨色印記而言，書寫是一種充滿儀式感的行為。從挑選一瓶墨水，到蓋上最後的火漆印，每一個步驟都讓訊息的傳遞變得更加完整。<br><br>我們特別迷戀不同顏色的墨水與印泥。深藍、酒紅或古銅色的墨跡，在紙上會呈現不同的氣質。當這些顏色與封蠟圖案結合時，信件就像一件小型藝術品。<br><br>火漆印章更是整個過程的亮點。當印章壓在尚未冷卻的蠟上，圖案會被完整保留下來。那種立體而厚實的質感，是任何數位訊息都無法取代的。<br><br>墨色印記希望讓更多人重新感受這種書寫的樂趣。在慢慢書寫與封印之間，訊息不再只是文字，而是一份充滿情感的記錄。,074P2,Public,Published
P000149,裁紙匠心,紙張的紋理與溫度，手寫文字的開始,在裁紙匠心的工作室裡，一張紙的誕生需要時間與耐心。回收纖維與天然植物被重新打漿、攪拌，再慢慢鋪展在紙模上。當水分被瀝去，纖維會交織成一張帶有自然紋理的手工紙。<br><br>這些紙張不像工業紙那樣平整，而是帶著細微的厚度與纖維痕跡。當手指觸摸表面時，可以感受到柔和而溫潤的質地。正是這樣的觸感，讓紙張成為一種充滿情感的媒介。<br><br>裁紙匠心希望人們重新拾起書寫的習慣。當鋼筆或鉛筆落在紙上時，墨水會慢慢滲入纖維，留下帶有層次的筆跡。<br><br>在這樣的紙張上寫下的文字，不只是訊息，更像是一段被保留下來的情感。,075P1,Public,Published
P000150,裁紙匠心,在纖維之間，重新發現書寫的意義,紙張曾經是人類最重要的記錄工具。裁紙匠心希望透過手抄紙工藝，讓人重新感受到紙的價值。當纖維被重新製作成紙，每一張都擁有獨特的紋理與色調。<br><br>我們會加入不同植物纖維，例如棉纖維或草本材料，使紙張呈現自然的顆粒感。這些細節讓每一張紙都略有不同，就像手工陶器一樣具有個性。<br><br>當人們在這樣的紙上寫信或記錄筆記時，文字會變得更加珍貴。因為每一次書寫，都需要專注與耐心。<br><br>裁紙匠心相信，紙張不只是承載文字的媒介，更是一種可以被觸摸的記憶。當一封手寫信被送出時，那份情感也會透過紙的溫度被完整傳遞。,075P2,Public,Published
P000151,陶之呼喚,指尖留下的器皿語言,在陶之呼喚的工作桌上，每一件器皿都從一團安靜的陶土開始。<br><br>我們習慣用手捏的方式塑形，而不是使用拉胚機。當陶土在手中慢慢被擠壓、推開與塑形時，指尖的力量會在表面留下細微的痕跡。這些不規則的紋理，正是作品最迷人的部分。<br><br>手捏陶器不像工業製品那樣完全對稱。杯口可能略微起伏，碗身的曲線也會帶著自然的變化。但正因如此，當你握在手中時，器皿會更貼合掌心，也更有溫度。<br><br>在窯燒過程中，釉料會隨著高溫慢慢流動。每一次燒成的結果都略有不同，釉色的深淺與紋理都像是大地自然形成的景象。<br><br>陶之呼喚希望透過這樣的器皿，讓人重新感受日常生活中的寧靜。當你端起一只陶杯時，也許會感受到那份來自泥土與雙手的溫柔力量。,076P1,Follower,Published
P000152,陶之呼喚,在陶土裡找到平靜,製作陶器是一種很慢的創作。<br><br>從揉土開始，到塑形、乾燥，再到窯燒，每一個步驟都需要耐心等待。這段過程讓人學會放慢節奏，也讓作品慢慢形成自己的樣子。<br><br>在陶之呼喚，我們刻意保留陶器表面的手作痕跡。那些輕微的不平整，讓每件作品都有獨特的表情。當光線落在釉面上時，會呈現出溫潤而自然的層次。<br><br>很多人說，陶器是一種最貼近生活的藝術。每天用它盛裝食物、倒茶或喝水，器皿會逐漸融入生活的節奏。<br><br>陶之呼喚希望讓這些器皿不只是物件，而是一種陪伴。當你在餐桌前停下來喝一口茶時，那一瞬間的安靜，也許就是陶器想傳達的力量。,076P2,Public,Published
P000153,泥濘日常,旋轉中的器皿誕生,當拉胚機開始旋轉時，陶土就像開始呼吸。<br><br>在泥濘日常的工作室裡，創作往往從這個旋轉的瞬間開始。雙手包覆著陶土，隨著速度的變化慢慢向上提拉，原本無形的泥團逐漸變成杯子、碗或茶壺。<br><br>拉胚的過程需要專注。掌心的壓力、手指的位置，都會影響器皿的形狀。當陶土在旋轉中被拉高時，線條會變得俐落而流暢。<br><br>我們在設計器皿時，也會反覆測試實用性。茶壺的出水是否順暢、杯子的握感是否舒適，都是重要的考量。因為對我們而言，好的陶器應該能真正融入日常生活。<br><br>泥濘日常希望創作出既簡約又實用的器皿。當它們出現在餐桌上時，不會過於張揚，卻能默默地為生活增添一份安定與質感。,077P1,Public,Published
P000154,泥濘日常,生活感的陶器設計,在泥濘日常，我們常常思考一個問題：什麼樣的器皿才算好用？<br><br>答案其實很簡單。當你每天都願意拿起它使用，那就是一件成功的器皿。<br><br>因此在設計過程中，我們特別重視比例與手感。杯口的弧度、壺把的角度、碗身的深度，都會經過多次調整。這些細節雖然微小，但會直接影響使用時的感受。<br><br>釉色的選擇也保持簡約。柔和的米色、溫潤的灰色或帶點自然紋理的釉面，讓器皿看起來安靜而耐看。<br><br>泥濘日常希望透過這樣的設計，讓陶器成為日常的一部分。當你早晨倒一杯茶、晚上盛一碗湯時，這些器皿都會陪伴在身邊。<br><br>那份不張揚的存在感，就是我們最喜歡的生活風景。,077P2,Follower,Published
P000155,微型陶刻,藏在陶土裡的小世界,在微型陶刻的桌面上，總是擺滿許多小小的作品。<br><br>有些是拇指大小的陶偶，有些是精緻的筷架或袖珍花器。這些作品雖然體積不大，但每一件都需要細心雕刻與上色。<br><br>創作微型陶器時，最大的挑戰就是比例。稍微多刻一點，圖案就可能失去平衡；稍微少刻一點，細節又會不夠清晰。因此每一刀都必須非常專注。<br><br>當作品完成後，看著那些小小的角色站在桌面上，總會有一種奇妙的感覺。彷彿它們各自擁有性格，像是一群住在陶土裡的小精靈。<br><br>微型陶刻希望透過這些小物，為生活帶來一點驚喜。也許只是一個小小的筷架，卻能讓餐桌多了一份趣味。,078P1,Public,Published
P000156,微型陶刻,微縮世界的溫柔魔法,很多人第一次看到微型陶刻作品時，總會忍不住靠近仔細觀察。<br><br>那些細小的紋理與表情，需要非常近的距離才能看清。正因如此，微型陶刻的魅力往往藏在細節之中。<br><br>創作時，我們會先用陶土塑出基本形狀，再用細小工具慢慢雕刻紋理。等到窯燒完成後，才開始為作品上色。這個過程需要很多耐心，但也非常有趣。<br><br>當作品被放在桌上時，會像一個微縮景觀。小小的花器、一隻迷你動物，或是一個精緻的陶偶，都能瞬間改變空間的氛圍。<br><br>微型陶刻相信，美感並不一定要宏大。有時候，一個小小的細節，就足以讓生活變得更有趣。,078P2,Public,Published
P000157,斑斕陶室,釉色的流動之舞，窯火裡誕生的色彩奇蹟,在斑斕陶室，每一次開窯都像揭開一場未知的畫展。當釉藥在高溫中逐漸融化，顏料彼此交融、流動、重疊，器皿的表面便開始出現意想不到的色彩變化。有時像夜空中漂浮的雲霧，有時又像深海裡翻湧的潮流，這些流動的紋理彷彿在講述一段窯火與泥土的故事。<br><br>我們會精準控制釉料的厚度與堆疊方式，使不同色層在燒製時產生化學反應。這些細微差異，會讓每件器皿在出窯時呈現截然不同的樣貌。即使使用同一種配方，也很難複製完全相同的效果。<br><br>對斑斕陶室而言，器皿不只是日常用品，而是一塊可以承載色彩與能量的畫布。當你用手觸摸杯子或碗的表面時，也是在感受釉藥凝結後留下的流動痕跡。<br><br>那些色彩斑斕的紋理，正是窯火與時間共同完成的藝術。,079P1,Public,Published
P000158,斑斕陶室,泥土上的畫布，讓器皿綻放如星空般的色彩,斑斕陶室一直相信，陶器也可以像畫作一樣富有情感。當釉料在器皿表面緩慢流動時，色彩會形成層層交織的紋路，像宇宙中的星雲，也像海浪翻湧的瞬間。<br><br>創作時，我們會先在陶坯表面鋪上一層基底釉，再以不同顏色的釉藥進行覆蓋。當溫度逐漸升高，釉料開始熔融並互相滲透，原本分明的顏色會慢慢融合，形成自然的過渡與流動。<br><br>這種過程充滿未知，因此每一次燒製都像一次冒險。當窯門打開的那一刻，器皿的最終樣貌才真正揭曉。<br><br>斑斕陶室希望讓人們在日常生活中也能感受到色彩的力量。當一只碗或一只杯子帶著星空般的釉色出現在餐桌上，生活也會多出一份藝術的驚喜。,079P2,Public,Published
P000159,白瓷心語,純白的寧靜之美，在光影之間綻放,白瓷心語的創作，始於對純白色的迷戀。瓷土在燒製後會呈現溫潤而潔淨的色澤，當光線透過薄薄的瓷壁時，會散發出柔和的半透明光感。那種靜謐而純粹的質地，正是白瓷最迷人的地方。<br><br>在設計上，我們刻意避免過多裝飾，而是透過細緻的雕花與堆泥技巧，在白色表面創造微妙的光影層次。當光線落在器皿上時，紋理會隨著角度變化，呈現柔和的陰影。<br><br>這種簡約的風格讓作品能自然融入任何空間。無論是餐桌、書桌或茶席，一件白瓷器皿都能帶來安靜而優雅的氛圍。<br><br>白瓷心語希望透過這些純淨的作品，讓人重新感受生活中的留白。因為在純白之中，往往藏著最深的寧靜與美感。,080P1,Public,Published
P000160,白瓷心語,在留白之中，聽見瓷土的溫柔聲音,對白瓷心語而言，創作是一種減法的藝術。我們不追求華麗的色彩，而是專注於瓷土本身的質感。當雙手在陶輪上塑形時，瓷土會隨著旋轉慢慢成形，那種細膩如脂的觸感令人著迷。<br><br>完成造型後，我們會在表面加入細緻的堆泥或刻紋，使白瓷在簡潔之中仍保有層次。這些紋理在光線照射下會產生柔和陰影，讓作品呈現出安靜卻豐富的視覺感。<br><br>白瓷最大的魅力，在於它的包容性。它既可以成為餐桌上的器皿，也能化作空間中的裝飾。無論放在哪裡，都不會喧賓奪主。<br><br>白瓷心語希望透過這些簡潔而純淨的作品，提醒人們：生活不必過於繁複，有時候，一點留白就足夠。,080P2,Public,Draft
P000161,花語不朽,讓花停留在最美的一刻，時間也為之駐足,花朵總是在盛開之後慢慢凋謝，但在花語不朽的世界裡，花的美麗可以被長久保存。我們選用來自日本與厄瓜多的優質花材，透過專業的脫色與染色技術，讓花朵在保留柔軟觸感的同時，延續鮮豔的色彩。<br><br>永生花最大的魅力，在於它既像真花般自然，又能跨越時間的限制。當花朵被重新排列與設計，它們就成為一件可以長久陪伴的藝術作品。<br><br>我們的花盒與花禮設計風格典雅而細緻，常運用層次分明的配色與柔和的線條，使作品散發出溫柔而高貴的氣質。<br><br>花語不朽希望讓每一份祝福都能被長久保存。當這些花朵靜靜擺放在空間裡，它們就像一段被定格的時光，持續散發優雅的美麗。,081P1,Follower,Published
P000162,花語不朽,不凋的花語，讓祝福陪伴更久的時光,每一朵花都有自己的語言。玫瑰象徵愛與熱情，繡球代表圓滿與祝福，而永生花則讓這些情感得以長久保存。<br><br>在花語不朽的設計過程中，我們會先挑選最飽滿的花材，再透過細緻的處理技術，讓花瓣保持柔軟與鮮豔。接著以不同高度與角度排列，使整體花藝呈現優雅的立體感。<br><br>這些作品常被用於開幕祝賀、生日禮物或重要紀念日。當花禮被放在空間裡，它會持續提醒人們那份曾經被送出的祝福。<br><br>花語不朽相信，真正美好的禮物不只是一瞬間的驚喜，而是一段可以長久陪伴的記憶。讓花朵停留在最美的時刻，也讓情感被溫柔地保存。,081P2,Follower,Published
P000163,乾燥拾光,把時間晾乾，收藏花草最深沉的香氣,在乾燥拾光的工作室裡，花朵不會急著綻放，也不會急著凋謝。它們被輕輕倒掛在通風的空間中，隨著時間慢慢失去水分，保留下最自然的形態。這是一種古老而溫柔的乾燥方式，不依賴機器，只依靠空氣與耐心。<br><br>當花瓣逐漸變得輕盈，顏色也從鮮豔轉為柔和的大地色調。暗紅、米褐與紫褐的層次交織在一起，像一段被歲月染過的畫面。這些色彩不張揚，卻帶著沉靜的美感。<br><br>我們將乾燥花整理成花束與花環，保留隨性而自然的線條。每一件作品都像一段靜止的時間片段，彷彿從老電影裡取出的一幀畫面。<br><br>乾燥拾光相信，花朵在乾燥之後並沒有失去生命，而是換了一種方式繼續存在。那份溫暖而懷舊的氣息，也會慢慢融入你的生活空間。,082P1,Public,Published
P000164,乾燥拾光,花朵沉睡之後，誕生另一種優雅姿態,當花朵從枝頭被採下的那一刻，它們的故事並沒有結束。在乾燥拾光，我們相信花朵在乾燥後會展現另一種深沉的美感。<br><br>透過自然通風乾燥法，花材會慢慢轉變為柔和的色調。鮮紅變成溫暖的酒紅，亮紫轉為深沉的暗紫。這些色彩的變化就像時間在花瓣上留下的筆觸。<br><br>乾燥花的魅力在於它的靜謐。沒有鮮花的嬌嫩，也沒有香氣的濃烈，卻多了一份歲月沉澱後的氣質。當它們被編織成花環或花束時，整體作品會呈現出復古而溫潤的氛圍。<br><br>乾燥拾光希望讓人們在日常生活中感受到這份安靜的美。那些經過時間洗禮的花草，會像一段溫柔的記憶，慢慢陪伴你的生活。,082P2,Public,Published
P000165,花之微縮,玻璃裡的微型森林，讓夢境停留在桌上,花之微縮相信，一個小小的玻璃盅也能裝下一片森林。當透明玻璃罩落下，裡面的花草與景觀彷彿進入另一個世界，一切都靜止而安然。<br><br>我們利用永生花與透明凝膠，細心搭建出層層景觀。小小的苔蘚、花朵與石子在玻璃中排列，就像一座縮小的自然場景。當光線穿透玻璃時，花瓣與葉片會呈現柔和的立體感。<br><br>這些微型花園不需要澆水，也不會凋謝。它們安靜地存在於桌面或書架上，成為一處隨時可以凝視的風景。<br><br>花之微縮希望透過這些作品，讓忙碌的生活中多出一個小小的停頓。當你望向那片微型森林時，彷彿也能暫時離開城市，走進一段安靜的夢境。,083P1,Public,Published
P000166,花之微縮,一座被時間保護的花園，在玻璃之中盛開,每一件花之微縮的作品，都像是一個被保存的瞬間。花朵在最美的狀態被安置進玻璃盅裡，彷彿被時間輕輕按下了暫停鍵。<br><br>我們會根據花材的形態與顏色，設計不同的微型景觀。有些像森林小徑，有些則像安靜的花園角落。透明玻璃讓整個空間顯得純淨，也讓花材的色彩更加鮮明。<br><br>當光線從不同角度照射進來時，花朵與葉片會產生柔和的陰影，使整體景觀更具深度。那種細緻而夢幻的畫面，讓人忍不住停下腳步欣賞。<br><br>花之微縮希望讓人們在日常生活中擁有一片屬於自己的小風景。無論是擺在辦公桌或窗邊，那座玻璃花園都會靜靜陪伴你度過每一天。,083P2,Public,Published
P000167,輕舞花飾,把森林戴在身上，花朵也能隨你起舞,輕舞花飾的創作靈感，來自於自然裡那些細小而美麗的花朵。我們希望讓花藝不只停留在花瓶中，而是能成為日常穿搭的一部分。<br><br>透過UV樹脂的包覆與加固技術，原本脆弱的乾燥花被保存並固定在飾品中。透明的樹脂像一層輕薄的保護殼，使花材保持色彩與形態，同時也增加耐用度。<br><br>髮夾、胸針與耳環上綻放著小小花朵，就像一片微型花園。當你行走或轉身時，花飾會隨著動作輕輕晃動，帶來一種自然又輕盈的氣息。<br><br>輕舞花飾希望每個人都能把自然帶進日常生活。當花朵成為飾品，你的造型也會多出一份柔和而獨特的魅力。,084P1,Public,Published
P000168,輕舞花飾,一朵花的輕盈旅程，從森林到你的髮間,花朵總是短暫而美麗，而輕舞花飾的創作正是為了延續這份美感。我們挑選形態細緻的乾燥花，經過處理後嵌入透明樹脂之中，使花瓣保持原有的姿態。<br><br>每一件飾品都像是一段自然的縮影。小小的花朵被固定在耳環或髮夾上，看起來就像森林裡剛剛飄落的一片花瓣。<br><br>設計上，我們刻意保留自然的不規則線條，讓作品看起來輕盈而有生命力。當光線照在樹脂表面時，花材會呈現柔和的透亮感，為整體造型增添一抹清新的氣息。<br><br>輕舞花飾相信，飾品不必華麗也能令人難忘。一朵小小的花，就足以讓日常穿搭變得更加優雅而獨特。,084P2,Public,Published
P000169,森林絮語,把森林掛在牆上，讓自然在城市裡呼吸,森林絮語的創作，從一段漂流木或一條藤蔓開始。那些看似不起眼的自然材料，在創作者手中被重新組合，慢慢形成具有生命力的花藝掛飾。乾燥花材、枝條與藤蔓交錯纏繞，就像森林裡自然生長的景象。<br><br>我們刻意避免過於工整的排列，而是讓線條自由延展。枝條的彎曲、花材的高低與藤蔓的纏繞，都保留了自然原本的姿態。正是這些不對稱的結構，讓作品看起來更有野性與層次。<br><br>當掛飾被放進居家空間時，它會像一段被帶回城市的森林片段。粗獷的木質與柔軟的花材形成對比，也讓整體氛圍顯得溫暖而原始。<br><br>森林絮語希望讓人們在忙碌的生活中，依然能感受到自然的呼吸。那份帶著森林氣息的作品，會靜靜為空間注入一股溫柔而野性的力量。,085P1,Public,Published
P000170,森林絮語,野性的花藝之美，讓自然的力量進入生活,在森林絮語的理念裡，花藝不一定要精緻對稱。真正動人的美，往往來自自然的隨性。漂流木的粗糙紋理、藤蔓的自由彎曲，以及乾燥花材的層層堆疊，構成了一種帶有野性氣息的藝術。<br><br>創作時，我們會先觀察材料本身的形狀與方向，再順著它的特性進行組合。有些枝條會向外延伸，有些花材則會藏在內層，使整體作品呈現豐富的層次。<br><br>這種看似隨意的排列，其實蘊含著微妙的平衡。當不同材質互相呼應時，作品會像森林裡的一段風景，充滿生命力與張力。<br><br>森林絮語希望透過這些作品，把自然的力量帶回家中。當你望向那片掛在牆上的枝葉時，也許會想起森林裡的風聲與陽光。,085P2,Follower,Published
P000171,奶油森林,層層酥香之間，藏著法式甜點的溫柔,在奶油森林的廚房裡，最重要的食材永遠是發酵奶油。那股濃郁而柔和的乳香，是每一款甜點靈魂的核心。當麵團與奶油被反覆折疊，層層薄片逐漸形成，千層酥皮也慢慢誕生。<br><br>烘焙的過程像一場精密的儀式。溫度、濕度與時間都必須被仔細控制，才能讓酥皮在烤箱中膨起，形成金黃而輕盈的層次。當酥皮被輕輕咬開時，細緻的碎屑與乳香會同時散開。<br><br>我們也喜歡加入在地旬味水果，使甜點呈現清新的平衡感。微酸的果香與濃郁奶油相遇，讓整體味道更加立體。<br><br>奶油森林相信，好的甜點不只是甜味，而是一種溫柔的陪伴。當午後陽光落在桌上，一塊酥香甜點就足以讓時間慢慢變得柔軟。,086P1,Follower,Published
P000172,奶油森林,午後的金色時光，一口甜點的幸福重量,甜點之所以迷人，在於它能讓人短暫忘記忙碌。奶油森林希望打造的，就是這樣一段溫柔的午後時光。<br><br>我們選用高品質發酵奶油與新鮮食材，製作法式塔類與千層點心。塔殼酥脆而細緻，內餡則融合乳香與水果的清甜。當刀子切開塔面時，香氣會慢慢散開，讓人忍不住期待第一口的味道。<br><br>創作甜點時，我們總在尋找味覺的平衡。太甜會掩蓋奶油的香氣，太酸又會失去柔和感。只有在恰到好處的比例下，味道才會層層展開。<br><br>奶油森林相信，甜點是一種情緒的藝術。當你坐下來慢慢品嚐時，那份細膩的乳香與酥脆口感，會讓整個午後都染上一層溫暖的金色。,086P2,Public,Published
P000173,糖心故事,一片餅乾的畫布，把祝福畫進甜味裡,在糖心故事，每一片餅乾都是一張小小的畫布。烘焙完成後，餅乾表面會被覆上一層細緻的糖霜，接著創作者用細小的擠花袋慢慢描繪圖案。<br><br>線條與顏色一層層堆疊，花朵、動物或字句逐漸出現在餅乾上。這些畫面不只是裝飾，而是為每個節日與場合量身打造的故事。<br><br>有些餅乾是為婚禮設計的祝福圖案，有些則是生日派對上的可愛角色。當人們收到這樣的餅乾時，往往會先欣賞圖案，再慢慢品嚐。<br><br>糖心故事相信，甜點可以承載情感。當糖霜在舌尖慢慢融化時，那份甜味也會把祝福一起傳遞出去。,087P1,Public,Published
P000174,糖心故事,把故事做成餅乾，讓甜味說出心意,在糖心故事的創作裡，餅乾不只是點心，而是一種表達情感的方式。每一次設計都從一段故事開始，也許是新婚的祝福，也可能是朋友間的溫暖心意。<br><br>烘焙完成的餅乾會被仔細冷卻，再覆上光滑的糖霜底色。接著創作者用細緻的手法描繪圖案，讓每一片餅乾都像一幅迷你插畫。<br><br>這些圖案常帶著溫暖的色彩與可愛的細節，使整體作品既精緻又充滿個性。當餅乾被送出時，它不只是甜點，也是一份可以被分享的情感。<br><br>糖心故事希望讓甜味變得更有意義。當你咬下一口餅乾時，那份溫柔的甜度，也會慢慢說出藏在心裡的故事。,087P2,Public,Published
P000175,麥香小徑,一條麵包的誠實味道，從老麵發酵開始,在麥香小徑的烘焙房裡，時間是最重要的材料。天然酵母在麵團裡慢慢發酵，讓小麥的香氣逐漸被喚醒。這個過程需要耐心，也需要對麵團細微變化的觀察。<br><br>我們選擇高含水量的麵團配方，使麵包在烘烤後擁有酥脆的外殼與Q彈的內裡。當刀子切開麵包時，可以看見大小不一的氣孔，那是長時間發酵留下的自然痕跡。<br><br>咬下一口時，麥香會慢慢在口中展開。沒有過多的糖與油脂，只留下小麥最原始的甘甜與淡淡的酸香。這樣的味道樸實卻耐吃，讓人一口接一口。<br><br>麥香小徑希望把麵包帶回最單純的樣子。當一條剛出爐的麵包放在餐桌上時，那股溫暖的香氣，就足以讓一頓餐點變得完整。,088P1,Public,Published
P000176,麥香小徑,在慢發酵的節奏裡，找回麵包的純粹,現代生活節奏快速，但在麥香小徑，麵包依然按照自己的時間慢慢成長。天然酵母需要長時間發酵，才能讓麵團產生自然的香氣與彈性。<br><br>我們相信，好麵包不需要太多華麗的配料。只要優質麵粉、天然酵母與耐心等待，就能創造出紮實而迷人的風味。當麵包在烤箱中逐漸膨起，外皮會形成金黃而酥脆的薄殼。<br><br>剛出爐的麵包帶著淡淡的麥香與微酸的酵母氣息。這種味道不濃烈，卻讓人感到安心。無論搭配橄欖油、起司或一碗熱湯，都能呈現最自然的風味。<br><br>麥香小徑希望讓麵包重新回到餐桌中心。那份樸實而溫暖的味道，正是生活最真實的幸福。,088P2,Public,Published
P000177,巧思甜點,苦與甜的魔法比例，巧克力的深邃魅力,在巧思甜點的世界裡，巧克力不只是食材，而是一種神祕的語言。不同產地的可可豆會帶來不同風味，有的帶著果酸，有的則散發堅果與焦糖香氣。<br><br>我們嚴選莊園級巧克力豆，並透過精準的溫度控制進行調溫。這個過程能讓巧克力呈現光澤與細膩口感，同時保持清脆的斷裂感。<br><br>布朗尼是品牌最具代表性的作品。它的口感介於蛋糕與軟糖之間，外層略帶酥脆，內部則濕潤濃郁。當巧克力在口中慢慢融化時，苦與甜會層層交替，帶來深邃而迷人的味道。<br><br>巧思甜點希望讓每一次品嚐都像一次探索。當你咬下一口濃郁布朗尼時，那股黑色的甜美力量，會悄悄喚醒味蕾深處的喜悅。,089P1,Public,Published
P000178,巧思甜點,黑色的誘惑之旅，一口布朗尼的奢華時刻,巧克力的魅力，在於它複雜而迷人的層次。巧思甜點在創作甜點時，總是試圖尋找苦與甜之間最完美的平衡。<br><br>布朗尼的製作過程看似簡單，但比例與溫度的控制至關重要。可可含量、奶油比例與烘烤時間，都會影響最終的口感。當一切恰到好處時，布朗尼會呈現濃郁而柔滑的質地。<br><br>切開布朗尼的瞬間，可以看見濕潤而細緻的內層。每一口都帶著濃厚的可可香氣，甜味與苦味在舌尖慢慢轉換，形成迷人的餘韻。<br><br>巧思甜點相信，甜點可以是一場感官冒險。那塊深色的布朗尼，就像一段神祕旅程，引領你走進巧克力的世界。,089P2,Follower,Published
P000179,微笑瑪德蓮,一枚貝殼甜點，藏著溫暖的小魔法,微笑瑪德蓮的誕生，源自一個簡單的想法：甜點應該能讓人瞬間變得開心。當一枚貝殼形狀的瑪德蓮從烤箱中取出時，淡淡的奶油香氣會立刻充滿整個空間。<br><br>我們特別追求外層微微焦脆的口感。那層金黃的外皮帶著輕微的酥感，而內部則保持柔軟濕潤。這樣的對比，使每一口都充滿層次。<br><br>口味設計上，我們加入各種創意元素。檸檬糖霜帶來清新的酸甜，而鐵觀音茶香則讓甜點多了一份成熟的韻味。<br><br>微笑瑪德蓮希望讓甜點成為日常的小驚喜。當你拿起那枚小小的貝殼甜點時，也許會發現，幸福其實可以如此簡單。,090P1,Public,Published
P000180,微笑瑪德蓮,一口瑪德蓮的幸福曲線，從烤箱到笑容,在微笑瑪德蓮的廚房裡，每一枚甜點都帶著一點溫柔。麵糊被倒入貝殼模具後，會在烤箱中慢慢膨起，形成優雅的弧度。<br><br>當甜點出爐時，外層呈現淡淡的焦糖色澤。輕輕掰開時，可以感受到鬆軟而濕潤的內部。那股溫暖的奶油香氣，總能讓人不自覺地微笑。<br><br>我們喜歡在口味中加入創意，例如抹茶、柑橘或茶香，讓每一枚瑪德蓮都有不同個性。搭配一杯熱茶或咖啡，簡單的午後時光也能變得特別。<br><br>微笑瑪德蓮相信，甜點的價值不只是味道，而是那份能讓人心情變好的力量。當你咬下一口時，也許會發現，幸福其實就在舌尖綻放。,090P2,Public,Draft
P000181,想像漫步,讓日常長出翅膀，一場插畫裡的奇妙遊行,在想像漫步的世界裡，任何日常物件都有可能變成主角。一支鉛筆可能在街上散步，一杯咖啡也許正和雲朵聊天。那些看似平凡的瞬間，在畫筆之下都會長出意想不到的故事。<br><br>創作時，我喜歡把生活中的小細節轉化成帶點幽默的畫面。例如一塊吐司正在曬太陽，或者一隻貓在騎腳踏車。這些畫面不需要複雜的敘事，只要看見就能讓人會心一笑。<br><br>明亮的色彩與簡單的線條，是想像漫步最重要的語言。無論是明信片、貼紙還是帆布包，作品都希望能陪伴人們的日常。<br><br>我始終相信，插畫的力量不在於技巧，而在於它能帶來快樂。只要願意保持好奇心，每一天都能成為一場新的想像旅行。,091P1,Follower,Published
P000182,想像漫步,在白紙上散步，畫出生活的小小奇蹟,想像漫步的創作，往往從一個簡單的念頭開始。也許是在路上看到一棵奇怪形狀的樹，或是發現一隻狗的表情特別有趣。這些生活中的小片段，會在腦海裡慢慢變成故事。<br><br>當畫筆落在紙上時，角色與場景就開始出現。普通的物品被賦予表情與動作，讓整個畫面充滿童趣。這些小小角色就像住在城市角落的居民，靜靜展開自己的冒險。<br><br>我喜歡把這些畫面印在明信片與貼紙上，讓它們能被帶進不同人的生活。有時候，一張小小的插畫就足以讓一天變得更有趣。<br><br>想像漫步希望提醒大家，世界其實一直充滿奇蹟。只要換個角度看，平凡的日子也會閃閃發光。,091P2,Public,Published
P000183,暗黑美學,在黑與白之間，尋找靈魂的寧靜深處,暗黑美學的創作，始於對黑白線條的迷戀。當顏色被拿走之後，畫面只剩下光與影、線條與留白。正是在這樣的極簡條件下，情感反而變得更加濃烈。<br><br>我的作品常以夢境與心理暗示為題材。扭曲的枝條、沉默的動物或殘缺的花朵，都象徵著人心深處那些難以言說的情緒。這些畫面帶著冷冽與神祕，也帶著一種奇特的平靜。<br><br>黑白線條的魅力，在於它能將複雜的情緒濃縮成簡單的形式。每一條筆觸都像一段低聲的獨白，在畫面裡慢慢展開。<br><br>暗黑美學相信，黑暗並不是恐懼的象徵，而是一種沉靜的空間。當你凝視那些深色線條時，也許會聽見自己內心最真實的聲音。,092P1,Public,Published
P000184,暗黑美學,線條的深夜低語，黑色世界的詩意,在暗黑美學的世界裡，畫面總是帶著一點靜默。黑色線條在白紙上延展，像夜晚裡悄悄蔓延的影子。那些看似簡單的圖像，其實蘊含著深層的情緒。<br><br>創作時，我常從自然界的殘缺之美尋找靈感。破裂的樹枝、枯萎的花朵或孤獨的動物，都具有一種難以言喻的力量。它們提醒我們，美麗不一定來自完美。<br><br>黑白線條讓這些意象變得更加純粹。沒有色彩的干擾，觀者可以更專注地感受畫面的張力與氛圍。<br><br>暗黑美學希望透過這些作品，讓人重新理解黑暗的意義。它不是終點，而是一種讓情感沉澱的深層空間。,092P2,Public,Published
P000185,色塊生活,用色彩呼吸，牆面上的簡約節奏,色塊生活的創作從觀察風景開始。城市的天際線、海邊的水平線，或是建築之間的幾何結構，都能被轉化成簡潔的色塊構圖。<br><br>我喜歡把複雜的畫面簡化，只保留最重要的形狀與顏色。大片的藍色可能代表天空，一塊暖橙色則象徵午後陽光。這些色彩在畫面中彼此呼應，形成平靜而有節奏的視覺感。<br><br>當作品被掛在牆上時，它不會喧賓奪主，而是像背景音樂一樣陪伴空間。柔和的色塊能讓整體氛圍變得輕鬆而舒適。<br><br>色塊生活希望透過簡潔的藝術語言，為日常生活帶來一點清新的視覺呼吸。,093P1,Public,Published
P000186,色塊生活,簡化風景的語言，讓色彩成為空間的節拍,在色塊生活的創作裡，畫面常常只由幾個顏色構成。沒有複雜細節，也沒有繁瑣線條，只有簡單而明確的色彩關係。<br><br>這種極簡的方式，其實來自對空間節奏的觀察。當不同顏色被放在一起時，它們會產生對比與平衡，就像音符組成旋律。<br><br>我喜歡用柔和的色彩打造安靜的氛圍，例如灰藍、暖米色與淡橘色的組合。這些顏色能讓空間看起來更開闊，也更容易讓人放鬆。<br><br>色塊生活相信，藝術不一定要引人注目。有時候，一幅安靜的色塊畫就能讓整個房間的氣息變得更舒服。那份平衡與簡潔，正是生活最理想的節奏。,093P2,Follower,Published
P000187,靈魂肖像,在眼神之間，畫下屬於你的靈魂輪廓,在靈魂肖像的創作裡，畫一個人從來不只是描繪五官。每張臉孔背後都有一段故事，而真正值得被留下的，是那些藏在眼神與表情裡的情緒。<br><br>開始創作之前，我喜歡先與受畫者聊聊天。透過交談與觀察，慢慢捕捉對方的氣質與個性。有些人溫柔而沉靜，有些人則帶著俏皮的光芒。這些細微差異，會成為畫面最重要的部分。<br><br>我常使用水彩或粉彩作為媒材。水彩的流動感能表現情緒的柔軟，而粉彩則能呈現溫暖的質地。當顏料慢慢堆疊，人物的神韻也逐漸浮現。<br><br>靈魂肖像希望讓每幅畫都成為一段記憶的容器。當你多年後再次看見這幅肖像，也許會想起那個瞬間的笑容與心情。,094P1,Public,Published
P000188,靈魂肖像,不只是長相的複製，一段被畫下的生命時刻,很多人以為人物肖像只是畫得像，但在靈魂肖像的理念裡，「像」只是起點。真正的目標，是把那個人的氣質與情感留在畫布上。<br><br>創作時，我會仔細觀察受畫者的表情與姿態。有的人眼神堅定，有的人帶著柔和的笑意。這些微妙的細節，往往比五官比例更能表現一個人的個性。<br><br>顏料的選擇也會影響畫面的氛圍。柔和的水彩色調能帶來溫暖感，而粉彩的層層堆疊則讓人物看起來更有厚度。<br><br>靈魂肖像相信，一幅好的肖像畫不只是影像紀錄，而是一段被珍藏的時光。當那張畫掛在牆上時，它也在靜靜訴說一段屬於你的故事。,094P2,Public,Published
P000189,夢境插畫室,在植物與星光之間，夢境悄悄生長,夢境插畫室的世界總帶著一層柔和的薄霧。畫面裡的植物會輕輕環繞著人物，而光線像清晨的霧氣般安靜地流動。這些場景往往不像現實，更像是一段剛醒來時仍記得的夢。<br><br>創作靈感多來自自然。葉片、花朵與樹枝被細緻描繪，形成一片安靜的森林。在這樣的空間裡，人與自然不再分離，而是彼此守護與陪伴。<br><br>細膩的筆觸與柔和色彩，使畫面呈現出療癒的氛圍。當觀者凝視這些細節時，彷彿也能慢慢沉入那片安靜的世界。<br><br>夢境插畫室希望透過作品，為忙碌的人們提供一個短暫的避風港。當你翻開畫冊或看見一幅插畫時，也許會在那片夢境裡找到片刻的平靜。,095P1,Public,Published
P000190,夢境插畫室,翻開一頁夢境，讓自然的溫柔包圍你,夢境插畫室的畫面常帶著神祕而安靜的氣息。人物與植物之間沒有界線，枝葉會輕輕延伸到人物肩上，花朵則像在低聲耳語。<br><br>創作者喜歡在畫面中加入細節，例如微小的葉脈、漂浮的種子或夜空中的光點。這些細節讓整個場景像一個慢慢呼吸的夢境。<br><br>色彩多半柔和而自然，綠色與暖色調交織在一起，使畫面看起來既溫柔又深沉。當光線落在畫布上時，細節會逐漸浮現。<br><br>夢境插畫室希望讓人重新感受自然的力量。即使生活在城市裡，也能透過這些畫面，想像自己走進一片靜謐的森林。,095P2,Public,Published
P000191,隱山茶作,一杯山頭的氣息，在茶湯裡慢慢展開,隱山茶作相信，一杯好茶應該能讓人看見山的輪廓。當熱水注入茶葉時，葉片慢慢舒展，淡淡的香氣也隨之升起。<br><br>這些茶葉來自台灣高山契作茶園。自然農法讓茶樹在純淨環境中生長，而老茶師則透過揉捻與焙火，將茶葉的香氣與層次完整保留下來。<br><br>第一口茶湯往往清透而柔和，接著會慢慢出現甘甜的回韻。那種味道不像甜點般濃烈，而是一種安靜而悠長的香氣。<br><br>隱山茶作希望讓茶文化回到日常生活。當你在忙碌的一天裡泡上一杯茶，也許會感覺自己正坐在山頭上，看著雲霧慢慢飄過。,096P1,Follower,Published
P000192,隱山茶作,在一盞清茶裡，找到生活的安靜節奏,對隱山茶作而言，喝茶是一種慢下來的方式。當茶葉被放入壺中，熱水緩緩倒下，整個空間都會瀰漫著淡淡茶香。<br><br>我們的茶葉保留完整原片形態，使每次沖泡都能展現不同層次。第一泡香氣清新，第二泡甘韻逐漸出現，而第三泡則更加圓潤。<br><br>這些細微變化，是高山茶最迷人的地方。不同海拔與焙火程度，會讓茶湯呈現獨特風味。<br><br>隱山茶作希望讓喝茶變成一件輕鬆的事情。不需要複雜儀式，只要一壺熱水與幾片茶葉，就能在日常裡找到一段屬於自己的山林時光。,096P2,Public,Published
P000193,烘焙靈魂,從一顆豆子開始，喚醒早晨的靈魂,在烘焙靈魂的工作室裡，清晨總是從咖啡豆的香氣開始。當綠豆進入烘豆機，溫度逐漸上升，空氣中會慢慢瀰漫出堅果與可可的氣味。那是一種令人著迷的香氣，也是每位咖啡愛好者熟悉的召喚。<br><br>我們特別偏愛中深焙的風味。這樣的烘焙程度能讓咖啡展現出醇厚的口感與溫暖的甜感。奶油般的滑順、堅果的香氣，以及尾韻中淡淡的可可味，形成層次豐富的味覺體驗。<br><br>每一批咖啡豆都經過人工挑選與多次杯測，確保風味穩定。這些細緻的工序，只為了讓每一杯咖啡都能呈現最佳狀態。<br><br>烘焙靈魂希望與你分享那份從研磨到沖煮的儀式感。當第一口咖啡入口時，整個人彷彿也被香氣輕輕喚醒。,097P1,Public,Published
P000194,烘焙靈魂,烘豆的火焰與香氣，一段黑色風味的探索,咖啡烘焙是一場關於溫度與時間的藝術。在烘焙靈魂，我們總是細心觀察豆子的變化。從最初的青草氣味，到逐漸轉為焦糖與可可的香氣，每個階段都充滿驚喜。<br><br>中深焙是我們最喜歡的風格。當咖啡豆達到理想的烘焙曲線時，表面會呈現深棕色澤，而風味也會變得更加濃郁。這樣的咖啡既有厚實口感，也保留了柔和的甜味。<br><br>我們相信，好的咖啡應該讓人每天都期待。當你在早晨研磨咖啡豆時，那股新鮮香氣會立刻充滿整個空間。<br><br>烘焙靈魂希望讓咖啡不只是提神飲料，而是一種能夠陪伴生活的風味旅程。,097P2,Follower,Published
P000195,果茶日常,讓花果在杯中綻放，一壺溫柔的療癒時光,在果茶日常的世界裡，每一壺茶都像一束小小花園。當熱水倒入茶壺，乾燥果片與花草會慢慢舒展，釋放出清新的香氣。橙皮的酸甜、蘋果的果香，再加上一點洋甘菊的柔和氣息，整體味道變得層次豐富。<br><br>我們選用低溫烘乾的果乾，盡可能保留水果原本的香氣與色彩。搭配不同花草後，茶湯會呈現出自然的甜味與溫和口感，不需要額外添加糖分。<br><br>果茶日常希望把喝茶變成一件輕鬆的事情。無論是午後的休息時刻，還是夜晚準備入睡前，一壺水果茶都能帶來舒適的陪伴。<br><br>當花香與果香在杯中交織時，那份溫柔的味道，也會讓整個人慢慢放鬆下來。,098P1,Public,Published
P000196,果茶日常,一杯繽紛果茶，讓日常多一點甜意,果茶日常相信，茶不一定要苦澀。當水果與花草相遇，茶湯便會展現出清新而愉悅的味道。<br><br>我們把在地果乾與西方花草進行搭配，例如莓果與薰衣草、蘋果與洋甘菊。這些組合既保留水果的自然酸甜，也讓花香帶來柔和的層次。<br><br>沖泡時，看著果片在水中慢慢旋轉，本身就是一種療癒的過程。茶湯的顏色逐漸變得溫暖而明亮，讓人忍不住期待第一口的味道。<br><br>果茶日常希望讓每個人都能找到屬於自己的放鬆時刻。當你端起那杯果茶時，也許會發現生活其實可以很簡單，也很溫柔。,098P2,Public,Published
P000197,冷萃工坊,時間的低溫藝術，一杯冷萃的極致甘甜,冷萃工坊相信，時間是最溫柔的萃取工具。當咖啡粉在低溫水中靜靜浸泡，風味會慢慢被釋放出來。這個過程通常需要十二小時以上，但換來的是更加圓潤與甘甜的口感。<br><br>低溫萃取能減少苦味與澀感，使咖啡呈現柔和而順滑的質地。入口時幾乎沒有刺激感，反而帶著淡淡的可可與焦糖氣息。<br><br>我們將這些冷萃咖啡裝入瓶中或濃縮液中，方便隨時享用。只需加水或冰塊，就能輕鬆得到一杯清爽的咖啡。<br><br>冷萃工坊希望讓人重新認識咖啡的另一種可能。那份細膩而冷靜的風味，就像時間慢慢沉澱後留下的精華。,099P1,Public,Published
P000198,冷萃工坊,慢速萃取的秘密，讓清涼風味更純粹,在冷萃工坊，沖煮咖啡不再是一場快速過程。咖啡粉與冷水在容器中靜靜相遇，經過長時間浸泡，風味會逐漸融合。<br><br>這種慢速萃取的方式，能保留咖啡本身的甜感與香氣，同時降低酸澀與苦味。當冷萃咖啡完成時，整體口感顯得格外清爽與順滑。<br><br>我們也將同樣技術運用在冷泡茶上，使茶葉在低溫中慢慢釋放香氣。那種清涼而細膩的味道，非常適合炎熱的午後。<br><br>冷萃工坊希望帶來一種新的飲品體驗。在忙碌的日常裡，一口冰涼的冷萃咖啡，也能讓人瞬間感受到片刻的寧靜。,099P2,Public,Published
P000199,晨光精品,三分鐘的儀式感，讓晨光在杯中甦醒,對晨光精品而言，咖啡不只是提神的飲料，而是一段喚醒感官的小儀式。忙碌的城市節奏讓人很難停下腳步，但只要三分鐘，你依然可以享受一杯真正講究的咖啡。這正是我們製作掛耳包咖啡的初衷。<br><br>我們選用來自全球五大產區的精品咖啡豆，從衣索比亞的花果香，到哥倫比亞的柔和甜感，每一款都有鮮明的風味個性。咖啡豆在接單後才進行研磨與包裝，只為保留最迷人的香氣。<br><br>沖泡時，只需將掛耳包掛在杯緣，慢慢注入熱水。咖啡粉在水中綻放的瞬間，香氣會迅速充滿整個空間。那股溫暖的氣味，就像早晨第一道光。<br><br>晨光精品希望，每個人都能從一杯好咖啡開始一天。即使生活再忙碌，也別忘了為自己保留一點美好的開始。,100P1,Public,Published
P000200,晨光精品,一包精品咖啡，為你的早晨點亮專注力,許多人認為好咖啡只存在於咖啡館，但晨光精品想改變這件事。我們相信，只要選對咖啡豆與研磨方式，即使在辦公室或家中，也能沖出職人級的手沖風味。<br><br>因此我們嚴選全球精品產區的咖啡豆，並根據豆子的風味特性設計不同烘焙曲線。每一款掛耳包，都能呈現清晰而平衡的口感。<br><br>當熱水緩緩流過咖啡粉時，香氣會層層釋放。先是柔和的堅果香，再慢慢浮現出淡淡果酸與甘甜尾韻。短短幾分鐘，整個空間就被咖啡香包圍。<br><br>晨光精品希望讓每個早晨都充滿質感。當你端起那杯咖啡時，也等於為一天注入專注與能量。,100P2,Public,Draft
P000201,綠意角落,把一座小森林搬回家，讓生活慢慢呼吸,在城市裡生活久了，人們常常忘記綠色帶來的安定感。綠意角落誕生的原因，就是希望把自然的一部分帶回室內空間。<br><br>我們精心挑選適合室內環境的植物，如耐陰的觀葉植物、優雅的蕨類，以及象徵生命力的虎尾蘭。這些植物不需要過於繁複的照顧，即使是初學者也能輕鬆培養。<br><br>除了植物本身，我們也設計並燒製獨特的盆器。不同材質與造型的盆器，能讓植物展現出不同氣質，也讓空間多了一份藝術感。<br><br>綠意角落希望讓養植物變成一件簡單而愉快的事。當你看著葉片在光線中微微搖曳時，也會感受到生活多了一點呼吸的節奏。,101P1,Follower,Published
P000202,綠意角落,在水泥森林裡，種下一點柔軟的綠色,現代都市的生活節奏快速而緊湊，許多人長時間待在室內空間。綠意角落相信，一盆植物就能為生活帶來不一樣的感受。<br><br>植物會在靜默中慢慢生長。新芽的出現、葉片的舒展，都提醒著我們生命的韌性與節奏。即使只是桌上一盆小小的綠植，也能為空間注入溫柔的力量。<br><br>我們提供專業配土與養護建議，讓每位顧客都能安心開始養植。從澆水頻率到光照條件，每個細節都幫助植物健康成長。<br><br>綠意角落希望，植物不只是裝飾，而是一種生活方式。當綠色進入日常，你會發現壓力似乎也被葉片悄悄吸收了。,101P2,Follower,Published
P000203,多肉萌芽,在掌心的荒漠裡，看見生命悄悄發芽,多肉植物的魅力，在於它們獨特而可愛的姿態。厚實的葉片、圓潤的形狀，彷彿每一株都藏著一份堅韌的生命力。<br><br>在多肉萌芽，我們蒐集了上百種不同品種的多肉植物。有些葉片呈現粉嫩色澤，有些則帶著霧面質感，每一株都像小小雕塑般迷人。<br><br>我們也特別設計多肉組盆，利用石材、原木與細沙打造微型景觀。看起來就像一片縮小的荒漠，卻充滿生機。<br><br>多肉萌芽希望讓每個人都能感受到養植物的樂趣。當你看著新芽慢慢長出時，也會發現自己多了一份耐心與喜悅。,102P1,Public,Published
P000204,多肉萌芽,小小肉肉的世界，一座療癒的微型沙漠,多肉植物之所以迷人，是因為它們能在艱困環境中依然生長。厚厚的葉片儲存水分，讓它們在乾燥環境中依舊保持飽滿姿態。<br><br>多肉萌芽的育苗過程需要耐心。從葉片繁殖到幼苗成長，每一株都需要細心照顧。當它們逐漸形成完整植株時，會展現出獨特而精緻的形態。<br><br>我們喜歡把多肉與石材、沙礫結合，創造出微型景觀盆栽。那種荒漠般的風格，不僅充滿設計感，也帶來一種安靜的療癒氣氛。<br><br>多肉萌芽希望讓更多人感受到多肉植物的魅力。當你每天看著它們慢慢成長時，也會感受到一種溫柔而穩定的生命力量。,102P2,Public,Published
P000205,苔影森林,在玻璃瓶裡建造一座森林，讓世界慢慢安靜下來,苔影森林的創作，總是從一個小小的玻璃瓶開始。透明的容器裡，鋪上細沙與泥土，再放入奇石、苔蘚與微型模型，一座微型世界便逐漸成形。那些柔軟的苔蘚像森林地毯，靜靜覆蓋著整個景觀。<br><br>苔蘚生態缸的魅力，在於它幾乎是一個自我循環的小宇宙。水氣在玻璃中蒸發與凝結，植物在微小空間裡慢慢生長，時間也因此變得格外緩慢。這種封閉而穩定的生態，讓人感受到自然的奇妙平衡。<br><br>當你低頭看向這片小森林時，會彷彿進入另一個安靜的世界。細小的石徑、迷你的樹叢，都在無聲地訴說故事。<br><br>苔影森林希望透過這些微縮景觀，為生活帶來一段片刻的寧靜。即使身處忙碌的都市，也能擁有一座屬於自己的森林角落。,103P1,Public,Published
P000206,苔影森林,一瓶微型宇宙，收藏森林深處的寧靜,在苔影森林，每一個生態缸都像是一段故事的開端。創作時，我們會先想像一片自然場景，也許是深山中的瀑布，也許是一條被苔蘚覆蓋的小徑。<br><br>接著利用天然苔蘚與奇石重建地形，再加入微型人物或小屋模型，讓整個景觀更具生命力。看似簡單的玻璃瓶，其實蘊藏著一座完整的自然景觀。<br><br>苔蘚的生長緩慢而安靜，它們不需要過多照顧，只需柔和光線與適度濕度，就能長時間保持翠綠。這份安靜的生命力，正是苔影森林最迷人的地方。<br><br>當你在忙碌工作中抬頭看見這片綠意，心情也會慢慢沉澱下來。那座瓶中的森林，像一個靜默的避風港。,103P2,Public,Published
P000207,空氣花園,讓植物在空中漂浮，打造一座輕盈的綠色花園,空氣花園的創作靈感來自一種特殊植物——空氣鳳梨。它們不需要土壤，只靠葉片吸收空氣中的水分與養分。這樣的特性，讓植物可以脫離盆栽，成為空間中的立體裝飾。<br><br>我們結合金屬支架、原木底座與懸掛編織，讓空氣鳳梨彷彿漂浮在空中。當陽光透過葉片投射出柔和陰影時，整個空間也多了一份輕盈與未來感。<br><br>空氣花園追求的是極簡與流動的美學。植物不再只是角落的裝飾，而是與空間共同呼吸的存在。<br><br>當你抬頭看見綠色在空中延伸時，也會感受到一種自由與開闊。那座漂浮的花園，讓日常生活變得更加靈動。,104P1,Public,Published
P000208,空氣花園,在空氣中種植綠意，重新想像植物與空間的關係,空氣花園希望打破人們對植物的既定印象。傳統盆栽總是固定在地面或桌面，但空氣鳳梨卻讓綠意能自由地延伸到空間之中。<br><br>透過不同材質的結構設計，植物可以被懸掛、立體展示，甚至組成像雕塑般的裝置藝術。這些設計讓植物成為空間的一部分，而不只是裝飾。<br><br>空氣鳳梨的照顧方式也相當簡單，只需定期噴霧或浸水，就能保持健康生長。這種輕鬆的養護方式，讓更多人願意嘗試植物生活。<br><br>空氣花園希望透過這些創作，讓每個家都能擁有一座漂浮的綠色景觀。當植物在空氣中舒展時，整個空間也會變得更加自由而充滿想像。,104P2,Public,Published
P000209,植感慢活,從一顆種子開始，找回生活真正的節奏,植感慢活相信，最幸福的料理往往來自親手種植的食材。當你在陽台播下一顆小小的種子，生活的節奏也會隨之改變。<br><br>薄荷、迷迭香與羅勒等香草植物，不僅容易栽培，也能為日常料理增添香氣。從澆水、照顧到收成，每一個過程都充滿期待。<br><br>我們提供完整的種植組合與教學，讓初學者也能輕鬆開始自己的小花園。即使只是陽台的一角，也能成為綠意盎然的香草園。<br><br>植感慢活希望讓人重新感受與土地的連結。當你親手摘下一片葉子加入料理時，也會發現生活其實可以如此簡單而美好。,105P1,Public,Published
P000210,植感慢活,在陽台種一片小菜園，讓日常慢慢發芽,在忙碌的城市生活裡，很多人早已忘記食物最初的模樣。植感慢活想重新連結人與土地之間的關係，讓每個人都能體驗種植的樂趣。<br><br>一盆香草、一株小番茄，或是一排嫩綠的羅勒，都能讓陽台變成充滿生命力的小菜園。每天觀察植物成長，也會讓人更懂得珍惜食材。<br><br>我們設計的栽培組不僅包含種子與土壤，也搭配質感盆器與清楚的種植指南。從播種到採收，每一步都能輕鬆完成。<br><br>植感慢活希望讓種植變成生活的一部分。當你在料理時加入自己栽種的香草，那份香氣與成就感，會讓每一餐都格外美味。,105P2,Follower,Published
P000211,滿意之禮,打開盒子的瞬間，讓驚喜悄悄溢出來,滿意之禮相信，一份好的禮物應該在打開的那一刻，就讓人感受到心意的重量。當盒蓋緩緩掀開，整齊排列的手作點心與香氛小物映入眼簾，那種被精心準備的感覺，往往比禮物本身更令人感動。<br><br>我們與多位手作職人合作，從手工餅乾到掛耳咖啡，每一樣選品都經過細心挑選。這些產品不只是好吃或好用，更代表著職人的用心與溫度。<br><br>在包裝設計上，我們追求大方而精緻的風格。簡潔俐落的盒型與沉穩的色彩，讓禮盒不論用於企業贈禮、節慶祝賀或彌月分享，都能展現體面與誠意。<br><br>滿意之禮希望讓送禮這件事變得簡單而愉快。當收禮者露出驚喜的笑容時，那份心意便已完整傳達。,106P1,Follower,Published
P000212,滿意之禮,一盒精選好物，替你說出最厚實的心意,有時候，一份禮物承載的不只是物品，而是一段情感。滿意之禮希望透過精心設計的禮盒，幫助人們把心裡的祝福與感謝完整表達出來。<br><br>我們挑選多樣化的手作產品作為禮盒內容。酥香的手工餅乾、溫潤的香氛小物，以及香氣濃郁的掛耳咖啡，讓每一份禮盒都充滿層次。<br><br>這些不同類型的選品，讓禮盒在開啟後像一場小小的探索。每拿起一樣物品，都能發現新的驚喜。<br><br>滿意之禮想讓送禮不再成為困擾，而是一種分享喜悅的方式。當你把禮盒交到對方手中時，那份誠意也會被完整接住。,106P2,Public,Published
P000213,輕語祝福,小小禮盒裡，藏著剛剛好的溫柔,輕語祝福相信，最動人的心意往往藏在細節裡。不需要華麗鋪張，一份簡單卻精緻的小禮物，就足以讓人感受到被記得的溫暖。<br><br>我們設計的禮盒多為小型包裝，內容物可能是一瓶手作香膏、一小罐果醬，或是一張溫柔的明信片。每樣物品都帶著手作的質感，也保留了送禮最純粹的情感。<br><br>包裝風格則偏向文青與簡約。柔和的色調、簡潔的線條，以及留白的設計，都讓禮盒散發出安靜而細膩的氣息。<br><br>輕語祝福希望讓人重新發現送禮的本質。那不是炫耀，而是一句輕聲的問候，讓對方在忙碌生活中感受到一點溫柔的光。,107P1,Public,Published
P000214,輕語祝福,用一份小禮物，說一句剛好的謝謝,生活中有許多值得感謝的時刻，但我們往往不知道該如何表達。輕語祝福的存在，就是為了替這些心情找到一個溫柔的出口。<br><br>每一份禮盒都附上一張可以手寫的卡片。我們相信，親手寫下的文字，比任何精緻印刷都更真誠。<br><br>禮盒內容精巧而細膩，例如一小瓶果香濃郁的果醬，或一款淡雅香氣的手作香膏。這些小物不張揚，卻能在日常生活中慢慢陪伴。<br><br>輕語祝福希望讓感謝變得自然。當你把禮盒遞給對方時，那句「謝謝你」也會隨著禮物一起被輕輕傳遞。,107P2,Public,Published
P000215,紅韻賀禮,讓節慶的紅色，重新綻放新的美學,紅韻賀禮的創作靈感，來自於傳統節慶中那抹熟悉的紅色。春節的紅包袋、中秋的月餅盒，這些元素承載著文化記憶，也象徵著祝福與團聚。<br><br>我們在設計時保留這些吉祥色彩，同時加入現代排版與插畫風格。讓禮盒既保有傳統韻味，又呈現出俐落且時尚的視覺感受。<br><br>內容物則精選在地小農與職人製作的特色食品，例如手工漢餅或地方農產。每一樣都代表著土地的味道。<br><br>紅韻賀禮希望讓節慶不只是形式，而是一種充滿溫度的文化交流。當禮盒被打開時，也像打開了一段關於節日的故事。,108P1,Public,Published
P000216,紅韻賀禮,把傳統節慶裝進禮盒，傳遞跨世代的祝福,在紅韻賀禮，我們相信節慶的魅力來自於人與人之間的連結。那些關於過年的團圓、端午的粽香，以及中秋的月光，都是珍貴的文化記憶。<br><br>因此我們將傳統節日的元素重新設計，讓它們在現代生活中依然充滿魅力。俐落的構圖、溫暖的紅色與手繪圖案，讓禮盒既有文化深度，也具備現代美感。<br><br>禮盒中的食品多來自小農與職人品牌，每一口都帶著真實的土地風味。這不僅是一份禮物，更是一份文化的延續。<br><br>紅韻賀禮希望讓節慶重新回到生活中心。當你把這份禮盒送給親友時，也等於傳遞了一份跨越世代的祝福。,108P2,Public,Published
P000217,禮之美學,當包裝成為藝術，讓開箱變成一場儀式,在禮之美學的創作理念裡，一份禮物的故事，其實從打開盒子的那一刻才真正開始。包裝不只是保護內容物的外殼，而是承載情感與期待的第一層舞台。<br><br>我們特別重視材質的觸感與細節設計。環保紙材的溫潤質地、手工絲帶的柔軟垂墜，以及封蠟印記留下的古典痕跡，都讓整個包裝充滿層次。當收禮者慢慢拆開絲帶、揭開封蠟時，那份期待感會逐漸累積。<br><br>這種「層層揭開」的過程，就是我們所追求的開箱儀式感。每一道細節都像是一段鋪陳，讓最終的禮物在出現時更顯珍貴。<br><br>禮之美學希望把送禮變成一場藝術體驗。當一份禮物被打開時，不只是看到物品，更是感受到那份被精心設計過的心意。,109P1,Public,Published
P000218,禮之美學,讓每一份心意，都披上最優雅的外衣,禮之美學相信，好的包裝能讓一份禮物變得更加完整。當精緻的紙盒、柔軟的絲帶與細膩的封蠟共同組合時，整個禮物便多了一份藝術感。<br><br>我們在設計包裝時，會考慮視覺與觸感之間的平衡。色彩不需要過度華麗，但要能展現優雅氣質；材質不必複雜，但必須讓人一觸即感受到質感。<br><br>除了禮盒本身，我們也提供包裝設計與代客送禮服務。無論是企業贈禮或個人祝福，都能透過客製化設計呈現獨特風格。<br><br>禮之美學希望讓送禮不只是交換物品，而是一段值得被記住的體驗。當包裝被拆開的那一刻，情感也隨之慢慢綻放。,109P2,Follower,Published
P000219,客製驚喜,為一個人設計的禮物，才是真正的驚喜,在客製驚喜，我們相信每個人都有屬於自己的喜好與故事。因此，一份真正貼心的禮物，不應該是固定的組合，而是為特定的人量身打造。<br><br>當顧客提供收禮者的興趣與生活習慣後，我們的策展人便會開始挑選最合適的物品。也許是一副手作耳環，也可能是一款來自特定產區的茶葉，每一件都經過細心搭配。<br><br>這樣的禮盒，就像一份被精準理解的回應。當收禮者發現每件物品都符合自己的喜好時，那份驚喜便會更加深刻。<br><br>客製驚喜希望讓送禮變成一種深度關懷。透過細緻的挑選與設計，我們幫助你把「我很在乎你」這句話說得更加完整。,110P1,Public,Published
P000220,客製驚喜,把心思變成禮物，打造只屬於他的那一盒,許多禮盒看起來精緻，但內容往往千篇一律。客製驚喜希望打破這樣的模式，讓每一份禮物都擁有獨特的個性。<br><br>我們會先了解收禮者的喜好，例如喜歡閱讀、品茶或手作藝術。接著再從不同品牌與職人的作品中挑選適合的物件，重新組合成一份專屬禮盒。<br><br>除了內容物的搭配，我們也提供名稱刻印與卡片代寫服務。簡單的一句祝福，加上專屬設計的禮盒，就能讓整份禮物更具意義。<br><br>客製驚喜相信，真正的驚喜來自於被理解。當禮盒被打開時，那份專屬於一個人的細節，會讓整個瞬間變得格外難忘。,110P2,Public,Draft
P000221,織心工藝,在一針一線之間，編織出溫柔的日常,織心工藝的作品，總是從一圈安靜的針法開始。鉤針在棉線之間來回穿梭，一個小小的環扣，慢慢延伸成完整的織物。<br><br>編織是一門需要耐心的工藝。每一件作品都要經過長時間的專注與細緻調整，才能讓紋理呈現出立體而優雅的層次。<br><br>我們偏愛柔軟的棉線與溫潤的色調，讓作品看起來自然且舒適。無論是髮帶、貝雷帽還是編織包，都帶著手作特有的溫度。<br><br>織心工藝希望把這份慢節奏的美感帶進日常生活。當你觸摸到那些細密的針目時，也能感受到手作所傳遞的安靜力量。,111P1,Follower,Published
P000222,織心工藝,讓古老針法，重新走進現代生活,鉤針編織曾是許多家庭常見的手藝，但在快速生產的時代裡，這門技藝逐漸被忽略。織心工藝希望重新喚起人們對這份手作藝術的欣賞。<br><br>透過不同的針法變化，我們能創造出各種立體紋理。看似簡單的線材，在針法交錯之下，會形成精緻而獨特的圖案。<br><br>這些織物不僅具有實用性，也帶有一種溫柔的生活氣息。當它們出現在餐桌、衣櫃或日常穿搭中，整個空間都會多了一份柔軟的質感。<br><br>織心工藝希望讓人重新感受到慢慢完成一件作品的價值。每一圈針線，都記錄著創作者的專注與耐心。,111P2,Public,Published
P000223,結之律動,讓繩結在空氣中舞動，編織牆面的自由節奏,在結之律動的創作世界裡，一條簡單的棉繩可以變成一段視覺節奏。透過反覆的纏繞、拉緊與打結，繩索逐漸形成富有層次的結構。這些結節排列出的線條，就像一段無聲的舞蹈，在牆面上展開流動的節奏。<br><br>Macram? 的魅力在於完全依賴雙手完成。沒有針具，只有繩子與時間。每一個結都需要精準的力道與耐心，才能讓整體結構保持平衡與優雅。<br><br>在光線照射下，繩結之間會投射出細緻陰影，讓作品更具有立體感。大型壁掛、植栽網袋與編織提袋，都帶著濃厚的波希米亞風格。<br><br>結之律動希望透過這些作品，為空間注入自然與自由的氣息。當棉繩在牆面上展開時，整個房間也彷彿開始呼吸。,112P1,Public,Published
P000224,結之律動,一條棉繩的旅程，編出空間的生命律動,結之律動的創作從一條棉繩開始。看似簡單的材料，經過不斷的打結與編排，逐漸形成複雜而優雅的結構。每一段線條都像是一種節奏，在空間中緩緩流動。<br><br>Macram? 編織並不追求完美對稱，而是強調線條的延伸與自然垂墜。當作品被掛上牆面時，棉繩的重量與張力會讓整體呈現出柔韌而有力量的姿態。<br><br>這些繩結同時帶著手作的溫度。每一圈纏繞都凝聚了創作者的專注，也讓作品保有獨特的個性。<br><br>結之律動希望讓編織成為一種與空間對話的方式。透過線條的流動與結構的節奏，為生活帶來一種自由而奔放的美感。,112P2,Public,Published
P000225,羊毛物語,在柔軟羊毛裡，藏著一個溫暖的小宇宙,羊毛物語的創作靈感，來自羊毛本身那種柔軟而充滿生命力的質地。當纖維在針氈的反覆刺入下逐漸緊密結合，一個立體的形狀便慢慢出現。<br><br>我們特別喜歡製作小動物造型。圓潤的耳朵、柔軟的身體與可愛的表情，讓每一件作品都像是從童話裡走出來的角色。<br><br>羊毛的色彩變化非常豐富。透過不同顏色的混合與堆疊，可以創造出自然且溫暖的漸層效果。這些細節讓作品更加生動。<br><br>羊毛物語希望讓人重新感受纖維藝術的療癒力量。當你輕輕觸摸那些柔軟的羊毛時，也會感受到一種溫暖而安心的陪伴。,113P1,Public,Published
P000226,羊毛物語,像雲朵一樣的手感，讓生活多一點童話,羊毛是一種充滿魔法的材料。蓬鬆的纖維經過濕氈或針氈處理後，會逐漸變得緊實而穩定，同時保留柔軟的觸感。<br><br>在羊毛物語，我們喜歡利用這種特性創作不同類型的作品。從動物擺飾到羊毛氈首飾，再到厚實的隔熱墊，每一件都展現纖維的多樣可能。<br><br>我們特別重視色彩搭配。鮮明而柔和的色調，讓作品看起來像糖果般繽紛，也帶來愉快的視覺感受。<br><br>羊毛物語希望透過這些創作，把溫暖帶進生活。當你看見那些柔軟的小作品時，也許會忍不住露出一個輕鬆的微笑。,113P2,Follower,Published
P000227,纖維實驗,當纖維突破框架，編織成一場視覺革命,在纖維實驗的創作理念裡，線材不必侷限於柔軟與傳統。我們喜歡把金屬絲、塑膠管與布條混合編織，讓不同材質在同一件作品中產生碰撞。<br><br>這些材料帶來截然不同的質地。金屬的冷冽、布料的柔軟與塑膠的透明感，彼此交錯後形成強烈的視覺對比。<br><br>透過織布技術的結構變化，作品逐漸呈現出接近雕塑的立體形態。抱枕、掛畫甚至飾品，都因此展現出鮮明而前衛的風格。<br><br>纖維實驗希望讓人重新思考「編織」的定義。當不同材質在作品中相遇時，藝術的邊界也被悄悄打破。,114P1,Public,Published
P000228,纖維實驗,讓材料彼此對話，探索纖維藝術的極限,纖維實驗的創作過程像一場材料對話。當金屬絲與布條在織機上交錯時，硬與軟、光與霧的質地會產生奇妙的平衡。<br><br>我們刻意選擇不同來源的材料，例如回收布條或塑膠管。這些看似衝突的元素，經過設計後反而能展現新的美感。<br><br>最終完成的作品往往帶有雕塑般的存在感。它們不只是裝飾品，更像是一件具有思想的藝術裝置。<br><br>纖維實驗希望邀請觀者重新想像纖維的可能。當材料突破既有界線時，藝術也會展現出更加自由而大膽的面貌。,114P2,Public,Published
P000229,手感溫度,讓纖維慢慢呼吸，織出冬日最溫柔的擁抱,在手感溫度的工作室裡，每一件織物的誕生都需要時間。細緻的羊毛與羊駝毛在雙手之間慢慢延展，經過一圈又一圈的編織，逐漸形成柔軟而厚實的布料。這樣的過程看似簡單，卻蘊藏著對材料與節奏的理解。<br><br>我們特別重視天然纖維帶來的觸感。羊毛的溫潤、羊駝毛的輕柔，以及蠶絲的光澤，都讓織物展現出自然的生命力。穿上這些作品時，你能感受到纖維貼近肌膚的柔和呼吸。<br><br>手感溫度不追逐快速變化的潮流，而是專注於經典與耐久。簡潔的剪裁與沉穩的色彩，讓每一件毛衣或圍巾都能陪伴多年。<br><br>當冬日寒風來臨時，一件手工織物帶來的不只是溫暖，更是一種被細心照顧的感覺。,115P1,Public,Published
P000230,手感溫度,在慢織的節奏裡，收藏一段溫暖的時光,現代生活節奏快速，而手感溫度的創作卻選擇放慢。編織是一種需要耐心的工藝，每一圈線材都記錄著時間的痕跡，也讓作品充滿人手的溫度。<br><br>我們選用高品質天然纖維，讓織物保持透氣與柔軟。這些材料不僅舒適，也能隨著歲月逐漸展現獨特質感。越是長時間使用，越能感受到它們的魅力。<br><br>圍巾、披肩與毛衣看似簡單，卻承載著長時間的專注與細緻。當你穿上它們時，也會感受到那份沉穩而溫暖的陪伴。<br><br>手感溫度希望讓衣物不只是消耗品，而是一段能長久保存的記憶。當多年後再次披上這件織物，或許仍能想起那個溫暖的冬日。,115P2,Public,Published
P000231,凝時之美,把花朵的瞬間，封存在透明的時間裡,在凝時之美的創作裡，每一朵花都代表一段被保存的時光。乾燥花草被細心整理後，放入透明的模具中，再慢慢澆注晶瑩的樹脂。隨著時間靜置與凝固，一個小小的世界便逐漸成形。<br><br>樹脂的透明質地像琥珀般純淨，能讓花朵的形態被完整保存。當光線穿過這些透明層時，會產生柔和的折射，使整件作品呈現出夢幻般的光影。<br><br>從紙鎮到燈座，每一件作品都需要多次澆注與耐心等待。氣泡的排除與層次的控制，都是創作過程中最關鍵的細節。<br><br>凝時之美希望讓自然的瞬間被永久留住。那些原本短暫的花朵，在透明空間裡成為永恆的景色。,116P1,Follower,Published
P000232,凝時之美,一滴樹脂的靜止，收藏自然的永恆光芒,花朵的生命短暫而燦爛，而凝時之美希望把那一刻的美麗延續。透過樹脂工藝，原本會凋零的花草被封存在清澈透明的空間中。<br><br>創作過程需要極大的耐心。每一層樹脂都必須等待完全凝固，再進行下一次澆注。這樣層層堆疊，才能形成晶瑩而深邃的效果。<br><br>當光線穿透作品時，花瓣與葉片會在透明空間裡浮現立體層次。那種如夢似幻的光影，讓人彷彿凝視著一個微型自然世界。<br><br>凝時之美希望讓桌面上的每一件作品，都成為一段安靜的風景。當你低頭看見那些被定格的花朵時，也會感受到時間被溫柔地保存。,116P2,Public,Published
P000233,幻彩樹脂,讓色彩自由流動，誕生無法複製的紋理宇宙,在幻彩樹脂的創作裡，色彩就像液體般自由。酒精墨水被滴入透明樹脂中後，會開始擴散、交融與沉積，形成難以預測的紋理。<br><br>這種自然流動的過程，讓每一件作品都獨一無二。有時像宇宙星雲，有時又像大理石紋路，色彩在透明層中交錯，產生迷人的深度。<br><br>我們將這些紋理運用在杯墊、托盤與裝飾板上，使日常用品同時具有藝術氣息。當光線照射在樹脂表面時，顏色會呈現出不同層次的變化。<br><br>幻彩樹脂希望把抽象藝術帶進生活。當你在桌面上放下一件作品時，也像擁有了一幅會發光的畫。,117P1,Public,Published
P000234,幻彩樹脂,把抽象畫封進生活，讓色彩在桌面綻放,幻彩樹脂的創作就像一場色彩實驗。酒精墨水在樹脂中自由流動，每一次擴散都帶來新的紋理與驚喜。<br><br>我們不試圖完全控制這些變化，而是讓顏色自然交融。正是這種不可預測性，讓每件作品都具有獨特的個性。<br><br>當樹脂完全凝固後，那些流動的色彩便被永久定格。像星雲、像海浪，也像抽象畫布上的顏料。<br><br>幻彩樹脂希望讓生活用品不只是實用物件，而是一種藝術存在。每一次端起杯子或放下物品時，都能看見色彩在桌面上靜靜流動。,117P2,Follower,Published
P000235,海洋之心,把一片海，留在桌面上,有時候，我會想，如果能把海帶回家會是什麼感覺？<br><br>不是照片裡的海，也不是影片裡的海，而是一片真正能被凝視、被觸摸的海。於是「海洋之心」的創作，就從這樣的念頭開始。每一件樹脂作品，都像是在捕捉海浪的一瞬間——浪花正要拍打沙灘、海水正慢慢退去的那一刻。<br><br>在製作時，我會一層一層倒入不同深淺的藍色樹脂，再利用特殊的波浪技法讓白色浪花自然蔓延。有時候，我還會在沙灘的位置放入真正的貝殼或細小的星砂。當樹脂慢慢固化，海浪的紋理就像被時間定格。<br><br>完成後的作品看起來像一片微型海岸。有人把它放在書桌，有人放在玄關，也有人放在客廳的茶几上。每當光線照射到透明的樹脂層時，那種層層堆疊的藍色，會讓人忍不住多看幾眼。<br><br>也許我們無法每天去海邊，但至少可以在生活的角落，留下一片屬於自己的海。,118P1,Public,Published
P000236,海洋之心,樹脂裡的浪聲,很多人問我：「為什麼你的作品都跟海有關？」<br><br>其實答案很簡單。因為海，總能讓人安靜下來。<br><br>在海邊的時候，時間好像會慢一點。浪聲一波一波地來，帶走煩躁，也帶走焦慮。當我開始接觸樹脂創作時，我忽然想到：如果能把那份平靜保留下來呢？<br><br>於是我開始嘗試用樹脂模擬海浪的流動。透明的藍色層層堆疊，白色浪花在表面自然展開，就像海水在沙灘上留下的紋路。每一次倒膠、每一次推動顏料，都像在與海對話。<br><br>有些作品會加入細沙與貝殼，讓整個畫面更接近真實的海岸。有些則保持純粹的藍色層次，像是俯瞰深海。<br><br>當作品完成時，我總會靜靜看一會兒。那片被封存在樹脂裡的海，好像真的會發出聲音。<br><br>也許不是耳朵聽見的聲音，而是心裡那種，熟悉又遙遠的浪聲。,118P2,Public,Published
P000237,硬派模組,在樹脂裡打造鋼鐵世界,很多人對樹脂的印象，是透明、優雅、甚至帶點浪漫。但對我來說，樹脂還有另一種可能——硬派。<br><br>「硬派模組」的創作靈感，大多來自科幻電影、機械結構與未來城市。我喜歡那些布滿管線、螺絲與金屬結構的畫面，彷彿每一個零件都有自己的故事。<br><br>在創作前，我通常會先用 3D 軟體設計模型，確定每個機械細節的位置，再進行翻模與樹脂灌注。當模型脫模後，真正的挑戰才開始——塗裝。<br><br>我會用多層上色的方式，讓表面呈現出金屬磨損、鏽蝕或油污的質感。有時候甚至會刻意加入刮痕與老化效果，讓它看起來像是從某個未來工廠裡拆下來的零件。<br><br>完成後的作品，常被拿來做鍵盤鍵帽、展示模型或收藏擺件。<br><br>對我來說，這些不只是裝飾品，而是一個個微型的科幻場景。當你看著它時，也許會想像：這個零件，原本屬於哪一台機械？,119P1,Public,Published
P000238,硬派模組,一顆鍵帽的機械靈魂,如果你是一個機械鍵盤玩家，你一定知道，一顆鍵帽可以完全改變鍵盤的氣質。<br><br>「硬派模組」最常製作的，就是樹脂機械鍵帽。但我們並不只是做造型，而是想讓每一顆鍵帽看起來像一個完整的機械世界。<br><br>有些鍵帽裡會有微型電路板，有些則像是機甲裝甲的一部分。透明樹脂包覆著細小的零件與管線，看起來就像是科幻裝備的核心模組。<br><br>在塗裝階段，我會加入金屬刷色與陰影處理，讓整體更有重量感。有時候還會加入螢光顏料，在光線下產生未來感的效果。<br><br>當這樣的鍵帽裝上鍵盤時，整個桌面氣氛會完全不同。那不只是輸入工具，而像是一塊控制面板。<br><br>或許，這就是我們想做的事情——<br><br>用樹脂與雙手，把想像中的鋼鐵世界，一點一點實體化。,119P2,Public,Published
P000239,晶透日常,讓收納「消失」的設計,生活裡的雜物，其實很難完全消失。<br><br>筆、迴紋針、便條紙、充電線……這些東西總會慢慢堆滿桌面。於是「晶透日常」誕生的想法很簡單：如果收納可以變得幾乎看不見呢？<br><br>透明樹脂，就是最好的答案。<br><br>我們製作的收納盒與文具，大多保持極簡的外型。清透的材質讓光線可以自由穿透，也讓桌面的視覺變得更乾淨。當物品被放進透明容器裡時，它們不再顯得凌亂，反而像被整理成一種秩序。<br><br>有時候，我會在樹脂裡加入細小的金箔，或是幾何色塊。它們不會太張揚，但在光線下會出現微妙的變化。<br><br>完成的作品看起來像冰塊一樣乾淨透明。放在書桌、化妝台或辦公桌上，都能帶來一點清爽的感覺。<br><br>或許生活的秩序，就是從這樣一個透明的小盒子開始。,120P1,Public,Published
P000240,晶透日常,光線穿過樹脂的那一刻,我一直很喜歡透明材質。<br><br>玻璃、冰塊、水滴……那些能讓光線穿透的東西，總有一種讓人感到安靜的魅力。「晶透日常」的創作，就是想把這種感覺留在生活裡。<br><br>在製作樹脂作品時，我最期待的瞬間，就是脫模的那一刻。當模具打開，透明的表面在燈光下反射出微微的光澤，看起來就像一塊剛融化的冰。<br><br>有些作品會加入淡淡的色塊，有些則保持完全透明。不同角度的光線會讓樹脂內部產生細微的折射，讓整個物件看起來更有層次。<br><br>很多人收到作品後會說：「看起來很清爽。」<br><br>我想，這正是我們希望帶來的感覺——<br><br>在忙碌與混亂的生活中，透過一點點透明的設計，讓空間多一份輕盈與秩序。,120P2,Public,Draft
P000241,樂構世界,用積木重新認識一座城市,很多人第一次看到樂構世界的作品時，常常會驚訝地說：「原來這個建築可以做成積木！」<br><br>對我們來說，每一款積木組其實都是一次城市探索的旅程。在開始設計之前，我們會先去實地觀察建築本身：它的比例、屋頂形狀、窗戶排列，甚至是牆面的裝飾細節。因為當建築被縮小成積木比例時，任何一個線條的取捨，都會影響整體的辨識度。<br><br>最困難的地方，往往不是拼裝結構，而是「如何保留靈魂」。例如老建築的拱門、騎樓的節奏感、廟宇屋頂的層次，這些都是台灣建築的特色。我們需要在有限的積木顆粒中找到最接近的表現方式。<br><br>當設計完成後，拼裝的過程就像重新建造一座城市。從地基開始，一塊一塊堆疊起來，最後完成的那一刻，總會有一種奇妙的感覺——<br><br>原來我們熟悉的城市，也可以被握在手中。,121P1,Follower,Published
P000242,樂構世界,一塊積木裡的台灣故事,如果城市是一段歷史，那麼積木就是記錄它的方塊。<br><br>樂構世界在設計每一款積木模型時，都會先問自己一個問題：這座建築代表的是什麼故事？有些是百年的老街屋，有些是大家熟悉的地標建築，也有些是充滿地方記憶的小小角落。<br><br>為了讓作品更貼近真實，我們常常會花很多時間研究照片與資料。有時候甚至會回到現場觀察建築的細節，只為了確認一扇窗的比例，或是屋頂裝飾的形狀。<br><br>當這些元素被轉化成積木時，就像把城市縮小成一個微型世界。拼裝的過程，不只是組裝模型，也是一種重新理解地方文化的方式。<br><br>當你完成整個作品時，你會發現自己不只是拼完了一個模型，而是親手建構了一段屬於台灣的記憶。,121P2,Follower,Published
P000243,木積工坊,原木積木的溫度,木頭有一種很特別的魅力。<br><br>當你把一塊原木拿在手裡時，可以聞到淡淡的木香，也能感受到自然紋理帶來的溫度。木積工坊之所以選擇原木作為主要材料，就是希望把這份自然的觸感帶進日常的遊戲與生活。<br><br>每一塊積木在完成之前，都要經過多道工序。從裁切、打磨到倒角，每個邊緣都必須變得圓潤安全。最後再以天然植物油塗裝，讓木材保持原有的色澤與紋理。<br><br>我們刻意不使用鮮豔的顏色。因為木頭本身的紋理，就是最美的設計。不同樹種會呈現不同的色調，有的溫暖、有的沉穩，每一塊積木都像是一小片森林。<br><br>當積木互相碰撞時，會發出清脆而溫和的聲音。那不是塑料的聲響，而是一種屬於自然材質的節奏。<br><br>也許這就是木積工坊想帶來的體驗——<br>讓孩子在遊戲中，也能感受到自然的溫度。,122P1,Public,Published
P000244,木積工坊,一塊木頭的想像力,在木積工坊，我們相信一件事情：越簡單的玩具，越能激發想像力。<br><br>原木積木沒有複雜的機關，也沒有閃爍的燈光。它只有最基本的形狀：長方體、圓柱、三角形。但正因為如此，它才有無限的可能。<br><br>孩子可以把積木堆成城堡，也可以變成橋梁、房子，甚至是一艘想像中的船。每一次搭建，都是一次新的故事。<br><br>在製作積木時，我們特別重視觸感。細緻的打磨與倒角，讓每一塊積木都能安心握在手中。天然木材的紋理也讓每一塊積木都有自己的個性。<br><br>當孩子在地板上堆起一座小小城市時，那些積木不再只是玩具，而是一個正在成長的想像世界。<br><br>而木積工坊，只是提供最純粹的材料，讓故事自然發生。,122P2,Public,Published
P000245,像素藝術,把回憶變成像素,照片能記錄一個瞬間，但如果能親手把回憶拼起來呢？<br><br>像素藝術的創作，就是把照片轉化成積木畫的過程。每一張訂製作品，都從一張照片開始。我們會先分析畫面的色彩與光影，將影像轉換成像素網格，再依照顏色分布挑選適合的積木顆粒。<br><br>這個過程就像數位藝術與手作工藝的結合。螢幕上的影像被拆解成數百甚至數千個小方塊，再透過拼組重新構築。<br><br>當最後一顆積木放上去時，畫面會突然完整起來。遠看時，你看到的是一幅圖像；靠近時，卻會發現每個細節都是由微小顆粒組成。<br><br>很多人收到作品後，第一個反應都是：「原來照片可以變成這樣。」<br><br>對我們來說，這不只是裝飾，而是一種新的記憶方式。,123P1,Public,Published
P000246,像素藝術,積木畫的色彩秘密,像素藝術最迷人的地方，其實是色彩。<br><br>一張照片裡可能有上千種顏色，但積木的顏色卻是有限的。如何在有限的顆粒中呈現出豐富的層次，是創作過程中最具挑戰的部分。<br><br>我們會先把照片轉換成像素圖，再進行顏色分級與重新排列。有時候，一個小小的顏色調整，就能讓整體畫面變得更立體。<br><br>接下來，就是最療癒的拼組時間。當一顆顆積木按照色彩排列時，畫面會慢慢浮現出來。這個過程像是在逐步解開一個視覺謎題。<br><br>完成後的作品既像畫，也像雕塑。它不只是掛在牆上的裝飾，而是一件由數千個小元素組成的藝術作品。<br><br>每一顆積木，都是一個像素。<br>而每一個像素，都是回憶的一部分。,123P2,Public,Published
P000247,動態機械,齒輪轉動的那一刻,我一直覺得，齒輪是一種很美的東西。<br><br>兩個看似簡單的圓盤，當它們互相咬合、開始旋轉時，整個系統就像被喚醒了一樣。力量從一個軸心傳到另一個軸心，再傳到下一個結構，最後轉化成新的動作。那種流動的節奏，像是一首無聲的旋律。<br><br>動態機械的每一款積木模型，都圍繞著這種運作的美感設計。從可運轉的鐘錶結構，到能夠行走的小型機器人，每一個齒輪、每一條傳動軸都需要精確排列。當拼組完成並開始轉動時，你會清楚看見力是如何被傳遞與轉化。<br><br>很多人在組裝過程中會突然理解一些原本抽象的物理概念，例如齒輪比、槓桿原理或能量傳遞。那一刻，積木不再只是玩具，而像是一個小小的工程實驗室。<br><br>或許這就是動態機械想帶來的體驗——<br>讓好奇心在齒輪轉動的聲音裡慢慢被點燃。,124P1,Public,Published
P000248,動態機械,一台會動的積木機器人,第一次讓積木機器人走起來的時候，我其實比小孩還興奮。<br><br>從設計結構、測試齒輪比例，到調整支撐軸的位置，每一步都像在解一個工程謎題。有時候只差一顆齒輪的大小，整個傳動系統就會失去平衡。<br><br>動態機械的模型設計，其實很像在打造一個迷你機械世界。當馬達啟動，齒輪開始轉動，機器人的腳會一前一後地邁步。那種由積木組成卻能真正「動起來」的感覺，總讓人忍不住反覆觀察。<br><br>很多家長告訴我，他們的孩子在拼裝這些模型時，會開始問很多問題：為什麼這裡要用兩個齒輪？為什麼轉速會變快？為什麼機器會走路？<br><br>我想，這些問題正是最珍貴的部分。<br><br>因為當一個人開始問「為什麼」，科學探索就已經開始了。,124P2,Public,Published
P000249,微觀積木,掌心裡的自然世界,微觀積木的創作，常常從一個很小的觀察開始。<br><br>可能是一隻停在葉子上的甲蟲，也可能是一盆小小的多肉植物。這些平常被忽略的細節，當被放大觀察時，其實充滿了迷人的結構與形態。<br><br>在設計模型時，我們會仔細研究每一個特徵。例如昆蟲的觸角角度、翅膀紋路，或是植物葉片的排列方式。即使最後完成的模型只有掌心大小，我們仍希望能保留最具辨識度的細節。<br><br>超微小顆粒積木讓這件事成為可能。透過細緻的拼組，我們能用極小的積木重現自然界的輪廓。<br><br>當作品完成後，看起來就像一個縮小的生態標本。放在辦公桌上，像是一片靜靜存在的小風景。<br><br>或許忙碌的工作之中，只要低頭看見這個小小的世界，就能稍微放慢一下節奏。,125P1,Public,Published
P000250,微觀積木,專注拼組的療癒時刻,微觀積木的魅力，其實來自於「慢」。<br><br>每一個模型都由許多極小的積木顆粒構成，拼組時需要高度的專注。有時候一個小小的零件，需要仔細對位好幾次才能成功。<br><br>但正是這樣的過程，讓人逐漸進入一種奇妙的狀態。時間彷彿變得緩慢，注意力只剩下眼前的顆粒與結構。<br><br>當最後一塊積木放上去時，那種完成的成就感非常純粹。你會看著掌心大小的模型，感覺像完成了一個精緻的小雕塑。<br><br>很多人會把這些作品放在電腦旁、書桌角落或窗邊。那些小小的昆蟲、植物或鳥類，就像微型的自然標本。<br><br>它們提醒著我們：即使世界再忙碌，也總有一些微小而美好的細節值得被看見。,125P2,Follower,Published
P000251,續命計畫,舊牛仔褲的新生命,每一條舊牛仔褲，其實都有自己的故事。<br><br>可能陪伴過長途旅行，也可能在某個重要的日子被穿上。當它被丟進回收箱時，那段記憶似乎也跟著被遺忘了。<br><br>續命計畫的創作，就是從這些被遺棄的材料開始。舊牛仔布、過季帆布，甚至是報廢輪胎，都會被重新拆解、清洗與裁切。那些曾經留下磨損與折痕的布料，反而成為最迷人的紋理。<br><br>在重新設計的過程中，我們會保留原本的口袋、車線或磨白的痕跡。這些細節讓每一件作品都擁有獨一無二的個性。<br><br>當一件新的背包完成時，你會發現它不只是商品，而像是一段被延續的故事。<br><br>續命計畫相信：<br>真正的時尚，不是製造更多，而是讓已有的東西走得更遠。,126P1,Follower,Published
P000252,續命計畫,讓廢棄物變得很酷,很多人一聽到「回收材料」，第一個想到的可能是粗糙或廉價。<br><br>但在續命計畫，我們想證明另一件事：再生設計也可以很酷。<br><br>報廢輪胎經過切割後，會變成耐用的包袋底部；舊帆布則能轉化為結構強韌的背包外層。這些原本被丟棄的材料，在重新設計之後，反而呈現出獨特的工業風格。<br><br>每一件作品都由職人手工縫製。那些不完美的紋理與歷史痕跡，不會被刻意隱藏，而是成為設計的一部分。<br><br>當你背著這樣的包走在街上，其實也是在表達一種態度——<br>對環境的尊重，對物品價值的重新理解。<br><br>續命計畫想做的，不只是手作品牌，而是一個提醒：<br>世界上的很多東西，其實都值得再活一次。,126P2,Public,Published
P000253,蜂蠟日常,一塊布的溫柔革命,很多人第一次看到蜂蠟保鮮布時，都會好奇地問我：「這真的可以取代保鮮膜嗎？」<br><br>其實我最初接觸蜂蠟布，也是因為這個問題。當我開始意識到家中每天丟掉的塑膠保鮮膜有多少時，我突然覺得，也許有更好的方式保存食物。<br><br>蜂蠟日常的每一塊保鮮布，都是我用天然蜂蠟、有機棉布與植物油慢慢製作的。當蜂蠟融化後滲入布料，整塊布會變得柔軟又帶有自然的香氣。只要用手的溫度輕輕包覆碗盤或食材，它就會貼合表面。<br><br>我特別喜歡為布料選擇帶有自然感的圖案。葉子、花朵或森林元素，讓這塊布看起來不像是一件工具，而像生活裡的一部分。<br><br>也許一塊蜂蠟布無法立刻改變世界，但如果每天少用一點塑膠，慢慢累積起來，也許就是一種溫柔的改變。,127P1,Public,Published
P000254,蜂蠟日常,廚房裡的自然氣味,製作蜂蠟保鮮布時，最迷人的瞬間，是蜂蠟剛融化的時候。<br><br>整個工作桌會充滿淡淡的蜂蜜香氣，那是一種很溫暖的味道。當蜂蠟慢慢滲進棉布裡，布料的質地也會變得柔韌而有生命力。<br><br>我常常在這個過程中想到一件事：這塊布以後可能會出現在很多家庭的餐桌上。它可能包著剛切好的水果，也可能覆蓋著還有溫度的麵包。<br><br>與一次性保鮮膜不同，蜂蠟布可以被清洗、晾乾，再次使用。它會陪伴一個家庭很長一段時間。<br><br>有時候我會收到使用者的訊息，說他們因為蜂蠟布開始減少使用塑膠。每當看到這些回饋，我都會覺得非常開心。<br><br>原來，一塊小小的布，也可以帶來一點點改變。,127P2,Public,Published
P000255,零廢棄室,從一個玻璃杯開始的低碳生活,很多人以為環保生活一定很困難。<br><br>但我一直覺得，其實只要從一個小小的選擇開始就好。零廢棄室誕生的原因，也是因為我想讓這件事變得更簡單。<br><br>我們挑選的第一批產品，是再生玻璃杯。那些曾經被丟棄的玻璃瓶，經過重新熔製後，變成一只只新的杯子。當你拿在手裡時，很難想像它曾經是廢棄物。<br><br>接著我們慢慢加入更多生活用品，例如黃麻收納袋、再生塑料刷具。每一件選品都經過反覆評估，確保材料來源與使用壽命都符合永續理念。<br><br>我常說一句話：「不完美的環保，勝過完全沒有開始。」<br><br>如果今天只是把一次性塑膠袋換成可重複使用的袋子，那也已經是一個很好的開始。,128P1,Public,Published
P000256,零廢棄室,環保其實可以很日常,有些人會問我：「要做到零廢棄生活是不是很難？」<br><br>我的回答通常是：不用一開始就做到完美。<br><br>零廢棄室其實更像是一個實驗空間。我們不斷尋找那些既實用又環保的生活用品，希望讓大家在日常生活中慢慢做出不同的選擇。<br><br>有些人會從一個購物袋開始，有些人會選擇再生玻璃杯，也有人開始使用可替換刷頭的清潔刷具。<br><br>這些改變看起來都很小，但當它們出現在每天的生活裡，就會慢慢累積出新的習慣。<br><br>對我來說，環保並不是一種壓力，而是一種更溫柔的生活方式。當我們開始在意物品的來源與去向，也會更珍惜手中的每一樣東西。,128P2,Public,Published
P000257,植感餐桌,一套餐具的土地故事,我一直很喜歡研究植物材料。<br><br>有一次在農村看到稻殼堆積如山時，我突然想到：這些被當作廢棄物的東西，其實也是土地的一部分。如果能重新利用它們，也許能做出新的可能。<br><br>於是植感餐桌的餐具就這樣誕生了。<br><br>我們將竹纖維、稻殼或甘蔗渣與天然樹脂結合，壓製成具有結構強度的餐具。這些材料原本來自農業生產，在產品壽命結束後，也能慢慢回到土地。<br><br>設計上，我喜歡保留材料本身的質感。溫潤的大地色調，簡潔的線條，讓整套餐具看起來安靜而自然。<br><br>當你用它們盛裝食物時，也許會感覺到一種微妙的連結——<br>從土地到餐桌，再從餐桌回到土地。,129P1,Public,Published
P000258,植感餐桌,吃飯這件事，也可以很永續,每天吃飯，其實是一件很普通的事情。<br><br>但當我開始研究餐具材料時，才發現這個日常行為其實和環境有很大的關係。許多一次性餐具使用幾分鐘後就被丟棄，最後變成難以分解的垃圾。<br><br>植感餐桌想做的事情很簡單：讓餐具也能參與自然循環。<br><br>我們使用農業副產品作為原料，將它們壓製成堅固又具有質感的餐具。這些材料在自然環境中可以逐漸分解，不會留下長久的污染。<br><br>我特別喜歡在設計中加入簡約的造型，讓餐具看起來既現代又溫暖。當光線落在餐具表面時，會呈現出柔和的大地色澤。<br><br>希望每一次用餐，都不只是享受食物，也是一種對土地的尊重。,129P2,Follower,Published
P000259,回甘手作,咖啡渣的第二次生命,每天早上沖咖啡時，我總會看著濾杯裡留下的咖啡渣。<br><br>它們曾經釋放過香氣，也帶來一杯溫暖的咖啡。但喝完之後，大多數人會直接把它丟進垃圾桶。某一天我忽然想，如果這些東西其實還有價值呢？<br><br>回甘手作的創作，就是從這樣的想法開始的。<br><br>我開始研究咖啡渣與茶渣的特性。咖啡渣有天然的顆粒感，非常適合用於手工皂的去角質；茶渣則帶有淡淡的植物香氣，能讓蠟燭多一層自然氣味。當這些原本被丟棄的材料重新融入手作中，整件作品就像被賦予了新的生命。<br><br>每當我把一塊咖啡皂握在手裡時，都會覺得很神奇。那份曾經屬於早餐時光的香氣，現在變成另一種陪伴生活的形式。<br><br>也許這就是「回甘」的意義——<br>讓曾經的養分，以另一種方式再次出現。,130P1,Public,Published
P000260,回甘手作,從廚餘桶到創作桌,有時候，靈感其實藏在最不起眼的地方。<br><br>我常常在廚房收集蔬果皮、茶葉渣或咖啡渣。很多人看到時會覺得不可思議，因為這些東西看起來就像是應該被丟掉的廢料。但對我來說，它們只是還沒被重新看見的材料。<br><br>經過清洗、乾燥與處理後，這些「殘渣」會慢慢變成新的創作素材。有些被加入手工皂中，帶來天然的顆粒與香氣；有些則被製成發酵肥料，再次回到土壤裡。<br><br>回甘手作並不是要把廢棄物變得華麗，而是讓它們重新回到循環之中。當我看到一塊由咖啡渣製作的手工皂時，總會想到它曾經是某個人一天的開始。<br><br>生活中的很多東西其實都還有價值，只是需要多一點想像力。,130P2,Public,Draft
P000261,匠心泥像,讓記憶有一個形狀,每次接到新的訂製委託時，我都會先仔細看照片。<br><br>有時候是一對準備結婚的新人，有時候是一隻陪伴家人多年的寵物。照片裡的人物也許只是站著微笑，但在我眼裡，那是一段完整的故事。<br><br>製作泥像時，我最在意的其實不是外型，而是「神情」。髮型、衣服、姿勢都可以慢慢調整，但眼神與表情才是真正能讓作品活起來的地方。<br><br>我會反覆觀察照片，甚至想像這個人說話時的樣子。當黏土逐漸被塑造成臉部輪廓時，那種感覺就像在慢慢捕捉一個靈魂。<br><br>當作品完成時，很多客人會靜靜看著那尊小小的泥像。有些人會笑，有些人甚至會落淚。<br><br>那一刻，我總會覺得這份工作很特別。<br>因為我做的不只是公仔，而是一段被留住的回憶。,131P1,Follower,Published
P000262,匠心泥像,掌心裡的人生片刻,泥像創作最迷人的地方，是它能把時間停住。<br><br>在製作人物模型時，我會先從骨架開始，慢慢建立比例與姿勢。接著再加入服裝細節、頭髮紋理，最後才是最重要的臉部表情。<br><br>有時候一個眼角的弧度，我會反覆修改好幾次。因為只要差一點點，整個神情就會變得不同。<br><br>很多客人告訴我，他們想把某個重要時刻保存下來。例如結婚那天的笑容、畢業時的模樣，或是一隻最心愛的寵物。<br><br>當這些故事被轉化成一尊小小的泥像時，它就不再只是工藝品，而像是一個可以握在手中的記憶。<br><br>時間會一直往前走，但這些瞬間可以被好好收藏。,131P2,Public,Published
P000263,萌泥工作室,把世界變得圓一點,我一直覺得，世界如果再可愛一點，生活應該會輕鬆很多。<br><br>萌泥工作室的創作，幾乎都是從「圓」開始的。圓圓的臉、圓圓的身體、短短的小腳，這些簡單的形狀會讓整個角色看起來特別溫柔。<br><br>我最喜歡捏的是小動物。貓咪、兔子、熊或是各種生肖角色，只要把比例稍微誇張一點，再加上一點點表情，就會變得非常療癒。<br><br>超輕黏土是我最常使用的材料。它非常輕，也很容易塑形。當作品完成時，看起來就像一團小小的棉花糖。<br><br>很多人會把這些公仔放在電腦旁或書架上。偶爾抬頭看到它們，就會不自覺露出笑容。<br><br>如果這些小泥偶能讓人一天多一點點好心情，那就已經很值得了。,132P1,Public,Published
P000264,萌泥工作室,一隻小動物的誕生,每一個公仔，其實都從一顆小小的黏土球開始。<br><br>我會先捏出圓圓的頭，再慢慢加上耳朵、身體和尾巴。有時候只是調整一點點角度，整個角色的個性就會改變。<br><br>例如耳朵稍微垂下來，看起來就會比較害羞；眼睛畫得圓一點，就會變得特別活潑。<br><br>萌泥工作室最常創作的是生肖與療癒系動物系列。每一隻小角色都像一個小小的朋友，陪伴在桌面的一角。<br><br>我常常在創作時忍不住對著它們微笑。因為當表情完成的那一刻，整個角色就好像真的有了生命。<br><br>也許這些小公仔不會說話，但它們總是用自己的方式提醒我們：<br>生活其實可以很可愛。,132P2,Public,Published
P000265,食玩小舖,指甲大的壽司,多人第一次看到我的作品時，都會先愣住幾秒。<br><br>因為桌上那盤看起來像壽司的東西，其實只有指甲蓋大小。我總是很喜歡看大家靠近觀察時的表情，從疑惑到驚訝，最後變成忍不住微笑。<br><br>食玩小舖的創作，其實是從「觀察食物」開始的。我會花很多時間研究壽司米的顆粒感、鮭魚油脂的紋路，甚至是披薩表面融化起司的光澤。當這些細節被縮小之後，如何仍然保持真實感，就是最大的挑戰。<br><br>有時候一顆迷你壽司，需要花上好幾個步驟才能完成。米粒的紋理、魚肉的色層、最後再刷上一點點透明光澤，讓它看起來像剛做好的食物。<br><br>當作品完成時，它看起來就像一盤被縮小的料理。<br><br>這就是食玩小舖最迷人的地方——<br>在方寸之間，藏著一整個美味世界。,133P1,Public,Published
P000266,食玩小舖,袖珍料理的誕生,我一直覺得，食物本身就是一種藝術。<br><br>無論是拉麵的湯色、蛋糕的層次，還是披薩上融化的起司，每一種料理都有自己的質感與光澤。食玩小舖的創作，就是把這些細節縮小到極致。<br><br>在製作微型食物時，我通常會先把整個料理「拆解」。例如一片披薩，會先做餅皮，再做番茄醬、起司與配料。每一個元素都要單獨完成，最後再組合起來。<br><br>當所有元素完成後，再加上一點亮面處理，整塊迷你披薩就會看起來像剛出爐一樣。<br><br>很多作品最後會變成吊飾、磁鐵或胸針。當有人把它掛在包包上時，那一小塊迷你食物就會跟著一起旅行。<br><br>也許這就是袖珍料理的魅力——<br>小小一塊，卻能帶來滿滿的驚喜。,133P2,Follower,Published
P000267,奇幻黏土,深夜誕生的龍之守衛,夜深的時候，是奇幻黏土世界最熱鬧的時刻。當城市的燈光逐漸熄滅，我的工作桌才剛剛甦醒。今天誕生的是一隻守護古代遺跡的龍族雕塑。牠的身體並不巨大，但每一片鱗片都需要單獨塑形，再逐一貼附，讓光線在不同角度下呈現細微的起伏。<br><br>我在龍的胸口嵌入一顆微型發光元件，象徵牠體內流動的魔法核心。當燈光熄滅時，那柔和的光會從半透明的黏土中慢慢滲出，像是沉睡中的能量脈動。<br><br>奇幻世界的角色總是充滿故事。我喜歡在雕塑時想像牠的背景——也許牠曾守護過一座遺失的城市，也可能是古代魔法師留下的最後守衛。當作品完成的瞬間，我總有種感覺：這個原本只存在於腦海的生物，終於踏進了現實世界。,134P1,Public,Published
P000268,奇幻黏土,森林精靈的誕生,有些作品不像怪獸那樣充滿力量，而是帶著靜謐的神秘感。這次我創作的是一位森林精靈，她棲息在古老樹林深處，是自然與魔法交織的象徵。<br><br>精靈的服裝是整件作品最困難的部分。我使用多層薄片黏土慢慢堆疊，讓衣裙呈現飄動的感覺，再以透明顏料染出帶有微光的綠色與金色。為了營造奇幻氛圍，我在底座加入了小型蘑菇與發光晶石的元素。<br><br>完成時，我關掉工作燈，只留下微弱的桌燈。那一刻，精靈像是剛從森林走出來一樣，靜靜站在桌上。<br><br>或許這就是我最喜歡黏土創作的原因——它讓想像力有了形狀，也讓那些原本只存在於故事裡的角色，能真正被看見。,134P2,Public,Published
P000269,生活泥趣,一隻幫你拿手機的小怪獸,今天的桌面新成員，是一隻有點呆萌的小怪獸。牠有圓滾滾的身體和兩隻短短的手臂，而這雙手臂正好形成一個手機支架的角度。<br><br>我一直覺得功能型黏土作品最有趣的地方，就是它不只是可愛。當手機放上去的瞬間，整個角色就像是在努力「幫你托住」裝置，彷彿變成桌面的小助手。<br><br>這隻小怪獸使用強化黏土製作，內部加入支撐結構，確保日常使用時不會變形。最後再加上一點亮面保護塗層，讓整體更耐用。<br><br>完成之後，我把手機放上去測試。那一刻看著小怪獸認真地托著手機，我忍不住笑了。或許桌面整理不一定要嚴肅，偶爾也可以有點幽默。,135P1,Public,Published
P000270,生活泥趣,讓桌面變整齊的章魚筆插,桌面常常會被筆、剪刀和小工具佔滿，所以我做了一隻「章魚筆插」。牠的八隻觸手環繞成不同的小空間，可以放筆、尺或美工刀。<br><br>設計這類作品時，最重要的是平衡造型與實用性。章魚的頭部是主要的筆筒，而觸手則形成額外的收納區。這樣不僅增加容量，也讓整體造型更有趣。<br><br>我特別選用了耐水耐摔的強化黏土，確保即使每天使用，也不容易損壞。最後再為章魚加上一雙圓圓的眼睛，讓整個角色看起來像是在守護你的文具。<br><br>當桌面上多了一隻章魚管理工具，整理東西似乎也變成一件有趣的事情。,135P2,Public,Published
P000271,膠卷時光,等待顯影的那段時間,底片攝影最迷人的地方，也許就是「等待」。按下快門之後，你無法立即看到結果，影像只是一道光的痕跡，靜靜躺在膠卷裡。<br><br>今天拍攝的是一條傍晚的小巷。夕陽從老房子的牆面反射出柔和的橘色光線，我只按下了一次快門。那一瞬間的光影被銀鹽記錄下來，但真正的影像還要等到暗房顯影時才會出現。<br><br>在顯影液裡慢慢浮現的畫面，是數位時代難以體會的魔法。顆粒、色偏與細微的光影層次，都帶著化學反應的痕跡。<br><br>也許正因為需要等待，每一張底片都變得格外珍貴。,136P1,Follower,Published
P000272,膠卷時光,顆粒感裡的城市記憶,城市的夜晚在底片上有著特別的味道。霓虹燈、路燈與車燈交織成柔和的光點，銀鹽底片會把這些光線轉化成細緻的顆粒紋理。<br><br>今晚拍攝的是雨後的街道。濕漉漉的柏油路反射著路燈的黃色光芒，整條街像是一面微微晃動的鏡子。我選擇用慢速快門拍下這個畫面，讓光線在底片上留下更長的痕跡。<br><br>等到顯影完成，照片上的顆粒感讓畫面多了一層時間的質感。它不像數位照片那樣銳利，卻更像是一段記憶。<br><br>在膠卷時光裡，我們拍攝的不只是影像，而是時間本身。,136P2,Public,Published
P000273,瞬間之影,城市的縫隙裡，藏著未被說出的故事,城市從不真正安靜。即使是在最普通的午後，街角的光影也在悄悄上演無數微小的劇情。有人在紅綠燈前停下腳步，有人匆匆走過巷口，窗邊的一束光正落在一張沉思的臉上。這些瞬間沒有劇本，也沒有預演，它們只是剛好存在於那一秒鐘。<br><br>對我而言，攝影不是製造畫面，而是等待。等待一個眼神的停留、等待光影在牆面上移動、等待城市呼吸的節奏剛好與快門同步。<br><br>黑白攝影讓一切變得更加純粹。當色彩退場，情緒便浮現。皺紋、陰影、街道的紋理與人物的神情，都像被剝開外衣般直白而誠實。這些畫面不需要華麗，它們本身就是故事。<br><br>「瞬間之影」想做的，就是把這些稍縱即逝的片刻保存下來。<br>讓一張照片成為時間的標本，也成為一扇窗。<br><br>當你凝視它時，也許會突然發現——<br>原來日常之中，處處都是詩。,137P1,Public,Published
P000274,瞬間之影,在黑白之間，看見城市的心跳,街頭攝影是一場無聲的對話。<br><br>攝影師與城市之間沒有語言，但彼此理解。<br>當我走在巷弄之間，相機不只是工具，更像是一雙更敏銳的眼睛。<br><br>黑白影像有一種奇妙的力量。它去除了色彩的喧囂，只留下光與影的節奏。路燈下的長影、雨後地面的反光、行人的背影，都在這樣的世界裡變得格外有重量。<br><br>每一張照片，都是城市心跳的一次記錄。<br>可能是一位老人坐在公車站牌下的沉默，也可能是一群孩子奔跑時的笑聲凝結在空氣裡。<br><br>這些畫面無法重現，也無法複製。<br>正因為如此，它們才格外珍貴。<br><br>「瞬間之影」記錄的不是景象，而是時間。<br>那些曾經存在過的一秒鐘，被光影安靜地保存下來。<br><br>而當你凝視照片時，也許會突然聽見——<br>城市正在呼吸。,137P2,Follower,Published
P000275,大地色彩,把山海的呼吸，帶進你的生活,大自然從不匆忙。<br>一片雲海的形成，也許需要整夜的等待；一道日出的光芒，可能只停留短短幾分鐘。<br><br>但正是這短暫的時刻，蘊藏著最震撼的力量。<br><br>為了捕捉那一瞬間的光線，我走進高山、踏過海岸、等待清晨第一道曙光。當光線穿越雲層，整片山谷被染上金色的那一刻，你會明白為什麼攝影師願意為此守候整夜。<br><br>「大地色彩」不只是風景攝影，更是一種對自然的敬意。<br>每一幅作品都追求真實的色彩與豐富的層次，讓山脈的紋理、雲海的流動、海浪的細節都能完整呈現。<br><br>透過高品質藝術微噴掛畫（Gicl?e），這些壯闊的景象不再只存在於遠方。<br>它們可以成為你家中的一片天空、一座山脈、一段海岸線。<br><br>當你抬頭看見那幅風景時，<br>彷彿也能呼吸到山林的清新與海風的遼闊。,138P1,Public,Published
P000276,大地色彩,等待光的那一刻，世界變得無比壯麗,真正的風景攝影，其實是等待。<br><br>等待風停、等待雲散、等待光線剛好落在山脊的那條線上。<br>有時候，一整天的等待只為了一分鐘。<br><br>但當那一分鐘來臨，整個世界會突然改變。<br><br>陽光穿越雲層，山峰被金色染亮，遠方的海面閃耀著細碎光點。那是一種無法用語言完全描述的震撼，只能透過影像去接近。<br><br>「大地色彩」希望保留這份震撼。<br>透過高動態範圍與精準的色彩還原，每一張照片都盡可能忠實呈現自然的力量與細節。<br><br>當這些影像被製作成藝術微噴掛畫，它們不只是裝飾，而是一扇通往自然的窗口。<br><br>即使身處城市，你依然可以看見雲海翻湧、山巒層疊、海浪拍岸。<br><br>那是大地的能量，也是自然送給我們最壯麗的禮物。,138P2,Public,Published
P000277,微距視界,在微小之中，看見宇宙的秩序,當鏡頭靠得足夠近，世界會變得完全不同。<br><br>一隻昆蟲的複眼，其實是一座由數百個微小晶體組成的宇宙；<br>一片葉子的邊緣，布滿細密的纖毛，如同森林般的結構；<br>晨露停在花瓣上，像一顆顆透明星球。<br><br>這些細節存在於我們每天經過的自然之中，但肉眼很少真正看見。<br><br>微距攝影讓我們進入另一個尺度的世界。<br>在這裡，每一個結構都精密而優雅，每一個生命都展現出驚人的設計。<br><br>「微距視界」希望透過這些影像提醒我們：<br>自然不只壯麗，也極其細膩。<br><br>當你凝視一張微距照片時，你看到的不只是昆蟲或花朵，而是一個隱藏在日常中的奇妙宇宙。,139P1,Public,Published
P000278,微距視界,被忽略的細節，其實最令人驚嘆,如果我們放慢腳步，低下頭看世界，會發現許多令人震撼的景象。<br><br>一隻停在葉片上的甲蟲，身體像盔甲般閃耀；<br>花藥釋放花粉的瞬間，像微型煙火般在空氣中爆發；<br>露珠懸掛在草尖，反射出整片天空。<br><br>這些畫面只存在於極小的尺度裡，但它們的美卻毫不遜色於壯麗山河。<br><br>微距攝影的魅力就在於此。<br>它讓我們重新認識那些被忽略的生命細節。<br><br>「微距視界」透過極致的放大與精準對焦，記錄自然最細膩的紋理與結構。<br>每一張照片都像是一扇微型窗口，帶你看見另一個層次的自然。<br><br>在這些微小的畫面中，你會發現——<br>宇宙的奧秘，其實也藏在一朵花裡。,139P2,Public,Published
P000279,詩意人像,當光影低語，靈魂開始說話,有些照片不是用來觀看，而是用來感受。<br><br>當柔和的自然光落在臉龐上，當微風輕輕吹動髮絲，那些細微的瞬間便開始形成一種情緒。那不是刻意的姿勢，也不是精準的構圖，而是一種自然流動的美。<br><br>「詩意人像」追求的，是影像中的情感。<br><br>我相信，每個人身上都有屬於自己的故事。<br>有時是一個沉思的側臉，有時是一抹輕輕的微笑。<br><br>透過光影與場景的氛圍，我希望讓照片像一幅畫，也像一首詩。<br>它不需要說得太清楚，留下一些空白，反而更動人。<br><br>當你再次看見那張照片時，也許會想起某段心情、某個時刻。<br>那就是影像最美的地方。,140P1,Public,Published
P000280,詩意人像,在柔光之中，留下一首屬於你的影像詩,人像攝影，不只是紀錄外貌。<br><br>真正動人的，是一種難以言喻的氣質。<br>也許是一種溫柔的目光，也許是一種安靜的神情。<br><br>在「詩意人像」的創作裡，光線是一位溫柔的畫家。<br>它在臉龐與背景之間描繪層次，讓畫面像油畫般柔和。<br><br>我不追求過度銳利的細節，也不刻意塑造完美。<br>因為真正的美，往往藏在不完美之中。<br><br>當情緒被捕捉、當光影與人物融為一體，<br>一張照片就不再只是照片。<br><br>它變成一段記憶、一個故事，<br>也成為一首靜靜流動的詩。,140P2,Public,Draft
