MemberID,CreatorID,BrandName,BrandIntro,StartDate,ApplicationOffsetDays,ReviewOffsetDays,ConfirmOffsetDays,BankCode,BankAccount
M0000003,C00001,筆尖溫度,「你曾感覺過色彩的溫度嗎？」我是創作者。對我而言，畫筆是情感的延伸。我擅長用清透的水彩渲染生活中細微而動人的瞬間，如映著斜陽的窗或街角打盹的貓。每件作品都承載一段確定的幸福，希望能透過溫潤筆觸，為你的角落妝點一抹療癒風景，讓忙碌的心能在這裡稍作停歇。,2025/9/10,20,3,2,,
M0000004,C00002,墨染時光,墨染時光致力於尋找古典美學與現代生活的平衡點。我們專注於手繪明信片與書籤，融合了傳統水墨的寫意與現代幾何的俐落。每一筆墨色在宣紙上暈開的層次，都是時間流動的痕跡。我們不追求極致的對稱，而是擁抱那份不完美的「手感」，讓傳遞出的每一份祝福，都具備如古詩般的深邃意境。,2025/9/25,20,3,2,,
M0000005,C00003,斑斕之境,踏入斑斕之境，就像誤入了一場奇幻森林的夢。創作者擅長以色彩飽和的壓克力顏料，描繪出超現實的動植物世界。我們的作品風格大膽且充滿生命力，從手繪手機殼到掛畫，都強調視覺的撞擊感。這裡適合不甘平凡的你，讓我們用最斑斕的色彩，打破日常的枯燥灰暗，為你的生活灌注源源不絕的想像力。,2025/7/24,20,3,2,,
M0000006,C00004,紙上行旅,我是一位旅行攝影師，也是一位速寫者。紙上行旅是我將旅途感觸具象化的實驗室。我習慣在異國的咖啡廳，用簡單的線條紀錄眼前的建築與行人。這些隨筆後來演變成了獨特的文具商品，保留了速寫時的凌亂與真誠。希望當你拿起這些作品時，也能感受到那股跨越國境的風，開啟一場屬於自己的心靈旅行。,2025/11/15,20,3,2,,
M0000007,C00005,夢境調色盤,這裡專門收納那些關於童話與寵物的溫柔夢想。我喜歡觀察毛孩們純真無邪的眼神，並將其化作軟綿綿的插畫。夢境調色盤不僅提供寵物似顏繪訂製，更將這些療癒的圖像開發成托特包與貼紙。我們相信，每個靈魂心底都住著一個孩子，而我的任務就是用色彩為那個孩子蓋一座充滿愛與安全感的秘密花園。,2025/9/2,20,3,2,,
M0000008,C00006,拾木工坊,我們是守護森林記憶的職人。拾木工坊堅持使用傳統榫接工法，完全不依賴金屬釘子，而是利用木材間的相互依託來創造結構。每一件器皿都經過無數次的手工打磨，直到展現出原木最溫潤的絲滑觸感。我們相信木頭是有生命的，它會隨著你的使用習慣產生光澤變化，成為家中最忠誠、最安靜的陪伴者。,2025/10/20,20,3,2,,
M0000009,C00007,竹跡日常,「誰說竹藝只能老派？」我們是一群熱愛在地素材的設計師。竹跡日常將台灣孟宗竹與現代編織幾何結合，打造出適合現代居家空間的燈飾與收納籃。竹材具備驚人的彈性與韌性，正如同我們對生活的態度。我們強調簡約、時尚與永續，讓這份傳統的清香能以更優雅的姿態，滲透進每個人的都會日常生活中。,2025/8/9,20,3,2,,
M0000010,C00008,山林之聲,我是山林之聲的創作者，我的工作室裡總是堆滿了帶有森林氣息的原木塊。我擅長保留木材的「自然邊緣」，不刻意修整那些樹皮或蟲洞，因為那正是大自然書寫的詩。我的作品多為原木雕刻擺件，每一件都獨一無二，無法複製。我希望透過作品將山林的靜謐帶回都市，讓你在觸摸木紋時，能聽見遠方山谷的呼喚。,2025/10/23,20,3,2,,
M0000011,C00009,微木森林,微木森林專注於「辦公桌上的微型風景」。我們將珍貴的胡桃木、櫻桃木縮小比例，精雕細琢成名片座、手機架與鋼筆盒。雖然尺寸微小，但細節處絕不妥協。我們追求的是一種職人的極致精準，希望能在方寸之間展現木材的肌理美學。讓你在繁忙的公務空檔，只要低頭看向桌面，就能擁有一片屬於自己的小森林。,2025/9/18,20,3,2,,
M0000012,C00010,輪年木作,輪年，代表著樹木的年輪，也象徵著生活的積累。我們走的是現代北歐風格，專攻實木家具與質感小家飾。我們選用獲永續認證的木料，強調線條的流暢與色彩的純粹。對我們而言，一件好的木作品不應該只是消耗品，而應該是能陪伴家庭成長的成員。輪年木作想傳達的，是一種慢下來、好好生活的生活哲學。,2025/10/4,20,3,2,,
M0000013,C00011,針線日常,大家好，我是針線日常的裁縫師。我對布料的觸感非常挑剔，工作室裡清一色是日本進口的厚磅帆布。我喜歡設計那些簡約、知性且耐用的提袋，沒有多餘的裝飾，只有紮實的縫線與實用的隔層。對我來說，布包不只是配件，更是盛裝生活的容器。希望我的作品能陪你走過許多街頭，越用越有屬於你的生活味。,2025/7/28,20,3,2,,
M0000014,C00012,花開手縫,花開手縫是一個充滿少女心與浪漫氣息的空間。我們瘋狂熱愛著法式碎花與英式刺繡，致力於製作精緻的化妝包、髮帶與抱枕。每一朵小花都是我們一針一線親手縫製上去的，充滿了手作的溫度與節奏感。我們希望能為平凡的居家生活帶來一點鄉村風的甜蜜，讓每個女孩在拿起這些布小物時，都能感受到如春季花開般的喜悅。,2025/9/5,20,3,2,,
M0000015,C00013,藍染布跡,這是關於藍色與時間的實驗。我們堅持古法植物染，使用天然的大菁作物，經過繁複的發酵與反覆浸染，才成就出那抹深邃的藍。藍染布跡的作品從圍巾到家居布簾，每一件的色澤與紋路都因當天的陽光與水溫而異。我們不追求快速生產，只在乎每一寸布料是否都吸飽了大自然的精華，展現出靈魂的層次感。,2025/11/8,20,3,2,,
M0000016,C00014,裁縫詩人,「用針線寫詩，用布料造夢。」我們是裁縫詩人。我們的品牌特色在於將文學意象融入布藝設計，例如在圍裙的口袋處刺上一句詩，或是在束口袋上拼貼出抽象的意境。我們喜歡實驗異材質的拼接，將蕾絲、粗麻與綢緞融合在一起，創造出具備文藝感與故事性的作品。這裡的每一件創作，都是獻給生活愛好者的情書。,2025/10/12,20,3,2,,
M0000017,C00015,樸布物語,樸布物語追求的是極簡的禪意美學。我們只使用素色、無漂染的有機棉麻布料，剪裁大方俐落，不帶一絲贅飾。我們認為最好的設計是「消失的設計」，讓布料本身的天然光澤與透氣感成為主角。我們提供高品質的手作服飾與家居用品，適合崇尚斷捨離、追求純淨生活的你，讓穿著與居家都能回歸到最原始、最舒適的狀態。,2025/8/21,20,3,2,,
M0000018,C00016,暖絨小鎮,「每一隻小偶，都是為了守護夢境而生。」我們堅持使用親膚有機棉，專門製作嬰幼兒安撫偶。不同於工廠冰冷的產線，我們的手工布偶擁有溫柔的曲線，表情經過無數次微調，只為呈現那抹最治癒的微笑。希望暖絨小鎮的作品能成為孩子童年最忠實的聽眾，陪著他們長大，也陪著大人找回遺落已久的童心。,2025/10/30,20,3,2,,
M0000019,C00017,怪奇布獸,誰說娃娃一定要長得中規中矩？怪奇布獸專注於「醜萌」美學，運用色彩斑斕的異材質拼接與誇張的五官設計，創造出一群擁有古怪個性的布偶。每一隻怪獸都有自己的名字與壞習慣，我們想傳達的是：擁抱自己的不完美與獨特性。這裡沒有一模一樣的作品，只有能與你靈魂共鳴、既搞怪又溫暖的布藝夥伴。,2025/8/29,20,3,2,,
M0000020,C00018,森林童話,我是一位深愛大自然的捏塑師，只是我的媒材變成了布料。在森林童話，我致力於製作擬真的森林動物布偶，從兔子的長耳到松鼠的蓬鬆尾巴，都力求細膩的觸感與神韻。我喜歡在作品中加入刺繡的花草元素，讓每一隻布偶都像是從童話繪本中走出來一般。希望透過這些作品，能將山林間的純粹與平靜帶進你的居家生活。,2025/10/17,20,3,2,,
M0000021,C00019,抱抱時光,「生活太累時，就給自己一個擁抱吧。」抱抱時光專門研發大尺寸的舒壓抱枕偶，採用極致柔軟的彈性布料與減壓棉心。我們的設計初衷是提供一種「被包圍的安全感」，無論是長條形的雲朵偶還是圓滾滾的胖貓，都能精準貼合你的身形。我們不只是賣娃娃，更是提供一份情緒的出口，讓你在每一個疲憊的夜晚都能獲得最溫暖的支撐。,2025/8/11,20,3,2,,
M0000022,C00020,針織好朋友,當毛線的柔韌遇上布料的厚實，就誕生了針織好朋友。我是品牌主理人，擅長將鉤針編織技術應用於布偶的細節，如毛帽、圍巾或是活動關節。我的作品帶有濃厚的北歐雜貨風格，色調溫潤且耐看。我希望這些具備層次感的手作偶，能成為你書架上或床頭邊最精緻的點綴，用編織的紋理為你的生活空間增添一份恬靜的手作溫度。,2025/10/26,20,3,2,,
M0000023,C00021,皮墨原創,皮革是有記憶的材料，它會隨著主人的體溫與汗水，幻化出獨一無二的光澤。皮墨原創專注於頂級植鞣革的純手工創作，我們不使用化學漆料遮蓋皮紋，而是尊重大自然留下的傷痕與褶皺。每一件皮夾與包袋都經過職人的手工縫製與邊緣打磨，追求的是一種能傳承的耐用度。我們邀請你與皮件一起成長，書寫專屬於你的陳年故事。,2025/8/2,20,3,2,,
M0000024,C00022,匠心革作,「我熱愛皮革被拉扯、被縫合時散發的原始氣息。」我是匠心革作的創作者。我偏愛粗獷的風格，喜歡保留皮革的厚實感，並用顯眼的粗手縫線勾勒出結構的張力。我的作品如職人皮具組、重機風格配袋，都展現出一種硬派的生命力。我追求的是實用與極致的堅固，每一件作品都是為了經受時間考驗而生，是獻給熱愛冒險與生活的你的禮物。,2025/9/22,20,3,2,,
M0000025,C00023,輕奢皮飾,誰說皮藝不能優雅？輕奢皮飾將纖細的皮雕工藝與精緻的五金零件結合，專為都會女性打造輕巧、時尚的皮革配件。我們挑選色澤粉嫩、質地細緻的羔羊皮與牛皮，製作成如珠寶盒般的零錢包或氣質皮革首飾。我們的理念是讓皮革展現出如綢緞般的柔軟姿態，為你的日常穿搭增添一抹精緻而低調的奢華感，展現自信的迷人風采。,2025/9/8,20,3,2,,
M0000026,C00024,復古皮革室,走進復古皮革室，就像回到了上個世紀的老師傅工作間。我們癡迷於懷舊美學，擅長復刻經典的相機包、公事包與手工皮底鞋。透過特殊的擦色工法，我們讓全新皮件呈現出如古董般的迷人韻味。我們相信經典永不過時，每一件作品都是對過往時光的致敬，適合那些靈魂裡住著老派紳士或復古少女的藝術愛好者，感受跨越時空的品味。,2025/11/10,20,3,2,,
M0000027,C00025,柔皮日常,柔皮日常推崇的是「輕、薄、簡」的皮革哲學。身為設計師，我致力於減輕皮革的重量??，開發出適合通勤族的超輕量皮夾與手機袋。我們選用質地輕盈但韌性十足的皮料，搭配極簡的裁切線條，不帶一絲贅飾。這是一個強調生活機能感的品牌，希望皮革能以最無負擔的方式融入你的每一天，讓你在繁瑣的都市節奏中，依然能保有優雅俐落的姿態。,2025/8/15,20,3,2,,
M0000028,C00026,泡沫浮雲,「沐浴，是一場與自己的深度對話。」泡沫浮雲堅持使用冷製工法製作手工皂，保留了天然植物油中的甘油精華。我們不添加人工合成界面活性劑，只用純淨的水、油與草本礦泥，調配出如雲朵般綿密細緻的泡沫。每款肥皂都擁有獨特的精油香氣，讓你在洗淨塵垢的同時，也能被自然的芬芳環繞，找回肌膚最原始的呼吸感與純粹。,2025/9/30,20,3,2,,
M0000029,C00027,鹽之呼吸,我們從海洋與深山中尋找舒壓的答案。鹽之呼吸專門開發以喜馬拉雅山岩鹽與沖繩海鹽為基底的浴鹽系列。我們結合了色彩療法與芳香療法，將乾燥花瓣與精油揉入鹽礦中，讓你的浴缸化為五彩繽紛的療癒湖泊。這不僅是去角質的修護，更是一次心靈的淨化儀式，讓鹽分的能量帶走一整天的負擔，煥發身心的純淨能量。,2025/10/24,20,3,2,,
M0000030,C00028,草本萃室,我深信大自然是最好的藥劑師。草本萃室的每一瓶洗髮露與沐浴乳，都源自於我親自萃取的植物精華。我們研發了多種針對不同體質的草本配方，如舒緩乾燥的艾草與平衡油脂的茶樹。品牌核心在於「森林浴」的體感，希望你在浴室的小空間裡，就能感受到山林間的微風與濕潤氣息，讓每日的清潔工作昇華為與大地連結的感官饗宴。,2025/8/26,20,3,2,,
M0000031,C00029,沐浴光影,沐浴光影將肥皂提升到了藝術品的高度。我們擅長製作「寶石皂」，運用特殊的半透明工藝與渲染技術，讓每一塊肥皂都如同剛出土的礦石般晶瑩剔透。這些作品在燈光下會折射出迷人的光影變化，放在浴室裡就像一件精緻的裝飾品。我們想證明，生活用品也可以極具視覺美感，讓你在享受滑順膚感的同時，也沉浸在色彩美學的流動之中。,2025/8/20,20,3,2,,
M0000032,C00030,純淨之源,專為敏感肌膚與母嬰設計，純淨之源屏除了一切多餘的成分。我是品牌主理人，因為自己也深受肌膚過敏之苦，所以致力於研發最溫和的潤膚沐浴油。我們採用低敏、無香料的科學配方，強調強健肌膚屏障。對我們而言，護理不應該是層層堆疊，而是減法藝術。希望這份純粹的關懷，能讓每一位使用者感受到如水般清澈、無負擔的安心照護。,2025/10/14,20,3,2,,
M0000033,C00031,居所微光,光影，是居家靈魂的調光師。居所微光專注於手工製作質感小夜燈與燭台，我們結合了玻璃噴砂與陶瓷透光技術，創造出柔和而不刺眼的環境光。每一盞燈都擁有獨一無二的紋路，在黑夜中投射出夢幻的暗影。我們想為你打造一個能讓心安定的角落，讓家不只是居住的空間，而是一個能容納所有疲憊、散發著溫暖微光的避風港。,2025/11/5,20,3,2,,
M0000034,C00032,木石共生,「硬冷的水泥與溫潤的木頭，能碰撞出驚人的和諧。」這是木石共生的設計核心。我們擅長製作極簡風格的居家小物，如擴香座、名片夾與盆器。透過對兩種材質比例的精確掌控，呈現出極具現代感的工業風美學。我們相信簡約的力量，這些小物雖然體積不大，卻能透過質感的對比，在無聲中提升整個空間的格調，展現居住者不凡的品味。,2025/9/1,20,3,2,,
M0000035,C00033,彩織掛毯,我是彩織掛毯的編織師，我習慣用五顏六色的棉線織出我對世界的想像。我們專精於 Macram? 法式編織掛布與牆面裝飾。不同於冰冷的粉漆牆面，編織掛毯能賦予空間立體感與溫度。我們喜歡加入羽毛、漂流木與天然礦石，讓作品散發出一股自由奔放的波希米亞氣息。希望我的作品能為你的房間增添靈動的生命力，編織出一段溫柔的生活詩。,2025/7/25,20,3,2,,
M0000036,C00034,窗邊日常,窗邊日常是捕捉光影的藝術品牌。我們熱愛製作水晶捕夢網與「太陽捕手」掛飾。當陽光穿透切割精緻的奧地利水晶，會在你的牆面上撒下無數道細小的彩虹。我們相信這些光點擁有神奇的魔力，能瞬間點亮沉悶的心情。這是一個關於陽光與希望的品牌，希望能陪你一起看守窗外的四季更迭，將大自然最美的一道光永遠留在你的居所之中。,2025/10/2,20,3,2,,
M0000037,C00035,雜貨角落,這裡收藏了所有對「慢生活」的嚮往。雜貨角落走的是日系鄉村與 Zakka 風格，主理人喜歡蒐集古舊的物件進行改造，製作成充滿歲月痕跡的手作擺件與木質層架。我們不追求完美，甚至刻意保留木材的節瘤與斑駁的漆色。我們想推廣的是一種「惜物」的態度，讓這些帶有故事感的小物，在你的家中角落靜靜訴說著溫暖的時光物語。,2025/11/18,20,3,2,,
M0000038,C00036,鮮果時節,「將整座果園的精華，封存進透明的玻璃瓶中。」鮮果時節只選用當季在地小農種植的水果，堅持以不加水的純手工熬煮工法。我們嚴格控管糖分比例，讓果醬保留了最原始的果酸與飽滿果粒。無論是抹在吐司上或是加入優格，每一口都能感受到大地的氣息。這不只是果醬，更是我們對這片土地最真摯的情書，讓季節的滋味在你的舌尖長存。,2025/8/7,20,3,2,,
M0000039,C00037,辛香秘境,對於辛辣的追求，我們從不妥協。辛香秘境的職人走訪世界各地，調配出多款層次分明的辣椒醬與特色香料醬。從香麻不嗆的椒麻油到濃郁甘醇的干貝XO醬，每一款都經過長時間的低溫慢炸，確保香氣徹底釋放且不燥熱。我們不添加防腐劑，只用最純粹的食材激發味蕾的渴望。這是一場餐桌上的華麗冒險，專為對味道挑剔的嗜辣者而設計。,2025/9/12,20,3,2,,
M0000040,C00038,晨曦果食,我是一位熱愛品茗的創作者，晨曦果食是我將「茶香」與「果實」完美融合的實驗結果。我們首創茶味果醬系列，如伯爵紅茶與蘋果的交織，或是金宣茶與梨子的碰撞。我們利用茶葉的單寧感提升果醬的層次，讓風味甜而不膩。每天早晨，當你打開瓶蓋，那股清新淡雅的氣息就像曙光般溫柔，為你開啟一段充滿質感與詩意的早餐時光。,2025/9/27,20,3,2,,
M0000041,C00039,醬心厚道,「好的抹醬，應該能品嚐到食材最初的誠實。」醬心厚道專精於各類堅果醬與純黑巧克力醬。我們堅持無鹽、無糖、無氫化油，僅靠堅果本身的油脂磨製出極致濃郁的細滑口感。無論是濃苦的黑巧克力還是帶有顆粒感的花生醬，都代表了我們對健康的堅持。這是一個溫厚的品牌，希望透過紮實的用料，給予每一位食客最厚實、最安心的營養補充。,2025/7/30,20,3,2,,
M0000042,C00040,漬物日常,漬物日常試圖在傳統與現代口味間找到完美的銜接。我們將傳統的發酵技術應用在現代食材上，研發出酸甜開胃的漬果、特色橄欖油抹醬與日式風味佃煮。我們的品牌風格清新簡約，希望將「漬物」從餐桌的配角，昇華為能妝點生活品質的重要元素。每一瓶漬物都經過時間的靜置與沉澱，醞釀出層次豐富的熟成美學，讓你的每一餐都更有深度。,2025/11/2,20,3,2,,
M0000043,C00041,刻印記憶,我在木板與雕刻刀的交疊中，尋找那些被遺忘的故事。刻印記憶專注於傳統木刻版畫創作，作品風格寫實且富有張力。每一條刀痕的深淺都代表著創作當下的力道與心境。我們將這些版畫印製在手工紙上，保留了那份樸實的壓印痕跡。我們不追求數位印刷的精準，而是著迷於手作版畫的厚重感與唯一性，希望能為你的牆面刻下一段深刻的藝術記憶。,2025/9/19,20,3,2,,
M0000044,C00042,拓之美學,大自然是最高明的畫家，我只是她的搬運工。拓之美學致力於「植物拓印」工藝，我們在山林間蒐集落葉與花影，透過特殊配方的染料將細膩的脈絡拓印在純棉布料或美術紙上。每一件作品都是大自然在特定時空下的剪影，無法複製，亦不可重現。我們希望透過這種最原始、最直接的紀錄方式，喚醒人們對自然美學的關注，在日常中留住那一抹綠意的靈魂。,2025/10/9,20,3,2,,
M0000045,C00043,彩墨活字,我們熱愛金屬鉛字碰撞紙張時發出的清脆聲響。彩墨活字復刻了老派的活字印刷美學，結合現代的配色與排版設計，製作出一系列獨具風格的卡片與筆記本。每一枚活字都帶有微微的凹陷質感，那是機器無法取代的溫度。這是一個關於紀錄與傳遞的品牌，希望在數位時代，人們依然能透過這些帶有觸感的文字，感受到書寫的重量與溝通的真誠。,2025/8/17,20,3,2,,
M0000046,C00044,紙上版物,紙上版物是孔版印刷（Risograph）的創意基地。我們著迷於這種印刷技術特有的色彩堆疊與微小的對位誤差，讓每張海報、每本小誌都散發出一股懷舊又前衛的氣息。我們的色彩大膽鮮艷，充滿了實驗精神。對我們來說，版畫不該被束縛在藝廊，而應該是以更平易近人的方式走入生活。這裡適合熱愛設計、追求獨特視覺風格的你，一起在色彩的錯位中發現驚喜。,2025/10/27,20,3,2,,
M0000047,C00045,墨跡印記,墨跡印記專研於石版與銅版畫的精細創作。我是品牌主理人，我對版畫中那如髮絲般細緻的線條有著近乎偏執的追求。我們的作品多以古典生物學與星象為主題，呈現出如百科全書插畫般的典雅與神祕感。我們堅持使用高品質的藝術用紙與進口油墨，確保作品能抵禦時光的侵蝕。如果你正在尋找一件能提升居家藝術底蘊、值得細細品味的藏品，墨跡印記將是你的首選。,2025/9/4,20,3,2,,
M0000048,C00046,純銀微光,「銀，是月光的碎片。」在純銀微光，我喜歡觀察流水的波動與風的線條，並將這些無形之美化作手工鍛造的銀飾。我堅持不使用大量翻模，而是透過反覆的敲擊、焊接與拋光，讓每一枚戒指與墜飾都具備獨特的生命痕跡。銀飾會隨著你的佩戴而展現不同的明暗層次，我們希望作品能像月光般靜謐而溫柔地守護著你，散發出優雅且不張揚的個人光采。,2025/7/26,20,3,2,,
M0000049,C00047,銅研舍,黃銅，有一種吸引人的厚重年代感。銅研舍致力於挖掘黃銅的各種可能，從極簡的幾何耳環到複雜的鏤空項鍊，都展現出獨特的古樸美學。我們刻意保留部分火烤的痕跡，讓飾品呈現出深邃的古銅色調。黃銅會隨時間產生氧化現象，展現出如古物般的韻味。我們品牌想傳達的是一種「歲月美感」，適合喜歡復古風格、追求物品隨時間沉澱出靈魂的品味愛好者。,2025/9/11,20,3,2,,
M0000050,C00048,珠圓玉潤,大家好，我是珠圓玉潤的創作者。我深深著迷於天然珍珠與半寶石那種渾然天成的圓潤感。不同於工業化的完美切割，我更愛那些形態各異、帶有天然褶皺的巴洛克珍珠。我運用細緻的金工鑲嵌，將珍珠與金屬絲纏繞在一起，創造出帶有文藝復興浪漫風格的首飾。我們的品牌理念是「優雅地回歸自然」，讓每一位女性都能在珍珠的光暈中，發現自己最柔美且堅韌的一面。,2025/10/4,20,3,2,,
M0000051,C00049,熔岩金屬,熔岩金屬是一個追求極致個性與張力的品牌。我們打破了傳統飾品平整光滑的框架，利用特殊的熔融技術，讓金屬呈現出如火山口熔岩流動後的粗獷紋理。作品風格中性且極具重量感，適合不分性別、喜愛硬派美學的人士。每一件作品的起伏、坑洞都是隨機而生，象徵著生命中那些無法預測但充滿力量的轉折。在這裡，首飾不只是裝飾，更是你靈魂的一種武裝。,2025/10/29,20,3,2,,
M0000052,C00050,點石成金,「每一顆原石，都藏著一個古老的故事。」點石成金專注於將未經切割的天然原礦，結合精細的金絲編織與焊接技術。我們不加工石頭的形狀，而是根據它原始的姿態去設計結構。這種「以石為本」的創作方式，讓每一款項鍊都像是大自然的微型景觀。我們希望能透過金工的力量，將這些深埋地底的寶藏帶到你的胸前，讓你在都市的喧囂中，依然能感受到來自大地原始的能量與陪伴。,2025/8/9,20,3,2,,
M0000053,C00051,植物肌密,「肌膚是身體最大的器官，它值得最溫柔的對待。」我們深信植物的力量，堅持以冷壓植物油為基底，開發高效且純粹的臉部精華油。每一瓶產品都蘊含著大地的養分，拒絕化學防腐劑與人工色素，只給肌膚真正需要的營養。我們想邀請你簡化繁瑣的護膚程序，回歸「減法保養」，在植物的芳香中找回肌膚最原始的細緻與健康光澤。,2025/10/20,20,3,2,,
M0000054,C00052,水潤原生,身為研發者，我對「純淨」有著近乎偏執的追求。水潤原生專注於高純度玻尿酸與天然保濕因子的應用，剔除所有可能致敏的添加物。我們的保濕產品旨在建立肌膚的天然屏障，讓補水不再只是表面功夫。每一滴精華都是我們對品質的承諾，適合追求極簡、透明配方的你。讓保養回歸根本，給予肌膚如初生般的純淨水感，感受零負擔的呵護。,2025/9/2,20,3,2,,
M0000055,C00053,泥好保養,「泥土，是大自然最慷慨的淨化者。」泥好保養蒐羅了來自世界各地的天然礦泥粉，從摩洛哥熔岩泥到死海黑泥，為不同膚質提供專屬的深層清潔方案。我們鼓勵「趣味保養」，提供 DIY 泥膜組合，讓你根據當下的肌膚狀態親手調配。這不僅是護膚，更是一場與肌膚對話的療癒儀式，在塗抹與洗淨之間，感受毛孔徹底釋放的清新與舒爽。,2025/11/13,20,3,2,,
M0000056,C00054,花語水潤,大家好，我是花語水潤的主理人。我迷戀於植物萃取過程中的那一滴精粹——純露（花水）。我們堅持小農契作與低溫蒸餾，保留花朵完整的活性與香氣。不同於一般化妝水，我們的純露不含酒精與人工香精，是天然的保濕與修護首選。透過每一次的噴灑，你彷彿能聽見花朵的低語，讓芬芳療法自然地融入你的護膚生活，賦予身心靈優雅的滋潤。,2025/8/21,20,3,2,,
M0000057,C00055,舒敏之道,「為敏弱肌尋找一條平穩的道路。」這是我創立品牌的初衷。因為自己長期受敏感肌困擾，我致力於研發以積雪草、神經醯胺等修護成分為核心的保養品。舒敏之道強調「穩定」與「修護」，不求快速見效，但求長效呵護。我們通過多重低敏測試，只為讓你在換季或壓力大時，能擁有一份最安心的肌膚依靠。讓保養成為一種享受，而非挑戰。,2025/9/25,20,3,2,,
M0000058,C00056,碎紙冒險,我是一個生活中的收集者，從老報紙、過期的地圖到斑駁的電影票，都是我創作的養分。碎紙冒險擅長運用這些帶有時間痕跡的媒材，透過切割與重新重組，創造出具備超現實感與復古底蘊的藝術作品。我喜歡在混亂的色塊中尋找秩序，每張作品都在訴說一段被遺忘的故事。邀請你一起進入這個紙張的迷宮，發現那些隱藏在碎紙邊緣的奇幻夢境。,2025/8/28,20,3,2,,
M0000059,C00057,膠帶森林,誰說和紙膠帶只能用來貼筆記本？在膠帶森林，我將捲捲膠帶化作畫筆，透過層層疊加與細膩的切割，拼貼出一幅幅色彩繽紛的立體畫作。我的作品多以花鳥、日常風景為主題，風格輕快活潑，帶有一種獨特的透明感。我追求的是一種隨興而不隨便的手作美學，希望透過這些充滿活力的膠帶創作，為你的生活空間增添一份輕鬆寫意的藝術氣息。,2025/11/6,20,3,2,,
M0000060,C00058,布碎日常,「布料的邊緣，藏著最溫柔的線條。」布碎日常將製衣過程中產生的剩餘布料收集起來，利用纖維的質地與花紋進行藝術拼貼。我們將不同厚度、材質的碎布重新組合，創作出具有浮雕感的布藝裝飾畫。每一件作品都展現了永續利用的精神與手工的溫度，色彩交織間帶有一種樸實的敘事感。我們想讓你知道，美感不必昂貴，生活中隨處可見的細碎都能成就經典。,2025/8/14,20,3,2,,
M0000061,C00059,拾物實驗室,我們是一群熱愛蒐集「無用之物」的藝術家。拾物實驗室將乾燥花草、鏽蝕的鐵絲、舊相片與複合媒材融合在一起，進行一場關於記憶與時間的拼貼實驗。作品風格懷舊、神祕且極具收藏感。我們不定義藝術的形式，而是透過媒材間的撞擊引發觀者的共鳴。每一件手作作品都是獨一無二的感官探索，適合喜歡挖掘生活細節、擁抱多樣美學的靈魂。,2025/10/8,20,3,2,,
M0000062,C00060,色塊詩集,色塊詩集追求極簡的幾何美學。我們捨棄繁瑣的細節，專注於色彩塊面與比例的協調。創作者擅長運用純色美?紙進行拼貼，透過疊放與留白，傳達出一種如詩般的意境與空間感。作品風格現代且冷靜，適合裝飾在北歐風或極簡風的居家空間中。我們相信簡約的力量能沉澱心靈，讓每一幅色塊拼貼都成為你空間中一段安靜而深刻的視覺獨白。,2025/9/15,20,3,2,,
M0000063,C00061,嗅覺日記,「香氣，是記憶最忠實的時光機。」嗅覺日記堅持使用頂級大豆蠟與純淨香精油，親手調配出多款具有敘事感的香氛蠟燭。我們不追求市售香水的濃烈，而是偏愛模擬大自然中的微小氣息，如清晨的森林霧氣、午後的舊書攤。每一款香氣都對應一段生活心情，讓你在點燃燭火的瞬間，就能穿越時空，沉浸在專屬於你的私密回憶與療癒時光中。,2025/10/22,20,3,2,,
M0000064,C00062,燃燒之詩,我是燃燒之詩的創作者，我特別迷戀木質燭芯在燃燒時發出的細微「啪噠」聲。我們的手工蠟燭不僅提供優質的嗅覺體驗，更重視視覺與聽覺的儀式感。我們開發了多款結合大地元素的香調，如煙燻雪松、乾燥苔蘚。這是一個關於「沉靜」的品牌，希望能為你忙碌的夜晚點亮一盞光，透過溫暖的燭光與自然的香韻，讓浮躁的心靈在跳動的火苗中獲得慰藉。,2025/8/1,20,3,2,,
M0000065,C00063,氛圍實驗室,在氛圍實驗室，我們相信香氛是空間隱形的裝潢。我們專注於開發室內噴霧與無火擴香座，品牌風格走的是中性、冷色調的工業美學。我們擅長調配木質調與冷色調的香氣，如岩蘭草、黑胡椒與冷衫。我們追求的是一種高級而低調的空間質感，讓你的居家環境在無形中散發出專業且獨特的品味。這不只是香氣，更是你對精緻生活態度的一種無聲宣告。,2025/8/24,20,3,2,,
M0000066,C00064,慢活香氣,大家好，我是慢活香氣的主理人。我致力於將香氛帶出戶外，隨身攜帶。我們研發了多款天然精油香膏與滾珠瓶，體積輕巧，方便在任何時刻輕輕塗抹於腕間。我們的配方強調放鬆與提神，適合需要隨時切換心情的都會族群。品牌的核心是「把森林帶在身上」，讓自然的芬芳成為你面對挑戰時最溫柔的後盾，隨時隨地開啟一段五分鐘的靜心旅行。,2025/10/17,20,3,2,,
M0000067,C00065,靈魂煙燻,「煙，是連結靈魂與大地的媒介。」靈魂煙燻專注於推廣傳統的燻香儀式。我們嚴選高品質的秘魯聖木、白色鼠尾草與手工線香，提供一整套的身心靈淨化方案。我們想找回那份古老而神聖的靜謐感，透過裊裊升起的煙霧，清理空間與心靈的負能量。這是一個關於覺察與放下的品牌，適合追求內在平衡、熱愛冥想與靜坐的你，與我們一起在煙霧繚繞中找回本心。,2025/8/18,20,3,2,,
M0000068,C00066,穀物食研室,早餐是啟動一天最重要的節奏。穀物食研室每天限量現烘各種燕麥穀物（Granola），我們選用厚實的大燕麥片，拌入在地楓糖與低溫烘焙的堅果，每一口都吃得到食材的原味與酥脆。我們拒絕過度加工與高糖配方，堅持手工慢焙，保留最完整的膳食纖維。希望這份來自大地的飽足感，能成為你活力來源的最佳補給，讓健康的飲食成為一種美味的享受。,2025/11/4,20,3,2,,
M0000069,C00067,蜜境之源,我是一位與蜜蜂共生的養蜂人。蜜境之源堅持採收台灣小農契作的純淨蜂蜜，從龍眼蜜的濃郁果香到百花蜜的層次韻味，每一滴都是工蜂飛越萬里採集的精粹。我們強調「單一產地」與「零添加」，並附上檢驗報告，只為讓你品嚐到最誠實的滋味。我們不僅提供優質蜂蜜，更致力於推廣蜂業生態保育，邀請你一起支持永續農業，感受這份來自自然的甜美贈禮。,2025/9/9,20,3,2,,
M0000070,C00068,原生力量,「保留食材最原始的力量，不添加任何修飾。」這是原生力量的製食哲學。我們運用先進的真空冷凍乾燥技術，製作出一系列無添加鹽糖、零油脂的蔬菜脆片與果乾。這種技術能鎖住食材 90% 以上的營養與天然鮮甜，口感輕脆且健康無負擔。無論是辦公室的小零食還是登山的能量補充，我們的產品都是你追求天然飲食的首選，讓吃零食也能成為一件對身體有益的事。,2025/9/29,20,3,2,,
M0000071,C00069,豆乳日常,豆漿不僅僅是飲品，更是土地孕育出的鮮甜。豆乳日常堅持使用非基因改造的優質大豆，透過職人研磨與高溫煮製，研發出濃度高達 10 度的無糖豆乳。我們的口感綿密如奶油，每一口都能品嚐到純粹的豆香。此外，我們也開發了低熱量的豆乳點心與抹醬，提供素食者與健身族群更健康的蛋白質選擇。這是一份對日常飲食的體貼，讓純淨的豆乳滋養你的每一天。,2025/7/23,20,3,2,,
M0000072,C00070,酵母時光,我深深著迷於發酵過程中產生的神奇變化。酵母時光專注於手工康普茶（Kombucha）與發酵蔬菜的釀造。我們在茶湯中加入活性益生菌與天然水果，經過長時間的靜置發酵，產生自然細緻的氣泡與微酸口感。這不僅是解膩的時尚飲品，更是照顧腸道健康的天然良藥。我們秉持著「時間醞釀美學」，邀請你與我們一同體驗發酵食物帶來的驚喜風味，開啟身心的輕盈旅程。,2025/10/26,20,3,2,,
M0000073,C00071,刻印日常,大家好，我是刻印日常的橡皮章刻製師。我喜歡觀察生活中的微小事物，並將它們化作方寸間的印章圖案。無論是剛出爐的吐司、路邊的小野花，還是慵懶的貓咪，透過一刀一劃的雕琢，都擁有了生命的節奏。我的作品特別適合手帳愛好者，能為你的紀錄增添獨特的手作感。我追求的是一種平凡中的趣味，希望這枚小小的印章，能點亮你筆記本裡的每一個日常。,2025/8/5,20,3,2,,
M0000074,C00072,紙上摺痕,「紙張在摺疊之間，產生了無限的空間可能。」紙上摺痕是一個專注於立體紙藝與精緻摺紙的品牌。我們利用不同磅數與質感的特種紙，設計出令人驚嘆的立體卡片與紙雕小擺飾。每一道摺痕都經過精密的計算與手工校對，讓平面紙張在展開的瞬間躍然紙上。我們想傳達的是一份驚喜感，讓送禮不只是傳遞心意，更是一場關於構造與美學的視覺盛宴。,2025/10/12,20,3,2,,
M0000075,C00073,印鑑職人,篆刻是一門連結古今的藝術。印鑑職人結合了傳統的金石工法與現代的極簡設計，提供客製化個人風格印章。我們選用質地溫潤的玉石、檀木或黃銅，針對每個人的姓名特質設計獨一無二的字體與排版。對我們而言，印章不只是契約的憑證，更是個人身份與品味的象徵。每一枚印章都是經由職人手工微調、精心刻製，值得你珍藏一生，見證生命的重要時刻。,2025/9/4,20,3,2,,
M0000076,C00074,墨色印記,我瘋狂愛著那些色彩紛呈的印泥與帶有古典氣息的封蠟。墨色印記致力於蒐羅世界各地的特色墨水與火漆印章耗材，並開發出多款原創的封蠟圖案。我們相信，在數位溝通盛行的年代，親手蓋上一個火漆印是極致的浪漫。這是一個關於「儀式感」的品牌，希望能為你的信封、包裝或手帳，印上一抹厚重而精美的印記，讓每一份訊息的傳遞都充滿了觸感與溫度。,2025/11/19,20,3,2,,
M0000077,C00075,裁紙匠心,「找回手寫信的溫度，從挑選一張紙開始。」裁紙匠心致力於手抄紙工藝與原創文具的設計。我們利用回收纖維與天然植物，製作出紋理獨特、觸感溫潤的手工紙。從信箋、筆記本到禮物包裝紙，每一款都展現了對「紙」這種媒介的尊重。我們想邀請你重新拿起筆，在帶有纖維厚度的紙張上寫下最真摯的文字，讓那些無法在螢幕上呈現的情感，透過指尖的觸感傳遞給重要的人。,2025/7/28,20,3,2,,
M0000078,C00076,陶之呼喚,「陶土，是有溫度的語言。」陶之呼喚堅持以「手捏」取代拉胚，讓每一件器皿都保留指尖按壓的觸感與自然的起伏。我們追求的是一種樸拙、不完美的「缺憾美」，讓杯碗在手中更有握持的穩定感。每一件作品都經過高溫窯燒，釉色自然流淌，呈現出大地的層次。希望透過這些與生活息息相關的陶器，讓你在用餐或品茶的時刻，能感受到一份來自泥土與雙手的寧靜力量。,2025/10/21,20,3,2,,
M0000079,C00077,泥濘日常,我是泥濘日常的拉胚師。我著迷於陶土在拉胚機上旋轉時，透過掌心感受到的形體變化。我的作品風格線條俐落、釉色簡約溫潤，致力於開發適合現代家庭使用的茶具與餐具組。我們強調設計感與實用性的平衡，每一款器皿都經過多次試用，確保出水順暢、握感舒適。這是一個追求「生活感」的陶藝品牌，希望用簡練的設計，為你的餐桌風景增添一抹精緻且平靜的職人質感。,2025/8/22,20,3,2,,
M0000080,C00078,微型陶刻,這裡是屬於「微縮世界」的奇幻樂園。微型陶刻專門製作精巧的陶製小偶、筷架與袖珍花器。我喜歡在極小的陶製品表面進行細緻的刻畫與上色，每一件作品都像是充滿靈魂的小精靈。這些小物雖然體積不大，卻能瞬間改變空間的氛圍。我們想證明，美感不必大氣磅?，細節中的精妙更能引人入勝。適合喜歡為生活增添點驚喜驚喜與童趣、追求「微型美學」的收藏家。,2025/10/31,20,3,2,,
M0000081,C00079,斑斕陶室,「釉藥的流動，是窯爐內的化學詩篇。」斑斕陶室以其獨門的流動釉彩渲染工藝聞名。我們擅長控制釉料的重疊與熔融，讓器皿呈現出如星空雲霧、如深海流動般的繽紛色彩。每一件作品從窯中取出時都是一場未知的驚喜，色彩交織極具生命力。我們不只製作器皿，更是在泥土上作畫。推薦給熱愛色彩張力、想在日常用品中尋求視覺震撼與藝術感的手作愛好者。,2025/8/12,20,3,2,,
M0000082,C00080,白瓷心語,白瓷心語追求極致的純淨與潔白。我熱愛瓷土那種細膩如脂的質感與半透光的特性。我的作品多以純白色系為主，透過雕花或堆泥技巧在素白的表面創造光影層次。這是一種安靜的極簡美學，不喧賓奪主，卻能優雅地融入任何空間。對我而言，白瓷代表了一種生活的初心，希望能透過這些清透、俐落的作品，帶給你一份心靈的澄澈與生活中的留白美感。,2025/10/2,20,3,2,,
M0000083,C00081,花語不朽,雖然花朵會凋零，但我們想留住它最美的一刻。花語不朽專長於頂級永生花（Preserved Flower）的設計。我們選用由日本與厄瓜多進口的新鮮花材，透過專業脫色與染色技術，讓花朵維持長達數年的鮮豔與柔軟。作品風格典雅大氣，無論是開幕花禮還是節慶花盒，都散發著高雅的氣息。我們追求的是一份「不朽的祝福」，讓這份優雅的陪伴能跨越時間，成為家中永不凋謝的美麗風景。,2025/9/18,20,3,2,,
M0000084,C00082,乾燥拾光,我是一個與時間賽跑的花農。乾燥拾光堅持以自然通風乾燥法，保留花草最真實的姿態與微弱的香氣。我們的風格帶有濃厚的復古文藝感，色調偏向溫暖的大地色與暗紫紅。作品多為乾燥花束與生活花環，強調隨興與自然。我們相信，乾燥後的花草擁有一種更深沉、更有故事的生命力。希望透過這些乾燥花禮，為你的生活增添一份如老電影般懷舊且溫潤的時光氣味。,2025/11/8,20,3,2,,
M0000085,C00083,花之微縮,在花之微縮，我們將花卉藝術與玻璃工藝結合，打造出一座座微型森林玻璃盅。我們利用永生花與特殊的凝膠，在透明空間中構築出靜止的奇幻景觀。這是一份專為「保存夢想」而設計的品牌，玻璃罩隔絕了灰塵與時間，讓那抹嬌豔永遠綻放。適合作為桌上的療癒風景或送給摯愛的珍貴心意。讓這份精緻的微型美感，點亮你生活中的小小角落。,2025/8/16,20,3,2,,
M0000086,C00084,輕舞花飾,「讓花朵成為你的日常穿搭。」輕舞花飾專門研發可佩戴的乾燥花飾品，如精緻的髮夾、胸針與耳環。我們利用UV樹脂與特殊的加固工法，讓脆弱的花材變得堅韌且易於配戴。每一件作品都是自然的縮影，讓你的造型瞬間充滿森林感與仙氣。我們希望能打破花藝只在室內的限制，讓你帶著芬芳與優雅在城市中輕快起舞，展現與眾不同的個人手作風格。,2025/9/24,20,3,2,,
M0000087,C00085,森林絮語,森林絮語是一個追求野性美感的花藝品牌。創作者喜歡結合未經加工的漂流木、藤蔓與乾燥花材，製作風格豪邁且充滿層次感的居家掛飾。我們的作品不講究對稱，而是模擬森林中自然生長的狀態。品牌理念是將「野外的呼吸」帶進都市的鋼琴森林。每一件創作都散發著原始、粗獷且溫柔的力量，適合喜愛自然主義風格、想讓家裡充滿森林芬芳與生命張力的你。,2025/8/31,20,3,2,,
M0000088,C00086,奶油森林,我是奶油森林的主廚，我對高品質發酵奶油有著不可理喻的執著。我們專精於法式手工千層、塔類與常溫小點。我們堅持不使用人工香精，每一口酥脆的外殼與滑順的內餡，都是純淨乳香與在地旬味果實的完美交織。對我們而言，烘焙是一門精密且感性的藝術，追求極致的層次感與味蕾的平衡感。希望這份甜點能為你的午後時光鋪上一層溫潤的金色幸福。,2025/8/3,20,3,2,,
M0000089,C00087,糖心故事,「餅乾，是可以吃的畫布。」糖心故事專門製作精緻的手繪糖霜餅乾。創作者結合了細膩的插畫功力與烘焙技巧，將每一片餅乾都變成藝術品。我們擅長依照客人的節慶與心情進行主題設計，從溫馨的新婚禮物到可愛的派對小點。我們不只賣餅乾，更是提供一個傳遞故事的載體。希望那抹甜而不膩的糖霜，能將你心底最誠摯的祝福與愛，化作唇齒間的溫柔驚喜。,2025/11/15,20,3,2,,
M0000090,C00088,麥香小徑,走進麥香小徑，首先迎接你的是濃郁的老麵香氣。我們主打低油、低糖、高含水量的歐式麵包，堅持使用自家培養的天然酵母長時間發酵。我們的麵包外殼酥脆、內裡Q彈，咬下一口能品嚐到麥粒最原始的甘甜。這是一份關於「誠實」的烘焙，我們想找回麵包作為主食的最純粹質感。每天限量出爐，只為給予你最紮實、最有溫度的飽足感，讓簡單的麥香溫潤你的每一餐。,2025/10/6,20,3,2,,
M0000091,C00089,巧思甜點,對我來說，巧克力是世界上最神祕的語言。巧思甜點專注於手工巧克力與濃郁布朗尼的研發。我們嚴選各國莊園級巧克力豆，精確掌握溫控與比例，追求苦甜之間的完美轉場。我們的布朗尼口感介於蛋糕與軟糖之間，層次極其豐富。我們想挑戰你對甜點的認知，用深邃的黑色魔力激發你的多巴胺，讓每一口品嚐都成為一場私密而奢華的感官冒險，極致享受每一刻的甜美。,2025/8/26,20,3,2,,
M0000092,C00090,微笑瑪德蓮,大家好，我是微笑瑪德蓮的主理人。我認為甜點應該是能讓人瞬間心情變好的小魔法。我們研發了數十種獨創口味的瑪德蓮，從清新的檸檬糖霜到醇厚的鐵觀音茶香。我們追求外皮微微的焦脆感與核心的濕潤鬆軟，並在包裝中加入一張溫馨的小卡。這是一個充滿溫度與小驚喜的品牌，希望當你拿起這枚貝殼造型的甜點時，能感受到創作者的用心，由內而外綻放出幸福的微笑。,2025/8/20,20,3,2,,
M0000093,C00091,想像漫步,我的畫筆不安於室，總喜歡在白紙上展開一場想像力的旅行。想像漫步的插畫風格童趣活潑，我擅長將日常瑣事進行詼諧轉化，賦予物品鮮活的生命力。我的作品多以明信片、貼紙與帆布包的形式存在，希望能成為你生活中的趣味點綴。對我而言，畫畫不是為了展現技巧，而是為了傳遞快樂。邀請你加入這場色彩的遊行，用一顆好奇心重新審視這個充滿奇蹟的世界。,2025/10/23,20,3,2,,
M0000094,C00092,暗黑美學,在黑與白的交界處，隱藏著最深刻的情感。暗黑美學是一個追求極致張力、神祕感與冷冽感的藝術品牌。我專精於黑白線條創作，作品題材多涉及夢境、心理暗示與自然界的殘缺之美。這種獨特的視覺風格能吸引尋求獨特性與個性化表達的受眾。我們想證明，黑暗並不可怕，它是一種深層的寧靜。如果你喜歡深沉、冷酷卻具備靈魂厚度的藝術，歡迎來到這片純粹的墨色世界。,2025/10/15,20,3,2,,
M0000095,C00093,色塊生活,大家好，我是色塊生活的創作者。我喜歡將複雜的風景簡化為大面積的色塊，透過色彩的對比與協調來捕捉空間的律動。我的作品多為大尺寸的掛畫與裝飾版畫，風格極簡且充滿現代感，非常適合現代居家空間的裝飾。我認為藝術應該是能讓人放鬆的背景。透過精準的色彩語言，我希望能為你的牆面注入一股清新、平穩的視覺能量，讓居家氛圍在色彩的堆疊中獲得提升。,2025/9/7,20,3,2,,
M0000096,C00094,靈魂肖像,「每個人的臉上，都寫著一段獨特的靈魂歷史。」靈魂肖像專門提供似顏繪與人物肖像訂製服務。我不是單純地複製長相，而是透過觀察與聊天，捕捉受畫者特有的眼神神韻與氣質特點。我運用水彩、粉彩等多種媒材，為每一份託付打造出具備紀念意義的藝術品。這是一份關於連結的品牌，希望透過我的畫筆，能為你留下生命中某個重要時刻最美、最真實的樣貌。,2025/7/22,20,3,2,,
M0000097,C00095,夢境插畫室,這裡收錄了所有那些關於自然與神靈的夢境。夢境插畫室的筆觸極其細緻，風格溫柔且略帶神祕感。創作者熱愛描繪植物與人類共存的奇幻場景，作品多帶有療癒、靜謐的氛圍感。我們提供高品質的藝術複製畫與精美畫冊，希望能透過插畫傳達人與大地的和諧關係。如果你也在尋找一處心靈的避風港，請翻開我們的畫布，讓我們一起在溫柔的色彩與細節中，尋找平靜的力量。,2025/7/26,20,3,2,,
M0000098,C00096,隱山茶作,「好的茶，應該帶著山頭的氣息。」隱山茶作源自於台灣高山契作茶園，我們堅持自然農法栽培，並由老茶師親手揉捻、精準焙火。我們提供原片茶葉與手工包裝的茶包禮盒，保留了茶湯最純粹的甘韻與香氣層次。我們不想把茶文化神祕化，而是想讓它回歸生活。希望透過這杯清透的茶湯，能讓你在繁忙的節奏中，找到一方安靜的山頭，感受茶葉帶來的身心舒暢。,2025/10/8,20,3,2,,
M0000099,C00097,烘焙靈魂,咖啡對我們而言，不只是飲品，更是一種生活態度的覺醒。烘焙靈魂專注於自家烘焙咖啡豆，我們偏愛中深焙的風味，追求奶油、堅果與可可般的醇厚口感。每一批豆子都經過人工挑選與多次杯測，確保品質穩定。我們想與你分享烘豆時那股誘人的香氣，讓你在早晨研磨豆子的瞬間，就能感受到靈魂被喚醒。這是一份獻給所有咖啡成癮者的誠意之作，與你一起探索黑色液體中的無限可能。,2025/8/23,20,3,2,,
M0000100,C00098,果茶日常,誰說茶只能是苦澀的？果茶日常將在地新鮮乾果與西方花草完美交織。我們研發了多款無咖啡因的療癒水果茶，低溫烘乾的果乾保留了天然酸甜，搭配薰衣草或洋甘菊，層次豐富且舒壓。我們的品牌核心是「溫柔的療癒」，適合在睡前或下午茶時刻，為自己沖上一壺繽紛。讓果實的香氣與花朵的芬芳，在熱水中緩緩綻放，為你的日常感官帶來一段清新微甜的溫暖小旅行。,2025/11/10,20,3,2,,
M0000101,C00099,冷萃工坊,我是冷萃工坊的技術長，我們致力於「時間萃取」的極致。我們主打低溫慢速萃取的冷萃咖啡（Cold Brew）與冷泡茶。透過長達 12 小時以上的低溫醞釀，將咖啡與茶葉中的苦味與澀感降到最低，取而代之的是極致的甘甜與醇順口感。我們提供罐裝與濃縮液，方便你隨時取用。這是一個追求「慢速精華」的品牌，希望能讓你在酷暑或忙碌中，享受到一口清涼且風味細膩的頂級飲品。,2025/8/4,20,3,2,,
M0000102,C00100,晨光精品,晨光精品專門為忙碌的都市族群開發高品質的掛耳包（濾掛咖啡）。我們選用來自全球五大產區的精品豆，堅持接單後新鮮現磨包裝。我們想證明，即使只有三分鐘，你也能在家中或辦公室享受到職人級的手沖風味。我們的品牌哲學是「每一天都值得從一杯好咖啡開始」。讓晨光的第一抹香氣點亮你的感官，用專業的產區風味，開啟一段充滿質感與專注力的美好早晨。,2025/9/25,20,3,2,,
M0000103,C00101,綠意角落,「你的家，值得擁有一座會呼吸的小森林。」綠意角落專門推廣適合室內栽培的耐陰植物，如觀葉植物、蕨類與虎尾蘭。我們不只賣植物，更提供由創作者親手燒製的設計感盆器與專業的配土建議。我們致力於降低綠植進入門檻，讓黑手指也能成功養出朝氣。品牌理念是「與綠色共生」，希望透過這些植物的陪伴，能吸附生活的焦慮與壓力，為你的水泥森林注入一抹靈動的生命力。,2025/9/11,20,3,2,,
M0000104,C00102,多肉萌芽,大家好，我是多肉萌芽的育苗師。我著迷於多肉植物那種肥厚、飽滿且充滿韌性的姿態。我們蒐羅了上百種國內外特色多肉，並提供多樣化的組盆藝術。我們的作品結合了石材、原木與細沙，營造出微型荒漠的療癒美學。這是一個關於「生命力」的品牌，我們想告訴你，即使在艱辛的環境下，也能綻放出最動人的色彩。邀請你加入養肉行列，在觀看肉肉萌芽的過程中，獲得療癒與成就感。,2025/8/18,20,3,2,,
M0000105,C00103,苔影森林,我在玻璃瓶中蓋了一座微型地球。苔影森林專精於「苔蘚生態缸」（Terrarium）的創作。我們運用多種天然苔蘚、奇石與微縮人物模型，在封閉的生態系統中重現森林、山谷或瀑布。這種植栽幾乎不需要頻繁照顧，只需適度的光線。它就像一個安靜的異世界，讓你在疲憊時只要低頭凝視，就能瞬間逃離塵囂。適合擺放在辦公桌或書房，讓這片小小的綠意成為你心靈的避風港。,2025/11/1,20,3,2,,
M0000106,C00104,空氣花園,跳脫土壤的束縛，讓綠意在空中起舞。空氣花園致力於推廣「空氣鳳梨」，這是一類僅靠葉片吸收水分的奇特植物。我們結合手工金屬支架、原木底座或懸掛編織，將植物化為具有空間裝飾性的裝置藝術。我們的品牌風格極簡且具未來感，適合現代簡約的空間設計。這是一場關於植物與空間關係的實驗，希望能讓你發現植栽的無限可能，在居家上方編織出一座靈動優美的空氣花園。,2025/10/12,20,3,2,,
M0000107,C00105,植感慢活,植感慢活想邀請你體驗「自耕自食」的快樂。我們主打各種香草植物（薄荷、迷迭香、羅勒）與有機蔬菜栽培組，附帶完整的種植教學與質感花盆。我們相信，親手播種、看著嫩芽長大到最終採收烹飪，是現代生活中最極致的慢活體驗。品牌核心是推廣永續與自然的連結，讓每個人的陽台都能變成小小的草藥園或菜園。透過與土壤的親密接觸，找回生活的節奏感與對自然的敬畏之心。,2025/9/2,20,3,2,,
M0000108,C00106,滿意之禮,禮物的意義在於「分享驚喜」。滿意之禮致力於打造大方且充滿手感溫度的綜合禮盒。我們與多家手作職人合作，嚴選熱賣的手工餅乾、香氛小物與掛耳咖啡，組合成一份澎湃的誠意。我們的包裝設計大氣且精緻，適合企業贈禮、彌月或節慶賀禮。我們想減輕你挑選禮物的負擔，用一份高品質的選物，替你傳達最厚實的心意，讓收禮者在打開盒子的那一刻，就能感受到滿滿的喜悅。,2025/7/24,20,3,2,,
M0000109,C00107,輕語祝福,好的心意，不必大張旗鼓。輕語祝福專注於小型、精緻的個人化禮盒，適合朋友間的生日祝福或日常感謝。我們偏愛文青風格的簡約包裝，內容物多為單入裝的手作香膏、小份量果醬或精選明信片。品牌理念是「將感謝化作生活的小確幸」。每一份禮盒都包含一張手寫空間，希望你能透過這些溫潤的小物，輕聲對在乎的人說聲謝謝。讓送禮回歸到最純粹的情感連結，細膩且動人。,2025/11/15,20,3,2,,
M0000110,C00108,紅韻賀禮,紅韻賀禮是一個將傳統習俗與現代文創美學結合的品牌。我們針對春節、中秋與端午等重要傳統節日，開發出一系列極具設計感的賀禮包裝。我們保留了節慶的吉祥色彩，但融入了俐落的排版與手繪插畫。內容物則精選在地小農的特色產品或手工漢餅。我們想找回過節的儀式感，讓傳統不再顯得老派，而是成為一種跨世代的美學交流，為你的親友長輩獻上最體面且具格調的祝福。,2025/9/5,20,3,2,,
M0000111,C00109,禮之美學,我是一個包裝藝術家，我認為禮盒的「開箱過程」本身就是一種享受。禮之美學重視包裝的材質、手感與細節，我們大量使用環保紙材、封蠟印記與手工絲帶，營造出極致的開箱儀式感。我們不只販售禮盒，更提供包裝設計與代客送禮服務。我們追求的是一種視覺與體感的極致平衡，希望能為每一份珍貴的託付披上最華麗的外衣，讓你的心意在層層拆解的過程中，昇華成一段難忘的藝術體驗。,2025/9/21,20,3,2,,
M0000112,C00110,客製驚喜,每個人的喜好都是獨一無二的，禮物也應該如此。客製驚喜打破了成套禮盒的限制，提供完全根據收禮者興趣進行「量身挑選」的服務。你可以提供對方的喜好描述，由我們的專業策展人為你搭配內容，從手作耳環到特定產區的茶葉，每一件都精準命中。我們還提供專屬名稱刻印與卡片代寫服務。這是一個關於「深度關懷」的品牌，希望能透過完全客製化的服務，幫你完成一份最完美的驚喜。,2025/8/10,20,3,2,,
M0000113,C00111,織心工藝,「針尖下的每一圈，都繞著一段寧靜的心思。」織心工藝專注於傳統鉤針編織，致力於將這門老手藝帶入現代穿搭。我們製作可愛的髮帶、貝雷帽、蕾絲餐墊與編織包。我們選用質地輕軟、色彩溫潤的棉線，透過複雜的針法展現立體的層次感。每一件作品都凝聚了數小時的專注與耐性。我們追求的是一種慢節奏的手作美學，希望能透過這些帶有觸感的織物，溫柔地包裹你的生活細節。,2025/10/25,20,3,2,,
M0000114,C00112,結之律動,我是一位與棉繩共舞的藝術家。結之律動專注於 Macram?（法式繩結編織）創作。我不使用針具，僅靠雙手反覆的纏繞與打結，創作出結構感強烈的大型壁掛、植栽網袋與波希米亞風格的提袋。我著迷於繩結間產生的陰影與節奏感。我的作品強調線條的流動與空間的穿透力，適合追求自然、奔放居家風格的你。這是一場力量與柔韌的平衡實驗，為你的牆面注入一股充滿異國情調的生命律動。,2025/10/3,20,3,2,,
M0000115,C00113,羊毛物語,大家好，我是羊毛物語的主理人。我深深愛著羊毛那種蓬鬆、溫暖且具備高度可塑性的特性。我們擅長利用針氈與濕氈工藝，製作出各種栩栩如生的動物擺飾、羊毛氈首飾與厚實的隔熱墊。我們的作品色彩繽紛、觸感柔軟，帶有一種治癒人心的魔法。我們希望透過這些色彩多變的羊毛創作，打破纖維藝術沉穩的刻板印象，為你的生活增添一份如糖果般燦爛、如雲朵般輕柔的手感驚喜。,2025/9/18,20,3,2,,
M0000116,C00114,纖維實驗,纖維實驗是一個追求異材質撞擊的品牌。我們不滿足於傳統線材，喜歡將金屬絲、塑膠管、廢棄布條與絲線混織在一起。創作者將織布技術提升到抽象藝術的層次，製作出具有雕塑感的抱枕、掛畫與飾品。我們的風格大膽、前衛且極具視覺衝擊力，適合熱愛實驗性藝術、追求居家裝飾獨特性的受眾。這不僅是編織，這是一場關於觸覺與視覺邊界的探索，邀你一同打破框架，重塑纖維的定義。,2025/8/1,20,3,2,,
M0000117,C00115,手感溫度,這裡沒有快速時尚，只有值得傳承的經典。手感溫度堅持使用純天然的高級羊毛、羊駝毛與蠶絲線，提供全程手工織造的毛衣、披肩與圍巾。我們追求的是極致的親膚感與經典的剪裁，每一件作品都能感受到纖維本身的呼吸感。我們不追求潮流，只在乎穿著時的那份溫暖與自在。希望能透過這些耗時製作的厚實織物，在寒冷的冬日裡給予你最誠摯的擁抱，成為陪伴你度過漫長歲月的溫潤記憶。,2025/11/20,20,3,2,,
M0000118,C00116,凝時之美,我想把大自然瞬間的綻放，變成永恆。凝時之美專精於將乾燥花草、微型景觀封存在清澈透明的樹脂（Epoxy）中。我們製作各種精緻的紙鎮、飾品與燈座，每一層樹脂的澆注都需經過精密除泡與時間靜置。作品晶瑩剔透，光線穿透時會產生如夢似幻的折射。我們想為你打造一個「永不凋零的小世界」，讓大自然的美麗被永久定格在琥珀般的透明空間裡，成為你桌面上最清澈的心靈慰藉。,2025/8/28,20,3,2,,
M0000119,C00117,幻彩樹脂,大家好，我是幻彩樹脂的創作者。我深深著迷於酒精墨水在樹脂中流動、擴散與沉積產生的隨機美感。我的作品如杯墊、托盤與藝術裝飾板，每一件都擁有如星雲大氣或大理石紋般的迷幻紋路，且絕對無法複製。我追求的是色彩的流動性與張力，將實用的生活雜貨轉化為具備裝飾意義的抽象畫作。這是一個充滿實驗與驚喜的品牌，適合熱愛獨特紋理、想為居家生活增添一抹繽紛藝術感的你。,2025/10/19,20,3,2,,
M0000120,C00118,海洋之心,我的心始終嚮往著那片藍色。海洋之心專門製作以海洋、沙灘為主題的樹脂居家擺件。我們利用不同深淺的藍色樹脂與特殊的波浪技法，在盤面或畫板上模擬海浪沖刷沙灘的動態質感。我們甚至會加入真正的貝殼與星砂，讓你不出門也能感受到海邊的氣息。這是一個關於「渴望與寧靜」的品牌，希望能將海洋的遼闊與平靜帶回你的室內空間，讓你每次低頭觀看，都能聽見那抹虛擬卻真實的海浪聲。,2025/8/15,20,3,2,,
M0000121,C00119,硬派模組,樹脂不只能優雅，也能極其硬派。硬派模組專門製作樹脂材質的機械感、科幻風微縮模型與個性化配件（如手工鍵盤鍵帽）。創作者結合了 3D 建模、手工翻模與細膩的塗裝上色工藝，作品充滿了金屬鏽蝕感、電子元件與未來感線條。這是一個針對硬核收藏家、遊戲愛好者與科幻迷設計的品牌。我們想用樹脂這種多變的媒材，建構出一個充滿張力的鋼鐵世界，展現手工藝在工業美學上的極致追求。,2025/11/4,20,3,2,,
M0000122,C00120,晶透日常,晶透日常追求的是極簡的透明感美學。我們利用高品質樹脂製作出如冰塊般乾淨清爽的辦公文具、收納盒與小家飾。品牌的核心是「消失的收納」，透過透明材質讓雜物視覺化，卻又整齊劃一。我們也喜歡在透明樹脂中加入幾何色塊或細小的金箔點綴，在低調中展現設計巧思。希望透過這些清透的作品，能為你雜亂的生活空間帶來一份清新的視覺秩序，感受光影穿透帶來的清涼感與愉悅。,2025/8/9,20,3,2,,
M0000123,C00121,樂構世界,誰說積木只是玩具？在樂構世界，我們將其視為紀錄土地的方塊。我們專門設計以台灣在地地標、老建築與文化象徵為主題的原創小顆粒積木組。每一款設計都經過深入的田野調查，力求縮小比例後依然能展現細節特色。我們希望透過「動手拼組」，讓更多人重新認識我們生活的城市與歷史。這是一個關於探索與建構的品牌，邀請你用雙手一磚一瓦砌出屬於台灣的故事與自豪。,2025/9/30,20,3,2,,
M0000124,C00122,木積工坊,回歸木頭最原始的重量感與香氣。木積工坊將傳統積木與高級原木材質（如檜木、山毛櫸）結合，每一塊積木都經過精細的倒角打磨與天然植物油塗裝，確保觸感溫潤、安全環保。我們摒棄了過度誇張的色彩，保留木材天然的紋理。品牌理念是「與自然共玩」，適合追求高品質育兒生活的家長，或熱愛原木質感的收藏家。讓溫潤的木頭碰撞聲取代冰冷的塑料，啟發孩子最純粹的想像力與感官體驗。,2025/9/14,20,3,2,,
M0000125,C00123,像素藝術,我是一個用積木作畫的人。像素藝術主打「像素風積木畫訂製」服務。你可以提供照片，由我們轉化為專屬的積木顆粒拼圖。無論是寵物、紀念日合照還是名畫翻玩，我們透過對色彩層次的精確掌控，將數千顆微型積木拼湊成一幅極具視覺衝擊力的像素藝術品。這是一份關於「解構與重組」驚喜，讓你的回憶以更有趣、更具互動性的方式呈現在牆面上，成為家中最吸睛的藝術裝飾。,2025/10/23,20,3,2,,
M0000126,C00124,動態機械,大家好，我是動態機械的主理人。我著迷於齒輪傳動與力學運作產生的旋律感。我們提供一系列具備功能性的機械積木組，如可運轉的鐘錶模型、發電裝置或走動的機器人。這不僅是拼組，更是一場關於物理與工程的實驗室。品牌核心是「在玩樂中學習」，適合充滿好奇心、喜歡挑戰複雜結構的大小朋友。希望透過這些會動的作品，能點燃你內心對科學探索的火花，發現機械美學中的理性與浪漫。,2025/8/21,20,3,2,,
M0000127,C00125,微觀積木,微觀積木專門開發極致微型化的動植物系列。我們利用超微小顆粒積木，精雕細琢出掌心大小的昆蟲、多肉植物或鳥類模型。雖然尺寸迷你，但特徵捕捉得淋漓盡致。這是一個專為「辦公桌風景」打造的品牌，希望能讓你在緊湊的公務壓力中，低頭就能看見這份充滿巧思的微觀世界。這是一場關於「專注」的修煉，透過一顆顆微小積木的對位，讓你獲得心流體驗與那份獨一無二的療癒成就感。,2025/10/5,20,3,2,,
M0000128,C00126,續命計畫,「萬物皆有靈，不應輕易被遺忘。」續命計畫致力於廢棄物再生（Upcycling）。我們將回收的舊牛仔褲、過季帆布或報廢輪胎，透過創意的重新設計與職人的細膩縫製，轉化為風格強烈的背包、錢包與配飾。每一件作品都保留了前世的歷史痕跡，也展現了對地球的敬意。我們不只是做手作，更是在推廣一種減法生活的實踐，讓「環保」成為一種既酷又有溫度的時尚態度。,2025/9/1,20,3,2,,
M0000129,C00127,蜂蠟日常,我是一位深愛大地的創作者。蜂蠟日常致力於研發與推廣「蜂蠟保鮮布」。我們選用台灣在地天然蜂蠟、有機棉布與純淨植物油，手工製作出可重複洗滌使用的保鮮布，旨在取代一次性保鮮膜。我們的布面圖案多與自然環境相關，希望讓環保行動也能充滿美感。這是一個關於「溫柔改變世界」的品牌，希望能透過這一塊小小的布，減少你家中的塑膠污染，守護我們共同擁有的這顆湛藍星球。,2025/11/17,20,3,2,,
M0000130,C00128,零廢棄室,零廢棄室是一個致力於讓環保變得「平易近人」的選物與創作空間。我們推廣使用各種回收或生物降解材質製作的居家用品，如再生玻璃杯、黃麻收納袋與回收塑料刷具。我們強調「耐用」與「可循環」，每一件選品都經過嚴格的永續評估。品牌理念是「不完美的環保優於零嘗試」。希望透過這些具備設計感的環保小物，能讓你輕鬆開啟低碳生活，在日常點滴中累積對環境的愛與關懷。,2025/7/28,20,3,2,,
M0000131,C00129,植感餐桌,大家好，我是植感餐桌的創作者。我喜歡研究各種農業副產品的可能，例如將竹纖維、稻殼或甘蔗渣壓製成具有質感的設計餐具。我們的產品不僅具備極簡的美學造型，且在破損廢棄後能在土壤中自然分解。我們追求的是一種「從土地回歸土地」的循環正義。希望透過這套帶有大地色彩與溫潤觸感的餐具，讓你在享受美食的同時，也能感受到那份對土地的純粹承諾，展現優雅且永續的餐飲美學。,2025/9/24,20,3,2,,
M0000132,C00130,回甘手作,「生活中的殘渣，也能回甘出新的生命。」回甘手作的品牌特色在於利用回收的咖啡渣、茶渣或蔬果皮。我們將這些看似無用的廢料進行處理，加入手工皂、蠟燭或發酵肥料中。例如，咖啡渣手工皂能提供天然的去角質功能與除臭香氣。這是一個強調「循環美學」的品牌，我們想分享的是一種惜物的智慧。透過創意的轉化，讓這些曾經的養分以另一種形態重回生活，傳達一份恬淡而深長的永續溫度。,2025/9/8,20,3,2,,
M0000133,C00131,匠心泥像,「捕捉靈魂，不只是複製長相。」匠心泥像專門提供高擬真的個人訂製公仔。我運用多種專業級樹脂黏土與精細的繪畫技巧，從髮絲的流向到眼神的神韻，都力求完美還原。這不只是一件工藝品，更是一份情感的載體。我們常接到紀念家人、寵物或紀錄人生里程碑的委託。希望這尊小小泥像，能替你鎖住那個最動人的瞬間，成為能握在掌心中的珍貴回憶，見證那些值得被細膩對待的生命故事。,2025/11/3,20,3,2,,
M0000134,C00132,萌泥工作室,大家好，我是萌泥工作室的創作者。我喜歡將世界化為圓潤、簡單且可愛的形體。我的公仔設計走的是Q版、軟萌風格，主打生肖系列與治癒系小動物捏塑。我偏好使用色彩柔和、質感輕巧的超輕黏土，讓公仔呈現出一種如棉花糖般的輕盈感。這是一個充滿童趣與療癒能量的品牌，希望能為你的辦公桌或書櫥增添一抹會讓人不自覺微笑的風景。讓這些可愛的小泥偶，隨時為你的生活加油打氣。,2025/8/12,20,3,2,,
M0000135,C00133,食玩小舖,這裡是挑戰視力極限的「縮小世界」。食玩小舖專門製作微型黏土食物模型，每一顆壽司、每一片披薩都只有指甲蓋大小，但配料細節與質感表現完全不馬虎。我對真實食材的紋理與光澤有著極致的觀察，追求「縮小後的真實感」。我們的作品常結合磁鐵、別針或吊飾，讓這份精緻的袖珍美學能隨身攜帶。推薦給熱愛精微工藝、想在方寸之間探索美味極致的收藏家。,2025/10/11,20,3,2,,
M0000136,C00134,奇幻黏土,我是一個住在黏土裡的造夢者。奇幻黏土以玄幻神話、奇珍異獸與奇幻人物為創作主題。我不受現實束縛，喜歡利用黏土創造出具備豐富層次、色彩斑斕且充滿想像力的雕塑品。作品細節複雜，常結合發光元件或異材質點綴，營造出神祕的氛圍。這是一個為熱愛科幻、奇幻文學與遊戲文化的靈魂而設計的品牌。希望能透過我的捏塑，將那些存在於腦海深處的神祕異域，真實地呈現在你的眼前。,2025/8/24,20,3,2,,
M0000137,C00135,生活泥趣,黏土公仔不應該只是擺飾，它也可以是你生活的好助手。生活泥趣致力於開發具備功能性的黏土創作，如手機架、名片夾、筆插或眼鏡架。我們將可愛的角色造型與實用的結構設計完美結合，讓你的桌面在變有趣的同時也能井然有序。我們使用的是耐水、耐摔的特殊強化黏土，確保作品在日常使用中的耐用度。這是一個兼具「幽默感」與「功能性」的品牌，希望能讓你的居家與辦公生活更添一份手作的活潑趣致。,2025/10/30,20,3,2,,
M0000138,C00136,膠卷時光,「在數位時代，我們選擇等待。」膠卷時光堅持使用銀鹽底片攝影。我們癡迷於化學顯影產生的顆粒感、色彩階調與那份不可預測的驚喜。每一張照片都是光影在膠卷上的實體刻痕。我們不提供即時預覽，只提供值得珍藏的質感沖洗與實體攝影集。我們想找回攝影的「厚度」，讓快門的按下成為一次慎重的決定。這是一份獻給底片文化熱愛者的禮物，邀你一起在顯影液的氣味中，找回影像最初的真誠與感動。,2025/8/19,20,3,2,,
M0000139,C00137,瞬間之影,攝影的靈魂，在於那一幀無法重現的瞬間。瞬間之影專注於街頭紀實與黑白人文攝影。我習慣帶著相機在巷弄間穿梭，捕捉那些稍縱即逝的眼神、光影交錯與城市脈動。我的作品多採黑白調性，旨在去除色彩的干擾，直擊情感的本質。這是一個關於「觀察」的品牌，希望能透過我的觀景窗，帶你發現那些平淡日常中被忽略的詩意與張力。讓這張照片成為你牆上一扇窗，透視這紛雜世界最純粹的真相。,2025/9/28,20,3,2,,
M0000140,C00138,大地色彩,我是大自然的色彩搬運工。大地色彩專業從事風景攝影與高品質藝術微噴掛畫（Gicl?e）。我走遍高山深海，只為等待那抹最完美的曙光或極致的雲海。我要求作品具備極高的動態範圍與真實的色彩還原，能清晰呈現大地的壯闊與細節。這是一個關於「敬畏自然」的品牌，希望能將大自然的壯麗能量帶進你的居所，讓你在家中就能呼吸到山林的清冽與海洋的遼闊，感受視覺藝術帶來的身心洗禮。,2025/9/16,20,3,2,,
M0000141,C00139,微距視界,「在一朵花中看見世界，在一隻昆蟲中看見宇宙。」微距視界帶領你進入肉眼難以察覺的微觀領域。我專精於超微距攝影，捕捉如昆蟲複眼的精密結構、葉片纖毛上的晨露或花藥噴發的瞬間。這些影像展現了生命驚人的設計美感。這是一個關於「探索未知」的品牌，希望透過這些令人震撼的細節照片，能喚醒你對微小生命的尊重與好奇。在極致的細節中，發現自然界隱藏的華麗奇蹟與和諧律動。,2025/11/6,20,3,2,,
M0000142,C00140,詩意人像,我不拍照片，我拍的是靈魂的詩。詩意人像致力於風格柔美、具備意境感的藝術攝影創作。我擅長利用自然光影與特定的場景氛圍，營造出如繪畫般的夢幻質感。我的作品不強調精準的對焦，而在乎情感的流動與留白的餘味。這是一個關於「內在美學」的品牌，適合想透過影像探索自我、追求藝術感人像紀念的你。讓我們一起在光影的私語中，捕捉你最溫柔、最具故事感的瞬間，留下一份跨越時空的影像詩篇。,2025/8/2,20,3,2,,
