MemberID,ProductID,CreatedAt
M0000001,P000000143,2026-01-09 10:34:55
M0000001,P000000660,2026-01-10 22:49:51
M0000001,P000000230,2026-02-22 22:47:46
M0000001,P000000757,2026-02-27 07:56:50
M0000001,P000000158,2026-03-07 16:49:26
M0000001,P000000252,2026-03-13 21:52:51
M0000002,P000000205,2026-01-01 15:08:35
M0000002,P000000240,2026-01-22 09:39:49
M0000002,P000000028,2026-01-28 00:13:52
M0000002,P000000225,2026-02-10 17:33:07
M0000002,P000000520,2026-02-13 14:43:58
M0000002,P000000150,2026-02-22 21:48:20
M0000002,P000000619,2026-02-27 05:05:18
M0000002,P000000668,2026-03-05 02:20:25
M0000002,P000000386,2026-03-10 02:12:20
M0000002,P000000737,2026-03-15 16:08:57
M0000002,P000000577,2026-03-20 14:06:34
M0000003,P000000785,2026-01-26 16:22:41
M0000003,P000000161,2026-02-03 09:28:29
M0000003,P000000244,2026-02-04 20:28:57
M0000003,P000000078,2026-02-19 04:47:12
M0000003,P000000222,2026-02-28 14:47:01
M0000003,P000000347,2026-03-20 08:44:42
M0000003,P000000354,2026-03-24 06:48:18
M0000004,P000000550,2026-01-29 11:09:17
M0000004,P000000580,2026-02-23 14:20:52
M0000004,P000000081,2026-03-02 01:15:19
M0000004,P000000388,2026-03-03 00:50:12
M0000004,P000000128,2026-03-22 12:39:10
M0000005,P000000397,2026-01-10 19:21:01
M0000005,P000000298,2026-01-16 19:00:41
M0000005,P000000271,2026-01-23 14:26:31
M0000005,P000000072,2026-01-27 23:43:31
M0000005,P000000794,2026-02-05 10:07:14
M0000005,P000000082,2026-02-05 22:35:03
M0000005,P000000724,2026-02-06 21:45:29
M0000005,P000000047,2026-02-14 00:31:21
M0000005,P000000680,2026-03-03 17:15:07
M0000005,P000000234,2026-03-22 23:37:05
M0000006,P000000751,2026-01-04 02:47:56
M0000006,P000000655,2026-01-06 10:20:41
M0000006,P000000178,2026-01-23 05:43:14
M0000006,P000000004,2026-01-29 03:28:33
M0000006,P000000006,2026-01-31 05:22:33
M0000006,P000000170,2026-01-31 15:03:31
M0000006,P000000254,2026-03-16 14:18:01
M0000006,P000000353,2026-03-17 08:12:39
M0000006,P000000253,2026-03-20 03:53:33
M0000006,P000000551,2026-03-21 18:56:19
M0000007,P000000583,2026-01-14 13:21:44
M0000007,P000000519,2026-01-14 20:54:53
M0000007,P000000739,2026-01-24 22:41:01
M0000007,P000000513,2026-01-26 12:13:56
M0000007,P000000291,2026-01-26 17:12:55
M0000007,P000000601,2026-02-14 13:12:08
M0000007,P000000675,2026-02-22 07:54:29
M0000007,P000000218,2026-02-24 12:04:57
M0000007,P000000662,2026-02-26 18:11:02
M0000007,P000000324,2026-03-14 07:57:00
M0000007,P000000407,2026-03-14 12:40:06
M0000008,P000000095,2026-01-07 04:01:49
M0000008,P000000041,2026-01-15 20:08:45
M0000008,P000000445,2026-01-16 12:47:06
M0000008,P000000050,2026-02-07 01:14:14
M0000008,P000000776,2026-02-07 08:34:22
M0000008,P000000524,2026-02-10 23:42:14
M0000008,P000000114,2026-02-27 20:31:14
M0000008,P000000508,2026-02-27 21:44:01
M0000008,P000000780,2026-03-02 22:03:18
M0000008,P000000143,2026-03-08 01:38:10
M0000008,P000000226,2026-03-18 21:40:43
M0000009,P000000196,2026-01-01 07:33:43
M0000009,P000000661,2026-01-11 07:57:18
M0000009,P000000275,2026-01-18 08:17:20
M0000009,P000000703,2026-01-26 13:44:27
M0000009,P000000115,2026-01-29 23:25:36
M0000009,P000000554,2026-02-18 14:27:00
M0000009,P000000792,2026-02-19 06:59:02
M0000009,P000000480,2026-02-24 23:11:19
M0000009,P000000351,2026-03-02 17:03:18
M0000009,P000000357,2026-03-11 20:58:39
M0000009,P000000342,2026-03-12 02:35:47
M0000009,P000000773,2026-03-15 23:30:02
M0000010,P000000166,2026-01-02 21:23:02
M0000010,P000000554,2026-01-11 20:40:14
M0000010,P000000501,2026-02-01 11:20:18
M0000010,P000000800,2026-02-05 05:48:23
M0000010,P000000783,2026-02-17 10:32:01
M0000010,P000000751,2026-02-28 03:38:31
M0000010,P000000001,2026-03-20 07:55:17
M0000010,P000000545,2026-03-22 17:55:16
M0000011,P000000012,2026-01-17 00:46:25
M0000011,P000000500,2026-01-21 13:31:32
M0000011,P000000583,2026-01-26 17:37:36
M0000011,P000000753,2026-02-11 01:58:58
M0000011,P000000082,2026-02-21 05:34:08
M0000011,P000000072,2026-02-22 08:39:03
M0000011,P000000686,2026-02-23 09:08:06
M0000011,P000000089,2026-02-28 21:27:58
M0000011,P000000408,2026-03-08 09:46:46
M0000012,P000000466,2026-01-06 17:11:08
M0000012,P000000255,2026-01-07 13:03:14
M0000012,P000000501,2026-01-07 21:25:33
M0000012,P000000343,2026-01-16 05:07:43
M0000012,P000000341,2026-01-20 02:06:43
M0000012,P000000125,2026-01-23 05:28:22
M0000012,P000000534,2026-03-03 06:34:35
M0000012,P000000039,2026-03-10 17:23:20
M0000013,P000000286,2026-01-13 20:18:32
M0000013,P000000527,2026-01-21 19:12:28
M0000013,P000000073,2026-02-17 03:05:51
M0000013,P000000244,2026-02-22 08:30:22
M0000013,P000000575,2026-03-06 22:49:52
M0000014,P000000421,2026-01-08 07:39:34
M0000014,P000000773,2026-01-18 19:33:29
M0000014,P000000435,2026-01-25 06:05:28
M0000014,P000000640,2026-01-28 01:03:26
M0000014,P000000428,2026-02-10 23:03:19
M0000014,P000000602,2026-02-10 23:22:05
M0000014,P000000480,2026-02-13 00:34:10
M0000014,P000000363,2026-02-14 22:00:05
M0000014,P000000606,2026-02-15 06:18:05
M0000014,P000000056,2026-02-23 10:21:03
M0000014,P000000726,2026-03-07 10:28:52
M0000014,P000000752,2026-03-20 10:49:41
M0000015,P000000150,2026-01-01 05:01:20
M0000015,P000000172,2026-01-26 17:58:04
M0000015,P000000602,2026-02-07 16:14:44
M0000015,P000000566,2026-02-07 21:44:55
M0000015,P000000605,2026-02-10 17:45:44
M0000015,P000000418,2026-03-18 03:01:00
M0000016,P000000275,2026-01-05 20:50:24
M0000016,P000000060,2026-01-06 12:32:20
M0000016,P000000758,2026-01-08 18:40:23
M0000016,P000000224,2026-01-16 06:50:41
M0000016,P000000689,2026-02-16 06:59:51
M0000016,P000000159,2026-02-18 19:43:34
M0000016,P000000597,2026-02-19 07:19:34
M0000016,P000000306,2026-02-21 13:36:48
M0000016,P000000518,2026-02-26 17:13:56
M0000016,P000000164,2026-03-04 20:28:23
M0000016,P000000559,2026-03-24 15:46:18
M0000016,P000000196,2026-03-24 18:58:52
M0000017,P000000242,2026-01-04 20:36:17
M0000017,P000000124,2026-01-08 23:02:06
M0000017,P000000277,2026-01-24 21:43:24
M0000017,P000000027,2026-02-25 07:26:23
M0000017,P000000071,2026-02-26 04:58:45
M0000017,P000000694,2026-02-27 17:19:48
M0000017,P000000416,2026-03-02 03:15:48
M0000018,P000000247,2026-01-01 21:42:23
M0000018,P000000324,2026-01-08 01:02:15
M0000018,P000000406,2026-01-13 16:58:06
M0000018,P000000270,2026-01-30 03:02:37
M0000018,P000000689,2026-01-31 16:44:46
M0000018,P000000041,2026-02-08 10:14:52
M0000018,P000000211,2026-02-14 09:24:37
M0000018,P000000274,2026-02-14 11:52:57
M0000018,P000000326,2026-03-04 16:07:33
M0000018,P000000222,2026-03-07 05:09:05
M0000018,P000000737,2026-03-14 23:58:16
M0000019,P000000625,2026-01-11 01:22:26
M0000019,P000000071,2026-01-14 00:55:15
M0000019,P000000384,2026-02-23 23:32:08
M0000019,P000000382,2026-02-26 12:41:08
M0000019,P000000385,2026-02-27 07:41:08
M0000019,P000000551,2026-03-06 09:48:27
M0000020,P000000751,2026-01-05 22:22:12
M0000020,P000000282,2026-01-09 23:04:15
M0000020,P000000250,2026-01-21 08:48:16
M0000020,P000000249,2026-01-24 02:24:16
M0000020,P000000738,2026-01-27 20:42:41
M0000020,P000000623,2026-02-11 03:00:11
M0000020,P000000292,2026-03-03 13:59:23
M0000020,P000000217,2026-03-22 12:31:16
M0000020,P000000196,2026-03-24 03:33:52
M0000021,P000000343,2026-01-16 16:30:47
M0000021,P000000087,2026-01-26 10:24:00
M0000021,P000000135,2026-02-12 21:33:04
M0000021,P000000654,2026-02-23 13:30:30
M0000021,P000000791,2026-03-13 23:11:35
M0000022,P000000599,2026-01-16 00:08:07
M0000022,P000000152,2026-01-16 18:39:23
M0000022,P000000612,2026-01-19 20:38:17
M0000022,P000000614,2026-01-20 10:44:17
M0000022,P000000568,2026-01-23 23:38:16
M0000022,P000000613,2026-01-24 12:47:17
M0000022,P000000792,2026-02-09 10:55:40
M0000022,P000000208,2026-02-24 08:37:23
M0000022,P000000037,2026-03-02 06:14:46
M0000022,P000000381,2026-03-14 18:24:33
M0000022,P000000212,2026-03-17 17:48:09
M0000023,P000000691,2026-01-30 15:08:46
M0000023,P000000004,2026-02-03 22:45:47
M0000023,P000000659,2026-02-14 16:35:03
M0000023,P000000103,2026-03-08 23:18:03
M0000023,P000000102,2026-03-09 22:16:03
M0000023,P000000101,2026-03-10 18:20:03
M0000023,P000000758,2026-03-21 15:59:18
M0000024,P000000072,2026-01-03 16:18:50
M0000024,P000000795,2026-01-12 04:45:56
M0000024,P000000287,2026-02-02 03:38:06
M0000024,P000000660,2026-02-08 19:19:05
M0000024,P000000338,2026-02-22 01:28:23
M0000024,P000000185,2026-02-24 15:10:30
M0000024,P000000397,2026-03-07 23:23:31
M0000024,P000000411,2026-03-23 21:52:22
M0000025,P000000447,2026-01-01 03:56:27
M0000025,P000000622,2026-01-05 07:25:41
M0000025,P000000039,2026-01-13 17:40:55
M0000025,P000000038,2026-01-14 03:31:55
M0000025,P000000613,2026-02-12 08:05:15
M0000025,P000000356,2026-02-20 11:30:07
M0000025,P000000324,2026-02-22 06:41:02
M0000025,P000000754,2026-03-10 19:35:21
M0000025,P000000750,2026-03-20 07:18:23
M0000026,P000000324,2026-02-06 19:28:21
M0000026,P000000575,2026-02-10 19:42:39
M0000026,P000000051,2026-02-25 01:48:43
M0000026,P000000052,2026-02-25 07:18:43
M0000026,P000000662,2026-03-06 13:23:52
M0000026,P000000684,2026-03-07 18:15:54
M0000026,P000000707,2026-03-08 06:32:07
M0000026,P000000130,2026-03-14 15:16:47
M0000027,P000000316,2026-01-17 11:24:34
M0000027,P000000254,2026-02-16 03:16:29
M0000027,P000000256,2026-02-17 04:38:29
M0000027,P000000353,2026-02-28 09:07:44
M0000027,P000000298,2026-03-05 23:14:00
M0000027,P000000087,2026-03-13 10:54:52
M0000027,P000000196,2026-03-19 06:52:19
M0000028,P000000693,2026-01-08 01:42:07
M0000028,P000000319,2026-02-14 05:11:47
M0000028,P000000638,2026-02-20 21:59:54
M0000028,P000000640,2026-02-21 09:37:54
M0000028,P000000566,2026-03-16 14:42:35
M0000028,P000000150,2026-03-24 12:01:56
M0000029,P000000772,2026-01-05 21:01:02
M0000029,P000000397,2026-01-11 08:21:59
M0000029,P000000251,2026-01-18 01:50:44
M0000029,P000000413,2026-01-22 05:56:12
M0000029,P000000510,2026-02-11 06:39:44
M0000029,P000000006,2026-02-15 02:28:46
M0000029,P000000708,2026-02-20 06:55:44
M0000029,P000000675,2026-03-09 13:35:31
M0000029,P000000271,2026-03-16 18:20:15
M0000029,P000000164,2026-03-17 13:51:03
M0000029,P000000152,2026-03-20 01:42:42
M0000030,P000000499,2026-01-16 10:51:53
M0000030,P000000576,2026-01-26 03:57:36
M0000030,P000000547,2026-02-13 16:44:18
M0000030,P000000687,2026-02-16 02:04:17
M0000030,P000000431,2026-02-28 16:33:01
M0000030,P000000429,2026-03-01 11:38:01
M0000030,P000000791,2026-03-14 04:50:33
M0000030,P000000613,2026-03-14 23:46:00
M0000031,P000000082,2026-01-07 05:39:50
M0000031,P000000012,2026-01-15 20:03:43
M0000031,P000000456,2026-01-21 18:32:46
M0000031,P000000239,2026-01-28 00:10:12
M0000031,P000000736,2026-02-10 06:42:44
M0000031,P000000361,2026-02-20 04:59:09
M0000031,P000000360,2026-02-22 22:46:09
M0000031,P000000078,2026-03-10 14:04:33
M0000032,P000000213,2026-01-01 13:44:19
M0000032,P000000575,2026-01-02 21:30:45
M0000032,P000000401,2026-01-29 23:49:04
M0000032,P000000433,2026-02-04 03:39:26
M0000032,P000000428,2026-02-06 22:21:07
M0000032,P000000602,2026-02-07 20:44:05
M0000032,P000000064,2026-02-16 07:26:36
M0000032,P000000352,2026-02-25 21:27:20
M0000032,P000000792,2026-03-15 03:43:27
M0000032,P000000152,2026-03-16 07:57:52
M0000032,P000000716,2026-03-24 20:40:40
M0000033,P000000499,2026-01-03 14:50:10
M0000033,P000000698,2026-01-03 15:09:08
M0000033,P000000757,2026-01-13 09:23:39
M0000033,P000000030,2026-02-08 06:08:01
M0000033,P000000689,2026-02-15 09:05:52
M0000033,P000000448,2026-02-21 20:35:53
M0000033,P000000346,2026-02-24 19:07:43
M0000033,P000000400,2026-02-27 11:12:36
M0000033,P000000060,2026-03-02 09:57:49
M0000033,P000000798,2026-03-02 19:44:03
M0000033,P000000686,2026-03-06 08:54:05
M0000034,P000000474,2026-01-21 13:12:15
M0000034,P000000052,2026-02-01 17:36:21
M0000034,P000000499,2026-02-01 18:47:13
M0000034,P000000267,2026-02-02 18:25:59
M0000034,P000000275,2026-02-06 19:22:33
M0000034,P000000187,2026-02-14 03:31:34
M0000035,P000000232,2026-01-02 23:29:19
M0000035,P000000771,2026-01-04 00:18:18
M0000035,P000000484,2026-01-04 21:48:29
M0000035,P000000067,2026-01-07 15:53:32
M0000035,P000000054,2026-01-20 08:32:38
M0000035,P000000556,2026-01-25 00:12:42
M0000035,P000000078,2026-03-05 02:56:43
M0000035,P000000086,2026-03-05 06:41:54
M0000035,P000000020,2026-03-15 05:29:26
M0000035,P000000503,2026-03-17 20:24:17
M0000035,P000000361,2026-03-23 11:32:41
M0000036,P000000357,2026-01-03 11:50:06
M0000036,P000000404,2026-01-19 20:47:39
M0000036,P000000406,2026-01-20 17:19:39
M0000036,P000000581,2026-01-31 06:54:47
M0000036,P000000224,2026-02-25 21:42:13
M0000036,P000000738,2026-02-26 04:25:59
M0000036,P000000480,2026-03-07 18:20:00
M0000037,P000000717,2026-01-04 23:41:52
M0000037,P000000711,2026-01-12 18:04:43
M0000037,P000000795,2026-02-03 17:02:36
M0000037,P000000310,2026-02-21 17:23:11
M0000037,P000000250,2026-02-24 22:43:06
M0000037,P000000212,2026-02-28 07:03:37
M0000037,P000000685,2026-03-08 10:26:20
M0000037,P000000105,2026-03-17 23:40:21
M0000037,P000000644,2026-03-19 07:20:37
M0000037,P000000608,2026-03-20 05:00:58
M0000037,P000000665,2026-03-24 13:19:36
M0000038,P000000351,2026-01-15 20:29:42
M0000038,P000000433,2026-01-18 02:25:43
M0000038,P000000372,2026-01-27 05:20:15
M0000038,P000000013,2026-02-12 06:45:30
M0000038,P000000392,2026-02-14 15:16:13
M0000038,P000000110,2026-02-20 15:45:28
M0000038,P000000769,2026-03-03 17:01:14
M0000038,P000000446,2026-03-05 03:40:32
M0000038,P000000666,2026-03-10 16:08:54
M0000038,P000000504,2026-03-13 05:52:01
M0000038,P000000027,2026-03-22 11:01:40
M0000039,P000000060,2026-01-18 15:43:03
M0000039,P000000254,2026-01-21 14:16:30
M0000039,P000000465,2026-01-26 02:00:17
M0000039,P000000773,2026-01-28 03:39:05
M0000039,P000000277,2026-02-01 13:20:16
M0000039,P000000252,2026-02-03 01:02:49
M0000039,P000000091,2026-02-04 10:48:07
M0000039,P000000334,2026-02-17 08:04:25
M0000039,P000000479,2026-02-27 21:08:30
M0000039,P000000666,2026-03-07 20:21:30
M0000039,P000000289,2026-03-19 11:05:02
M0000039,P000000039,2026-03-24 14:51:49
M0000040,P000000741,2026-01-02 16:10:46
M0000040,P000000417,2026-01-10 00:49:48
M0000040,P000000477,2026-01-21 09:50:20
M0000040,P000000572,2026-01-22 12:21:25
M0000040,P000000504,2026-01-29 13:37:06
M0000040,P000000088,2026-02-13 12:19:20
M0000040,P000000428,2026-02-17 15:41:47
M0000040,P000000441,2026-03-11 02:42:46
M0000040,P000000248,2026-03-18 23:40:03
M0000041,P000000766,2026-01-12 14:34:57
M0000041,P000000568,2026-01-12 17:08:54
M0000041,P000000354,2026-01-19 16:45:14
M0000041,P000000486,2026-01-23 09:11:33
M0000041,P000000586,2026-01-24 08:52:45
M0000041,P000000769,2026-01-25 09:48:46
M0000041,P000000798,2026-01-27 07:16:51
M0000041,P000000041,2026-01-30 18:29:00
M0000041,P000000437,2026-01-31 15:16:48
M0000041,P000000545,2026-03-12 00:42:51
M0000041,P000000565,2026-03-14 03:02:18
M0000042,P000000606,2026-01-02 08:58:05
M0000042,P000000285,2026-01-18 10:07:44
M0000042,P000000562,2026-01-23 02:04:27
M0000042,P000000745,2026-01-30 08:20:04
M0000042,P000000169,2026-02-05 00:54:49
M0000042,P000000611,2026-02-15 01:47:57
M0000042,P000000782,2026-03-10 17:48:09
M0000043,P000000301,2026-01-02 04:34:49
M0000043,P000000569,2026-01-10 23:02:47
M0000043,P000000130,2026-01-28 14:33:31
M0000043,P000000056,2026-02-17 15:49:48
M0000043,P000000717,2026-02-25 17:39:59
M0000043,P000000158,2026-03-03 22:20:38
M0000043,P000000485,2026-03-15 02:07:58
M0000044,P000000190,2026-01-06 04:55:05
M0000044,P000000412,2026-01-09 06:29:09
M0000044,P000000077,2026-01-12 12:00:43
M0000044,P000000260,2026-01-15 11:39:20
M0000044,P000000054,2026-01-15 17:32:58
M0000044,P000000506,2026-01-25 02:19:36
M0000044,P000000068,2026-01-30 11:59:17
M0000044,P000000118,2026-02-24 15:30:40
M0000044,P000000738,2026-02-26 00:33:24
M0000044,P000000039,2026-03-03 02:42:53
M0000044,P000000479,2026-03-08 15:32:48
M0000044,P000000492,2026-03-20 18:05:52
M0000045,P000000442,2026-01-08 21:10:49
M0000045,P000000314,2026-01-16 05:58:10
M0000045,P000000639,2026-01-17 21:00:53
M0000045,P000000164,2026-01-21 04:10:51
M0000045,P000000456,2026-01-21 11:43:27
M0000045,P000000586,2026-01-24 06:55:34
M0000045,P000000306,2026-01-26 16:40:12
M0000045,P000000759,2026-02-19 10:22:08
M0000045,P000000436,2026-03-02 17:33:20
M0000045,P000000606,2026-03-06 02:54:32
M0000045,P000000565,2026-03-16 01:18:22
M0000046,P000000420,2026-01-04 04:03:22
M0000046,P000000463,2026-01-23 11:22:43
M0000046,P000000708,2026-01-28 23:19:58
M0000046,P000000087,2026-01-29 06:41:00
M0000046,P000000678,2026-02-15 14:58:31
M0000046,P000000610,2026-03-10 15:19:35
M0000047,P000000254,2026-01-12 03:26:53
M0000047,P000000203,2026-01-14 19:26:04
M0000047,P000000643,2026-01-15 11:10:13
M0000047,P000000240,2026-01-22 19:50:38
M0000047,P000000606,2026-01-26 18:58:06
M0000047,P000000436,2026-02-11 06:38:44
M0000047,P000000706,2026-02-22 20:55:20
M0000047,P000000272,2026-03-04 21:05:53
M0000047,P000000680,2026-03-22 06:11:24
M0000048,P000000408,2026-01-04 20:52:56
M0000048,P000000271,2026-02-11 22:41:59
M0000048,P000000665,2026-02-17 15:05:25
M0000048,P000000666,2026-02-20 00:44:25
M0000048,P000000535,2026-02-23 12:49:29
M0000048,P000000297,2026-03-13 07:35:17
M0000049,P000000235,2026-01-04 21:44:47
M0000049,P000000604,2026-01-18 00:13:26
M0000049,P000000027,2026-01-27 04:00:22
M0000049,P000000022,2026-02-15 16:20:46
M0000049,P000000786,2026-02-20 09:16:24
M0000049,P000000094,2026-02-25 22:45:10
M0000049,P000000408,2026-03-07 06:31:46
M0000049,P000000592,2026-03-15 10:14:02
M0000049,P000000693,2026-03-16 02:10:22
M0000049,P000000503,2026-03-21 18:03:00
M0000050,P000000610,2026-01-11 03:44:07
M0000050,P000000041,2026-01-16 14:44:56
M0000050,P000000484,2026-01-28 23:35:46
M0000050,P000000449,2026-02-02 00:29:53
M0000050,P000000421,2026-02-08 21:07:16
M0000050,P000000654,2026-02-09 23:12:09
M0000050,P000000096,2026-02-18 02:31:35
M0000050,P000000359,2026-03-06 07:55:53
M0000050,P000000078,2026-03-07 01:31:27
M0000050,P000000506,2026-03-09 08:22:36
M0000050,P000000331,2026-03-15 20:05:34
M0000050,P000000344,2026-03-20 23:44:46
M0000051,P000000260,2026-01-06 06:18:16
M0000051,P000000333,2026-01-19 05:05:56
M0000051,P000000220,2026-02-10 02:56:11
M0000051,P000000791,2026-03-03 11:02:24
M0000051,P000000792,2026-03-05 11:39:24
M0000052,P000000291,2026-01-02 07:51:49
M0000052,P000000135,2026-01-10 01:11:35
M0000052,P000000515,2026-01-11 10:20:17
M0000052,P000000720,2026-01-12 00:23:00
M0000052,P000000519,2026-01-16 14:59:17
M0000052,P000000297,2026-01-22 19:35:25
M0000052,P000000567,2026-02-09 14:41:13
M0000052,P000000172,2026-02-23 11:32:52
M0000052,P000000275,2026-02-23 14:50:20
M0000052,P000000451,2026-03-23 16:37:02
M0000053,P000000726,2026-01-07 18:40:09
M0000053,P000000525,2026-01-14 06:05:14
M0000053,P000000282,2026-01-27 19:42:11
M0000053,P000000471,2026-02-02 23:58:00
M0000053,P000000252,2026-02-10 06:53:09
M0000053,P000000082,2026-02-12 02:50:31
M0000053,P000000009,2026-02-19 08:17:13
M0000053,P000000751,2026-02-28 04:39:03
M0000053,P000000363,2026-03-14 10:59:15
M0000053,P000000429,2026-03-17 00:27:48
M0000053,P000000498,2026-03-18 16:50:52
M0000053,P000000487,2026-03-24 22:55:30
M0000054,P000000153,2026-01-05 05:42:20
M0000054,P000000260,2026-01-23 16:14:23
M0000054,P000000175,2026-01-30 22:13:45
M0000054,P000000463,2026-01-31 21:24:16
M0000054,P000000171,2026-01-31 22:33:45
M0000054,P000000169,2026-02-02 19:14:45
M0000054,P000000277,2026-02-07 04:23:12
M0000054,P000000507,2026-02-09 21:10:31
M0000054,P000000681,2026-03-17 07:08:58
M0000055,P000000454,2026-01-08 19:08:53
M0000055,P000000622,2026-01-26 17:32:52
M0000055,P000000131,2026-02-02 20:54:17
M0000055,P000000342,2026-02-08 14:12:11
M0000055,P000000751,2026-02-15 13:59:32
M0000055,P000000168,2026-02-17 23:29:27
M0000055,P000000518,2026-03-02 12:17:58
M0000055,P000000104,2026-03-05 02:13:44
M0000055,P000000399,2026-03-06 19:16:11
M0000055,P000000608,2026-03-09 06:07:07
M0000055,P000000009,2026-03-17 21:05:09
M0000055,P000000542,2026-03-24 16:45:25
M0000056,P000000477,2026-01-07 15:25:54
M0000056,P000000556,2026-01-09 18:35:56
M0000056,P000000634,2026-01-10 13:23:20
M0000056,P000000780,2026-01-23 02:04:53
M0000056,P000000644,2026-01-23 19:03:15
M0000056,P000000738,2026-01-28 21:38:29
M0000056,P000000037,2026-02-12 03:13:36
M0000056,P000000325,2026-03-03 06:42:42
M0000056,P000000643,2026-03-08 10:45:59
M0000056,P000000501,2026-03-14 12:05:30
M0000057,P000000713,2026-01-06 10:46:02
M0000057,P000000308,2026-01-29 11:35:47
M0000057,P000000020,2026-02-01 11:50:51
M0000057,P000000031,2026-02-04 19:16:48
M0000057,P000000049,2026-02-06 09:26:34
M0000057,P000000498,2026-03-19 07:08:55
M0000058,P000000185,2026-01-14 21:29:18
M0000058,P000000175,2026-01-23 13:02:17
M0000058,P000000423,2026-01-24 09:10:26
M0000058,P000000627,2026-01-25 15:48:36
M0000058,P000000504,2026-02-07 03:23:34
M0000058,P000000180,2026-02-14 18:33:25
M0000058,P000000582,2026-02-18 07:38:55
M0000058,P000000701,2026-02-26 14:51:16
M0000058,P000000706,2026-03-02 04:01:47
M0000058,P000000081,2026-03-03 22:25:31
M0000058,P000000259,2026-03-08 07:49:08
M0000059,P000000308,2026-01-11 08:31:12
M0000059,P000000076,2026-01-20 08:12:33
M0000059,P000000296,2026-01-25 06:46:15
M0000059,P000000162,2026-01-30 07:59:40
M0000059,P000000456,2026-02-07 08:24:00
M0000059,P000000342,2026-02-11 04:42:41
M0000059,P000000697,2026-02-14 08:30:16
M0000059,P000000605,2026-02-16 21:57:23
M0000059,P000000177,2026-03-04 00:50:06
M0000059,P000000352,2026-03-09 00:32:49
M0000059,P000000563,2026-03-24 01:42:03
M0000059,P000000357,2026-03-24 20:24:56
M0000060,P000000369,2026-01-01 18:52:10
M0000060,P000000677,2026-01-05 18:16:52
M0000060,P000000350,2026-01-27 15:35:08
M0000060,P000000644,2026-02-08 10:17:39
M0000060,P000000590,2026-02-24 22:42:36
M0000060,P000000303,2026-03-08 14:01:43
M0000060,P000000023,2026-03-14 07:12:14
M0000060,P000000719,2026-03-17 13:35:51
M0000061,P000000698,2026-01-04 19:51:40
M0000061,P000000195,2026-01-10 10:24:30
M0000061,P000000225,2026-01-14 06:43:07
M0000061,P000000777,2026-01-30 23:51:56
M0000061,P000000639,2026-03-02 22:05:00
M0000061,P000000655,2026-03-02 23:55:27
M0000061,P000000257,2026-03-04 18:04:58
M0000061,P000000509,2026-03-06 00:00:15
M0000061,P000000608,2026-03-08 02:30:26
M0000061,P000000262,2026-03-16 12:20:11
M0000061,P000000742,2026-03-18 13:35:44
M0000061,P000000362,2026-03-23 09:28:01
M0000062,P000000668,2026-01-13 19:57:16
M0000062,P000000769,2026-01-16 23:24:58
M0000062,P000000427,2026-01-25 22:47:01
M0000062,P000000303,2026-01-27 11:02:05
M0000062,P000000753,2026-02-05 12:30:35
M0000062,P000000206,2026-02-16 18:47:12
M0000062,P000000093,2026-02-18 17:15:59
M0000062,P000000135,2026-02-21 12:58:32
M0000062,P000000669,2026-02-22 08:54:40
M0000062,P000000384,2026-03-18 08:42:27
M0000062,P000000180,2026-03-22 01:39:59
M0000062,P000000335,2026-03-22 15:08:29
M0000063,P000000232,2026-01-09 18:25:15
M0000063,P000000775,2026-02-05 12:19:03
M0000063,P000000744,2026-02-08 07:25:31
M0000063,P000000357,2026-02-08 14:02:09
M0000063,P000000145,2026-02-24 02:37:57
M0000063,P000000671,2026-03-07 11:28:49
M0000063,P000000695,2026-03-18 18:25:21
M0000063,P000000078,2026-03-20 02:49:30
M0000063,P000000481,2026-03-24 02:43:38
M0000064,P000000379,2026-01-03 10:18:41
M0000064,P000000798,2026-02-02 00:00:21
M0000064,P000000791,2026-02-15 18:37:14
M0000064,P000000690,2026-03-02 03:38:55
M0000064,P000000246,2026-03-09 14:45:56
M0000065,P000000759,2026-02-06 00:31:10
M0000065,P000000047,2026-02-10 16:38:10
M0000065,P000000352,2026-02-14 01:03:59
M0000065,P000000380,2026-02-20 20:28:49
M0000065,P000000381,2026-02-21 21:46:49
M0000065,P000000144,2026-02-22 10:44:23
M0000065,P000000039,2026-02-27 00:36:07
M0000065,P000000668,2026-03-07 02:20:46
M0000065,P000000120,2026-03-09 14:55:31
M0000065,P000000422,2026-03-14 03:38:31
M0000066,P000000503,2026-01-22 02:16:30
M0000066,P000000287,2026-01-23 22:10:56
M0000066,P000000034,2026-02-05 05:07:11
M0000066,P000000385,2026-02-05 23:23:50
M0000066,P000000632,2026-02-13 01:09:26
M0000066,P000000419,2026-02-13 04:12:59
M0000066,P000000771,2026-03-09 00:28:13
M0000067,P000000615,2026-01-18 04:51:29
M0000067,P000000625,2026-01-21 14:14:32
M0000067,P000000283,2026-02-27 23:27:03
M0000067,P000000408,2026-03-04 02:07:35
M0000067,P000000063,2026-03-04 07:16:47
M0000067,P000000722,2026-03-06 08:21:47
M0000068,P000000250,2026-01-21 23:12:11
M0000068,P000000640,2026-01-22 10:45:58
M0000068,P000000579,2026-01-23 14:55:34
M0000068,P000000659,2026-02-26 22:22:17
M0000068,P000000129,2026-03-20 22:33:02
M0000069,P000000285,2026-01-02 10:37:37
M0000069,P000000277,2026-01-03 12:04:19
M0000069,P000000003,2026-01-13 19:07:25
M0000069,P000000257,2026-01-24 02:25:14
M0000069,P000000113,2026-02-01 10:26:31
M0000069,P000000149,2026-02-04 18:45:54
M0000069,P000000179,2026-02-27 04:07:36
M0000069,P000000504,2026-03-06 04:22:33
M0000069,P000000556,2026-03-18 13:10:43
M0000069,P000000134,2026-03-18 16:47:51
M0000070,P000000761,2026-01-07 04:06:03
M0000070,P000000054,2026-01-12 00:49:19
M0000070,P000000468,2026-02-10 20:54:33
M0000070,P000000272,2026-02-21 01:52:05
M0000070,P000000130,2026-03-14 09:31:33
M0000071,P000000445,2026-01-06 21:44:00
M0000071,P000000678,2026-01-08 03:14:44
M0000071,P000000227,2026-01-11 11:34:09
M0000071,P000000112,2026-02-08 23:50:09
M0000071,P000000466,2026-02-11 09:17:22
M0000071,P000000748,2026-02-13 01:34:30
M0000071,P000000441,2026-02-16 12:06:31
M0000071,P000000633,2026-02-17 14:24:33
M0000071,P000000799,2026-03-07 13:33:50
M0000071,P000000519,2026-03-08 14:43:22
M0000071,P000000045,2026-03-11 04:00:55
M0000071,P000000277,2026-03-24 06:20:55
M0000072,P000000283,2026-02-01 13:44:13
M0000072,P000000068,2026-02-23 05:45:47
M0000072,P000000153,2026-02-26 19:59:54
M0000072,P000000111,2026-03-02 14:45:54
M0000072,P000000608,2026-03-03 11:10:32
M0000072,P000000131,2026-03-11 03:26:10
M0000073,P000000521,2026-01-21 21:02:24
M0000073,P000000102,2026-01-23 04:25:43
M0000073,P000000118,2026-02-02 21:46:04
M0000073,P000000722,2026-02-10 04:15:19
M0000073,P000000623,2026-02-11 18:08:08
M0000073,P000000444,2026-02-13 20:11:57
M0000073,P000000261,2026-02-23 12:42:15
M0000073,P000000277,2026-03-05 04:44:44
M0000073,P000000468,2026-03-11 23:40:43
M0000073,P000000259,2026-03-16 15:48:46
M0000073,P000000674,2026-03-22 08:01:35
M0000074,P000000773,2026-01-09 06:54:48
M0000074,P000000780,2026-01-09 20:34:08
M0000074,P000000321,2026-01-10 01:14:30
M0000074,P000000682,2026-01-10 09:00:41
M0000074,P000000486,2026-01-13 15:11:27
M0000074,P000000157,2026-02-06 04:19:48
M0000074,P000000438,2026-02-11 22:20:42
M0000074,P000000069,2026-02-24 00:26:16
M0000074,P000000384,2026-03-13 17:31:10
M0000074,P000000262,2026-03-14 07:01:04
M0000074,P000000704,2026-03-20 19:33:34
M0000074,P000000771,2026-03-22 18:10:08
M0000075,P000000577,2026-02-04 07:56:35
M0000075,P000000260,2026-02-09 21:15:12
M0000075,P000000126,2026-02-11 01:30:51
M0000075,P000000339,2026-03-06 14:21:20
M0000075,P000000688,2026-03-14 20:17:20
M0000076,P000000361,2026-01-11 12:10:01
M0000076,P000000430,2026-01-22 18:31:42
M0000076,P000000107,2026-02-03 23:49:29
M0000076,P000000796,2026-02-17 14:55:40
M0000076,P000000320,2026-03-24 06:17:36
M0000077,P000000590,2026-01-03 13:10:33
M0000077,P000000631,2026-01-03 19:27:56
M0000077,P000000694,2026-01-18 12:23:59
M0000077,P000000639,2026-01-26 23:11:54
M0000077,P000000078,2026-02-24 01:17:51
M0000077,P000000233,2026-03-01 03:03:39
M0000077,P000000357,2026-03-04 09:35:51
M0000077,P000000442,2026-03-05 20:51:28
M0000077,P000000788,2026-03-09 07:54:17
M0000077,P000000577,2026-03-22 12:47:01
M0000078,P000000479,2026-01-03 23:26:10
M0000078,P000000285,2026-01-09 21:48:39
M0000078,P000000147,2026-01-21 21:17:45
M0000078,P000000161,2026-01-31 19:48:54
M0000078,P000000583,2026-02-06 12:35:47
M0000078,P000000677,2026-02-10 18:16:50
M0000078,P000000413,2026-02-14 01:04:16
M0000078,P000000187,2026-02-21 12:06:51
M0000078,P000000007,2026-03-14 10:33:59
M0000079,P000000333,2026-01-05 19:57:18
M0000079,P000000582,2026-01-08 22:05:55
M0000079,P000000678,2026-01-16 02:31:38
M0000079,P000000769,2026-01-16 06:47:29
M0000079,P000000611,2026-01-27 10:02:44
M0000079,P000000087,2026-02-13 00:31:41
M0000079,P000000740,2026-03-01 23:40:02
M0000079,P000000054,2026-03-06 06:25:44
M0000079,P000000798,2026-03-07 10:27:39
M0000079,P000000320,2026-03-15 05:57:46
M0000080,P000000356,2026-01-05 09:49:48
M0000080,P000000201,2026-01-11 18:23:30
M0000080,P000000443,2026-01-22 09:50:42
M0000080,P000000608,2026-01-28 12:00:43
M0000080,P000000118,2026-01-30 22:40:09
M0000080,P000000223,2026-02-17 05:56:11
M0000080,P000000777,2026-02-21 03:50:43
M0000080,P000000282,2026-02-27 14:06:10
M0000080,P000000527,2026-03-06 18:31:53
M0000080,P000000020,2026-03-07 20:21:44
M0000080,P000000427,2026-03-07 20:59:15
M0000081,P000000724,2026-01-01 18:00:43
M0000081,P000000686,2026-01-12 15:35:01
M0000081,P000000141,2026-01-13 13:01:28
M0000081,P000000789,2026-01-18 01:23:54
M0000081,P000000430,2026-02-01 20:34:49
M0000081,P000000786,2026-02-06 21:56:51
M0000081,P000000217,2026-02-11 19:29:56
M0000081,P000000210,2026-02-18 06:59:30
M0000081,P000000262,2026-02-21 17:00:24
M0000081,P000000297,2026-03-10 07:40:22
M0000081,P000000309,2026-03-14 12:40:08
M0000082,P000000518,2026-01-02 19:40:15
M0000082,P000000364,2026-01-08 13:25:58
M0000082,P000000075,2026-01-31 09:29:02
M0000082,P000000762,2026-02-11 16:18:17
M0000082,P000000021,2026-02-12 08:27:55
M0000082,P000000687,2026-02-14 15:18:18
M0000082,P000000045,2026-02-25 16:07:05
M0000082,P000000408,2026-02-25 21:36:57
M0000083,P000000333,2026-01-08 15:15:39
M0000083,P000000373,2026-01-22 12:18:01
M0000083,P000000637,2026-01-31 02:59:31
M0000083,P000000711,2026-02-02 23:07:23
M0000083,P000000176,2026-02-08 10:12:11
M0000083,P000000612,2026-02-08 21:06:56
M0000083,P000000363,2026-02-12 07:11:59
M0000083,P000000022,2026-02-20 20:55:16
M0000083,P000000357,2026-02-27 04:10:10
M0000083,P000000391,2026-03-13 20:37:27
M0000083,P000000475,2026-03-14 09:51:04
M0000084,P000000651,2026-01-10 23:33:06
M0000084,P000000117,2026-01-15 05:14:23
M0000084,P000000212,2026-01-15 08:08:32
M0000084,P000000360,2026-01-15 20:12:44
M0000084,P000000200,2026-01-17 20:16:55
M0000084,P000000525,2026-01-20 03:40:35
M0000084,P000000714,2026-01-23 22:32:46
M0000084,P000000546,2026-01-25 20:26:57
M0000084,P000000195,2026-01-30 11:26:24
M0000084,P000000798,2026-02-28 11:41:28
M0000085,P000000586,2026-02-13 14:01:30
M0000085,P000000775,2026-02-24 19:21:40
M0000085,P000000175,2026-02-26 06:15:30
M0000085,P000000781,2026-03-03 16:21:08
M0000085,P000000579,2026-03-04 10:16:46
M0000085,P000000477,2026-03-08 03:09:21
M0000086,P000000313,2026-01-04 15:37:52
M0000086,P000000220,2026-01-06 10:53:25
M0000086,P000000284,2026-01-06 12:33:48
M0000086,P000000070,2026-01-08 04:52:36
M0000086,P000000483,2026-01-31 03:18:09
M0000086,P000000208,2026-02-04 04:05:05
M0000086,P000000608,2026-02-05 19:13:15
M0000086,P000000649,2026-02-13 21:02:08
M0000086,P000000455,2026-02-14 19:56:16
M0000086,P000000453,2026-02-19 06:10:50
M0000087,P000000632,2026-01-04 23:35:23
M0000087,P000000597,2026-01-19 06:37:47
M0000087,P000000570,2026-02-01 05:12:41
M0000087,P000000611,2026-02-13 15:57:19
M0000087,P000000396,2026-02-25 12:03:23
M0000087,P000000476,2026-03-05 06:53:28
M0000087,P000000150,2026-03-13 17:48:38
M0000087,P000000212,2026-03-18 21:04:09
M0000087,P000000522,2026-03-20 15:00:28
M0000088,P000000177,2026-01-06 02:01:13
M0000088,P000000246,2026-01-24 22:30:41
M0000088,P000000245,2026-01-26 03:05:41
M0000088,P000000436,2026-01-28 11:11:23
M0000088,P000000087,2026-02-02 20:27:09
M0000088,P000000754,2026-02-07 14:44:45
M0000088,P000000244,2026-02-09 16:30:06
M0000088,P000000666,2026-02-28 01:10:30
M0000088,P000000257,2026-03-03 06:04:20
M0000088,P000000521,2026-03-07 21:56:46
M0000088,P000000736,2026-03-17 04:38:01
M0000088,P000000041,2026-03-18 15:01:55
M0000089,P000000573,2026-01-08 21:54:48
M0000089,P000000291,2026-01-14 17:33:07
M0000089,P000000575,2026-01-15 14:23:42
M0000089,P000000744,2026-01-31 02:53:32
M0000089,P000000097,2026-02-02 08:47:23
M0000089,P000000259,2026-02-03 23:08:29
M0000089,P000000697,2026-02-26 13:52:53
M0000089,P000000519,2026-02-28 12:23:40
M0000089,P000000675,2026-03-05 16:43:05
M0000089,P000000396,2026-03-06 10:19:41
M0000090,P000000723,2026-01-02 18:28:48
M0000090,P000000575,2026-01-10 01:45:40
M0000090,P000000690,2026-02-05 03:07:14
M0000090,P000000338,2026-02-11 02:36:30
M0000090,P000000131,2026-02-19 08:51:50
M0000090,P000000319,2026-02-21 02:35:07
M0000090,P000000387,2026-03-04 17:20:48
M0000090,P000000661,2026-03-07 02:16:32
M0000090,P000000515,2026-03-08 13:07:53
M0000090,P000000277,2026-03-13 17:28:11
M0000090,P000000670,2026-03-22 11:36:51
M0000091,P000000789,2026-01-13 17:21:59
M0000091,P000000233,2026-01-15 23:26:05
M0000091,P000000141,2026-01-16 18:03:48
M0000091,P000000159,2026-01-18 13:24:05
M0000091,P000000198,2026-02-06 13:49:15
M0000091,P000000164,2026-02-24 22:22:15
M0000091,P000000499,2026-02-24 23:08:52
M0000091,P000000501,2026-02-27 23:41:06
M0000091,P000000244,2026-03-02 00:07:03
M0000091,P000000562,2026-03-16 09:37:34
M0000092,P000000422,2026-01-28 15:55:48
M0000092,P000000039,2026-02-13 03:03:28
M0000092,P000000245,2026-02-13 14:04:40
M0000092,P000000485,2026-03-01 06:47:25
M0000092,P000000695,2026-03-14 16:12:59
M0000092,P000000375,2026-03-15 01:11:54
M0000092,P000000739,2026-03-18 02:23:13
M0000093,P000000199,2026-01-16 17:37:22
M0000093,P000000697,2026-01-20 09:19:45
M0000093,P000000733,2026-02-10 15:33:01
M0000093,P000000635,2026-02-14 22:38:48
M0000093,P000000527,2026-02-21 05:04:13
M0000093,P000000452,2026-02-28 16:58:04
M0000093,P000000586,2026-03-19 19:04:09
M0000093,P000000377,2026-03-21 07:29:40
M0000094,P000000734,2026-02-06 07:23:36
M0000094,P000000559,2026-02-14 17:47:01
M0000094,P000000562,2026-02-16 02:58:01
M0000094,P000000754,2026-02-18 17:45:40
M0000094,P000000441,2026-02-21 12:23:12
M0000094,P000000139,2026-02-28 11:36:49
M0000094,P000000722,2026-03-01 18:44:11
M0000095,P000000328,2026-01-04 17:15:10
M0000095,P000000029,2026-01-14 08:37:49
M0000095,P000000231,2026-01-15 04:19:10
M0000095,P000000102,2026-01-28 20:28:38
M0000095,P000000399,2026-02-02 13:16:59
M0000095,P000000164,2026-03-05 02:31:05
M0000095,P000000385,2026-03-18 20:03:01
M0000095,P000000734,2026-03-22 13:29:04
M0000096,P000000515,2026-01-02 14:17:49
M0000096,P000000752,2026-01-14 22:33:29
M0000096,P000000155,2026-01-24 11:45:24
M0000096,P000000342,2026-02-04 09:18:52
M0000096,P000000264,2026-02-20 00:54:44
M0000096,P000000565,2026-02-21 16:13:36
M0000096,P000000563,2026-02-22 00:13:36
M0000096,P000000724,2026-02-22 01:05:45
M0000096,P000000566,2026-02-22 06:36:36
M0000096,P000000222,2026-02-25 19:57:27
M0000096,P000000079,2026-03-03 08:33:42
M0000096,P000000568,2026-03-11 18:19:46
M0000097,P000000192,2026-01-02 13:50:49
M0000097,P000000196,2026-01-25 00:17:48
M0000097,P000000589,2026-01-25 15:02:52
M0000097,P000000284,2026-01-28 06:07:43
M0000097,P000000685,2026-02-04 16:05:20
M0000097,P000000248,2026-02-06 05:51:27
M0000097,P000000285,2026-02-07 13:29:55
M0000097,P000000303,2026-03-03 17:13:13
M0000097,P000000431,2026-03-14 13:22:25
M0000098,P000000108,2026-01-13 22:52:00
M0000098,P000000646,2026-02-02 06:49:28
M0000098,P000000012,2026-02-26 11:55:58
M0000098,P000000753,2026-03-13 09:06:35
M0000098,P000000675,2026-03-15 11:11:22
M0000098,P000000244,2026-03-16 21:43:42
M0000099,P000000180,2026-01-07 03:02:05
M0000099,P000000660,2026-01-14 02:13:45
M0000099,P000000792,2026-01-18 16:44:18
M0000099,P000000622,2026-03-12 03:53:34
M0000099,P000000347,2026-03-20 18:55:35
M0000100,P000000205,2026-01-05 15:23:29
M0000100,P000000530,2026-01-13 02:02:52
M0000100,P000000319,2026-01-27 12:38:27
M0000100,P000000261,2026-01-28 18:41:12
M0000100,P000000733,2026-01-30 14:00:05
M0000100,P000000325,2026-02-02 05:26:26
M0000100,P000000666,2026-02-04 15:48:36
M0000100,P000000559,2026-02-05 17:32:48
M0000100,P000000487,2026-02-12 10:10:13
M0000100,P000000043,2026-03-05 15:57:53
M0000100,P000000485,2026-03-17 19:29:33
M0000100,P000000409,2026-03-19 14:36:10
M0000101,P000000671,2026-01-08 15:54:47
M0000101,P000000086,2026-01-10 23:04:13
M0000101,P000000512,2026-01-18 12:29:38
M0000101,P000000534,2026-01-29 12:31:31
M0000101,P000000276,2026-02-01 04:28:36
M0000101,P000000164,2026-02-11 05:09:21
M0000101,P000000194,2026-02-11 19:23:14
M0000101,P000000379,2026-02-22 23:02:50
M0000101,P000000511,2026-02-28 11:49:04
M0000101,P000000039,2026-03-12 14:13:20
M0000101,P000000712,2026-03-21 20:11:38
M0000102,P000000458,2026-01-05 02:41:40
M0000102,P000000261,2026-02-04 03:09:49
M0000102,P000000737,2026-02-04 05:31:21
M0000102,P000000798,2026-02-13 09:53:15
M0000102,P000000527,2026-02-26 20:03:09
M0000102,P000000620,2026-03-12 13:36:01
M0000103,P000000148,2026-01-08 11:09:21
M0000103,P000000612,2026-01-15 21:32:12
M0000103,P000000774,2026-02-06 00:24:35
M0000103,P000000701,2026-02-06 02:51:14
M0000103,P000000566,2026-02-07 18:47:59
M0000103,P000000565,2026-02-11 16:21:59
M0000103,P000000165,2026-02-13 02:27:12
M0000103,P000000441,2026-02-13 16:23:44
M0000103,P000000125,2026-02-17 23:32:06
M0000103,P000000769,2026-03-07 22:19:45
M0000103,P000000032,2026-03-16 02:06:56
M0000104,P000000669,2026-01-03 12:22:56
M0000104,P000000259,2026-01-12 00:21:15
M0000104,P000000323,2026-01-19 01:31:24
M0000104,P000000256,2026-02-07 13:44:45
M0000104,P000000667,2026-02-18 10:51:24
M0000104,P000000287,2026-02-20 06:26:02
M0000104,P000000409,2026-03-13 10:14:48
M0000105,P000000221,2026-01-12 21:45:57
M0000105,P000000629,2026-01-14 04:16:12
M0000105,P000000459,2026-01-20 10:26:57
M0000105,P000000019,2026-01-28 17:26:32
M0000105,P000000723,2026-02-17 16:34:45
M0000105,P000000361,2026-03-09 09:05:31
M0000106,P000000246,2026-01-12 18:47:42
M0000106,P000000781,2026-01-20 12:19:05
M0000106,P000000247,2026-02-21 01:30:31
M0000106,P000000150,2026-02-22 11:25:51
M0000106,P000000147,2026-02-24 21:46:51
M0000106,P000000688,2026-03-18 21:38:48
M0000107,P000000378,2026-01-07 09:12:15
M0000107,P000000589,2026-01-09 08:53:47
M0000107,P000000370,2026-01-13 14:23:19
M0000107,P000000566,2026-02-15 09:08:04
M0000107,P000000027,2026-02-23 13:25:49
M0000107,P000000569,2026-03-01 09:56:34
M0000107,P000000586,2026-03-20 00:40:03
M0000108,P000000004,2026-01-06 09:07:16
M0000108,P000000077,2026-01-13 01:18:58
M0000108,P000000327,2026-01-15 20:33:06
M0000108,P000000387,2026-01-26 08:26:08
M0000108,P000000391,2026-01-28 05:29:08
M0000108,P000000663,2026-01-30 12:39:41
M0000108,P000000131,2026-02-20 07:15:55
M0000108,P000000094,2026-03-05 22:46:13
M0000108,P000000384,2026-03-22 17:16:51
M0000109,P000000327,2026-01-13 03:40:04
M0000109,P000000111,2026-01-27 15:31:02
M0000109,P000000535,2026-01-30 09:37:56
M0000109,P000000081,2026-02-21 19:05:38
M0000109,P000000293,2026-03-01 15:43:17
M0000109,P000000358,2026-03-02 16:24:27
M0000109,P000000277,2026-03-09 06:43:09
M0000110,P000000722,2026-01-27 21:02:51
M0000110,P000000718,2026-02-01 15:01:51
M0000110,P000000719,2026-02-02 01:49:51
M0000110,P000000609,2026-02-18 08:30:46
M0000110,P000000346,2026-02-22 23:17:15
M0000110,P000000443,2026-03-02 21:23:53
M0000111,P000000706,2026-01-14 22:46:20
M0000111,P000000662,2026-01-24 11:36:01
M0000111,P000000470,2026-01-31 08:22:12
M0000111,P000000466,2026-02-01 00:03:40
M0000111,P000000710,2026-02-03 12:46:18
M0000111,P000000062,2026-02-08 17:04:37
M0000111,P000000090,2026-02-27 05:48:37
M0000111,P000000306,2026-03-11 17:54:24
M0000111,P000000075,2026-03-13 06:48:33
M0000112,P000000479,2026-01-05 21:55:07
M0000112,P000000249,2026-01-10 09:35:15
M0000112,P000000769,2026-01-12 21:29:48
M0000112,P000000328,2026-01-14 16:16:07
M0000112,P000000109,2026-01-25 01:41:34
M0000112,P000000195,2026-01-26 23:15:15
M0000112,P000000577,2026-02-13 15:38:04
M0000113,P000000337,2026-01-03 06:00:16
M0000113,P000000595,2026-01-09 17:49:46
M0000113,P000000256,2026-01-30 22:57:05
M0000113,P000000742,2026-02-08 04:19:14
M0000113,P000000353,2026-02-15 07:45:29
M0000113,P000000165,2026-02-18 06:57:24
M0000113,P000000067,2026-02-18 10:11:39
M0000113,P000000322,2026-02-19 01:46:15
M0000113,P000000486,2026-03-11 05:24:39
M0000114,P000000041,2026-01-01 19:03:17
M0000114,P000000052,2026-01-11 10:29:10
M0000114,P000000291,2026-01-14 00:05:27
M0000114,P000000509,2026-01-26 16:15:59
M0000114,P000000012,2026-01-28 17:50:31
M0000114,P000000673,2026-02-05 12:19:25
M0000114,P000000484,2026-02-09 03:39:00
M0000114,P000000054,2026-02-11 20:08:04
M0000114,P000000562,2026-02-22 02:34:48
M0000114,P000000615,2026-03-12 15:12:59
M0000114,P000000692,2026-03-16 03:54:54
M0000114,P000000364,2026-03-24 06:03:16
M0000115,P000000200,2026-01-28 03:47:47
M0000115,P000000485,2026-02-07 12:15:28
M0000115,P000000053,2026-02-13 17:24:06
M0000115,P000000780,2026-02-18 23:00:01
M0000115,P000000577,2026-02-23 09:15:35
M0000115,P000000076,2026-03-01 07:50:01
M0000115,P000000568,2026-03-02 12:15:29
M0000115,P000000296,2026-03-08 01:26:37
M0000115,P000000585,2026-03-16 05:11:26
M0000115,P000000372,2026-03-22 03:06:53
M0000116,P000000404,2026-01-15 00:10:02
M0000116,P000000383,2026-01-20 07:50:18
M0000116,P000000579,2026-02-05 11:55:28
M0000116,P000000572,2026-02-19 10:20:29
M0000116,P000000348,2026-02-28 11:50:25
M0000116,P000000773,2026-03-15 07:11:46
M0000117,P000000169,2026-01-11 15:23:49
M0000117,P000000153,2026-01-30 20:56:28
M0000117,P000000565,2026-02-10 10:36:33
M0000117,P000000328,2026-02-22 16:46:41
M0000117,P000000729,2026-02-23 05:47:17
M0000117,P000000327,2026-02-24 07:58:41
M0000117,P000000324,2026-02-25 15:45:41
M0000117,P000000731,2026-02-26 14:13:17
M0000117,P000000472,2026-02-26 16:07:28
M0000117,P000000671,2026-03-07 10:04:57
M0000117,P000000626,2026-03-19 08:34:23
M0000118,P000000673,2026-01-17 13:19:18
M0000118,P000000601,2026-02-16 15:31:36
M0000118,P000000686,2026-02-19 00:33:02
M0000118,P000000797,2026-02-20 21:32:59
M0000118,P000000593,2026-03-03 01:44:06
M0000119,P000000504,2026-01-15 16:51:37
M0000119,P000000588,2026-01-20 19:06:07
M0000119,P000000721,2026-02-09 20:14:55
M0000119,P000000706,2026-02-10 02:16:00
M0000119,P000000452,2026-02-15 18:55:13
M0000119,P000000113,2026-02-18 17:19:27
M0000119,P000000020,2026-03-01 08:50:49
M0000119,P000000668,2026-03-09 00:58:56
M0000119,P000000429,2026-03-13 10:37:30
M0000119,P000000196,2026-03-17 05:48:58
M0000119,P000000322,2026-03-24 08:51:42
M0000120,P000000222,2026-01-17 19:32:39
M0000120,P000000335,2026-02-03 05:40:47
M0000120,P000000214,2026-02-14 15:05:37
M0000120,P000000067,2026-02-19 23:23:16
M0000120,P000000577,2026-02-21 18:16:33
M0000121,P000000234,2026-02-03 12:13:19
M0000121,P000000289,2026-02-06 20:45:05
M0000121,P000000576,2026-02-08 07:19:38
M0000121,P000000221,2026-02-20 00:52:21
M0000121,P000000222,2026-02-20 12:38:21
M0000121,P000000755,2026-02-22 17:43:35
M0000121,P000000220,2026-02-23 04:00:21
M0000121,P000000397,2026-03-07 16:38:38
M0000121,P000000308,2026-03-17 01:22:13
M0000121,P000000309,2026-03-21 10:57:27
M0000122,P000000355,2026-01-20 14:51:09
M0000122,P000000081,2026-01-21 18:37:31
M0000122,P000000440,2026-01-25 21:33:27
M0000122,P000000734,2026-02-16 12:20:08
M0000122,P000000363,2026-03-05 16:31:32
M0000122,P000000295,2026-03-14 13:25:29
M0000122,P000000455,2026-03-22 09:16:02
M0000123,P000000518,2026-01-05 22:17:31
M0000123,P000000603,2026-01-06 02:18:47
M0000123,P000000247,2026-01-10 17:28:41
M0000123,P000000113,2026-01-22 21:51:10
M0000123,P000000761,2026-01-23 14:32:54
M0000123,P000000250,2026-02-10 03:03:43
M0000123,P000000142,2026-02-21 13:24:58
M0000123,P000000633,2026-03-03 22:31:06
M0000123,P000000060,2026-03-07 00:49:34
M0000124,P000000673,2026-01-04 14:54:40
M0000124,P000000492,2026-01-17 23:55:49
M0000124,P000000161,2026-01-23 13:06:44
M0000124,P000000724,2026-02-21 22:59:42
M0000124,P000000403,2026-03-08 06:15:04
M0000124,P000000399,2026-03-09 19:20:04
M0000124,P000000163,2026-03-12 04:59:10
M0000124,P000000401,2026-03-12 16:27:04
M0000124,P000000568,2026-03-13 17:15:51
M0000124,P000000421,2026-03-24 13:25:11
M0000125,P000000772,2026-01-11 22:29:09
M0000125,P000000039,2026-01-16 18:38:20
M0000125,P000000586,2026-01-19 17:16:59
M0000125,P000000665,2026-01-27 11:45:23
M0000125,P000000297,2026-02-02 02:32:59
M0000125,P000000306,2026-02-14 13:20:53
M0000125,P000000618,2026-03-01 08:34:48
M0000125,P000000621,2026-03-02 01:34:48
M0000125,P000000583,2026-03-04 22:36:51
M0000125,P000000010,2026-03-12 23:37:52
M0000125,P000000563,2026-03-20 12:40:22
M0000126,P000000192,2026-01-09 10:06:49
M0000126,P000000584,2026-01-10 06:15:48
M0000126,P000000779,2026-01-14 15:38:57
M0000126,P000000693,2026-01-18 22:34:17
M0000126,P000000724,2026-01-22 09:25:38
M0000126,P000000180,2026-02-01 10:02:47
M0000126,P000000479,2026-02-08 22:00:32
M0000126,P000000199,2026-02-16 08:32:55
M0000126,P000000304,2026-03-06 23:28:45
M0000127,P000000459,2026-01-02 02:38:49
M0000127,P000000774,2026-01-26 09:27:46
M0000127,P000000724,2026-01-30 07:35:05
M0000127,P000000338,2026-02-04 21:49:01
M0000127,P000000242,2026-02-25 14:54:03
M0000127,P000000361,2026-02-26 13:13:54
M0000127,P000000274,2026-03-05 11:11:33
M0000127,P000000394,2026-03-12 04:26:18
M0000128,P000000706,2026-01-13 23:14:16
M0000128,P000000419,2026-01-22 06:36:23
M0000128,P000000164,2026-01-22 10:36:57
M0000128,P000000382,2026-01-29 15:29:14
M0000128,P000000259,2026-02-02 02:04:14
M0000128,P000000352,2026-02-05 16:26:21
M0000128,P000000518,2026-02-16 10:14:40
M0000128,P000000316,2026-03-01 16:10:51
M0000129,P000000485,2026-01-08 13:59:33
M0000129,P000000553,2026-01-11 21:27:55
M0000129,P000000792,2026-02-05 03:01:11
M0000129,P000000388,2026-02-15 19:01:33
M0000129,P000000389,2026-02-18 11:46:33
M0000129,P000000779,2026-02-24 18:36:30
M0000129,P000000771,2026-03-10 07:53:38
M0000130,P000000552,2026-01-20 22:37:12
M0000130,P000000244,2026-01-31 05:45:58
M0000130,P000000169,2026-02-26 14:49:57
M0000130,P000000271,2026-03-08 01:12:10
M0000130,P000000154,2026-03-11 14:32:23
M0000131,P000000670,2026-01-05 09:31:58
M0000131,P000000576,2026-01-06 20:24:20
M0000131,P000000581,2026-01-07 04:34:16
M0000131,P000000477,2026-01-07 16:49:34
M0000131,P000000436,2026-01-08 02:10:16
M0000131,P000000042,2026-01-20 18:22:44
M0000131,P000000041,2026-01-24 19:34:44
M0000131,P000000428,2026-02-03 10:48:37
M0000131,P000000529,2026-02-11 03:17:11
M0000131,P000000062,2026-02-22 13:00:08
M0000131,P000000686,2026-02-26 03:33:46
M0000131,P000000471,2026-03-10 00:00:54
M0000132,P000000262,2026-01-08 18:59:45
M0000132,P000000751,2026-01-12 12:26:07
M0000132,P000000140,2026-01-13 21:53:19
M0000132,P000000666,2026-01-18 07:52:25
M0000132,P000000661,2026-02-03 18:21:45
M0000132,P000000386,2026-02-08 03:53:34
M0000132,P000000083,2026-02-15 02:04:11
M0000132,P000000433,2026-02-22 03:54:10
M0000132,P000000792,2026-02-22 08:39:38
M0000132,P000000789,2026-03-05 10:50:41
M0000132,P000000610,2026-03-06 06:05:18
M0000132,P000000612,2026-03-08 06:52:37
M0000133,P000000692,2026-01-23 07:09:21
M0000133,P000000307,2026-02-06 19:46:41
M0000133,P000000777,2026-02-11 04:17:23
M0000133,P000000024,2026-02-21 15:29:42
M0000133,P000000087,2026-02-22 20:38:58
M0000133,P000000327,2026-03-11 19:36:37
M0000133,P000000477,2026-03-21 22:34:07
M0000134,P000000786,2026-01-02 12:27:26
M0000134,P000000580,2026-01-04 03:04:18
M0000134,P000000116,2026-01-24 08:47:35
M0000134,P000000284,2026-02-10 16:54:05
M0000134,P000000194,2026-03-01 16:52:29
M0000134,P000000159,2026-03-06 02:22:19
M0000134,P000000745,2026-03-16 09:02:02
M0000134,P000000244,2026-03-20 14:13:15
M0000135,P000000036,2026-01-05 07:04:44
M0000135,P000000027,2026-01-05 17:25:26
M0000135,P000000691,2026-01-23 18:03:00
M0000135,P000000385,2026-01-24 18:16:18
M0000135,P000000460,2026-02-09 01:20:46
M0000135,P000000615,2026-02-12 14:51:26
M0000135,P000000723,2026-02-22 09:43:53
M0000135,P000000611,2026-03-13 21:35:08
M0000136,P000000591,2026-01-24 00:01:35
M0000136,P000000327,2026-01-30 07:09:43
M0000136,P000000752,2026-02-01 03:12:13
M0000136,P000000686,2026-02-26 01:36:49
M0000136,P000000551,2026-02-28 01:14:56
M0000136,P000000297,2026-03-07 07:06:46
M0000136,P000000516,2026-03-17 00:08:40
M0000136,P000000240,2026-03-21 10:58:09
M0000137,P000000283,2026-01-05 13:14:52
M0000137,P000000063,2026-02-03 10:32:40
M0000137,P000000079,2026-02-15 14:16:18
M0000137,P000000759,2026-02-18 02:52:48
M0000137,P000000771,2026-02-23 23:13:33
M0000137,P000000572,2026-03-04 11:02:06
M0000137,P000000607,2026-03-07 04:20:29
M0000138,P000000208,2026-01-06 14:16:24
M0000138,P000000489,2026-01-14 00:27:31
M0000138,P000000251,2026-02-07 17:04:55
M0000138,P000000390,2026-02-10 01:36:29
M0000138,P000000192,2026-02-10 10:32:01
M0000138,P000000004,2026-02-14 22:55:36
M0000138,P000000555,2026-02-21 10:58:13
M0000138,P000000777,2026-02-24 02:34:20
M0000138,P000000312,2026-02-24 14:27:15
M0000138,P000000078,2026-03-11 14:06:25
M0000138,P000000067,2026-03-20 05:35:40
M0000139,P000000081,2026-01-06 00:05:20
M0000139,P000000664,2026-01-19 11:51:15
M0000139,P000000462,2026-01-27 01:33:39
M0000139,P000000381,2026-02-06 14:51:54
M0000139,P000000177,2026-02-22 00:07:16
M0000139,P000000095,2026-03-07 09:46:09
M0000139,P000000716,2026-03-12 08:24:17
M0000139,P000000340,2026-03-22 12:39:24
M0000140,P000000604,2026-01-02 11:43:48
M0000140,P000000744,2026-01-21 13:32:52
M0000140,P000000518,2026-01-24 22:11:09
M0000140,P000000782,2026-01-30 10:28:45
M0000140,P000000428,2026-02-02 07:51:47
M0000141,P000000210,2026-01-10 13:46:25
M0000141,P000000747,2026-02-08 20:02:08
M0000141,P000000745,2026-02-09 00:08:08
M0000141,P000000723,2026-02-15 05:52:05
M0000141,P000000408,2026-02-18 06:44:24
M0000141,P000000706,2026-02-19 18:56:56
M0000141,P000000246,2026-03-12 03:20:44
M0000141,P000000407,2026-03-19 22:41:53
M0000142,P000000578,2026-01-15 19:08:39
M0000142,P000000227,2026-01-20 01:09:35
M0000142,P000000150,2026-01-23 07:58:56
M0000142,P000000047,2026-01-29 15:50:52
M0000142,P000000762,2026-02-02 00:38:30
M0000142,P000000017,2026-02-06 21:05:26
M0000142,P000000425,2026-02-10 13:01:38
M0000142,P000000391,2026-02-23 17:18:33
M0000142,P000000268,2026-02-25 07:42:20
M0000142,P000000769,2026-02-26 05:30:02
M0000142,P000000716,2026-02-26 16:53:34
M0000142,P000000321,2026-03-11 21:44:57
M0000143,P000000265,2026-01-17 08:00:46
M0000143,P000000347,2026-02-14 17:48:33
M0000143,P000000703,2026-02-17 15:10:14
M0000143,P000000792,2026-03-04 07:15:23
M0000143,P000000009,2026-03-12 06:00:43
M0000143,P000000783,2026-03-13 03:28:59
M0000143,P000000672,2026-03-13 19:22:44
M0000143,P000000502,2026-03-19 04:25:37
M0000144,P000000062,2026-01-01 21:18:04
M0000144,P000000191,2026-01-07 14:22:36
M0000144,P000000662,2026-01-15 15:55:28
M0000144,P000000161,2026-01-20 00:57:35
M0000144,P000000540,2026-01-22 05:39:13
M0000144,P000000009,2026-01-23 11:16:44
M0000144,P000000036,2026-02-19 02:26:35
M0000144,P000000196,2026-03-03 05:38:28
M0000144,P000000559,2026-03-10 15:49:28
M0000144,P000000586,2026-03-15 13:12:12
M0000145,P000000498,2026-01-02 15:56:42
M0000145,P000000425,2026-01-18 09:43:19
M0000145,P000000599,2026-01-27 16:11:32
M0000145,P000000353,2026-01-28 20:01:57
M0000145,P000000548,2026-02-11 19:18:29
M0000145,P000000680,2026-02-18 18:14:53
M0000145,P000000303,2026-02-22 00:21:36
M0000145,P000000117,2026-02-22 03:58:18
M0000145,P000000007,2026-03-07 10:36:38
M0000145,P000000017,2026-03-09 18:07:46
M0000145,P000000568,2026-03-20 06:30:24
M0000145,P000000503,2026-03-20 22:47:37
M0000146,P000000397,2026-01-22 22:17:07
M0000146,P000000662,2026-01-30 02:59:29
M0000146,P000000685,2026-02-16 07:38:28
M0000146,P000000687,2026-02-18 05:03:28
M0000146,P000000688,2026-02-20 03:57:28
M0000146,P000000541,2026-03-08 09:55:57
M0000147,P000000390,2026-01-09 00:40:21
M0000147,P000000470,2026-01-17 15:21:09
M0000147,P000000471,2026-02-14 05:02:41
M0000147,P000000388,2026-02-18 12:45:16
M0000147,P000000150,2026-03-10 05:44:52
M0000147,P000000569,2026-03-24 01:45:40
M0000148,P000000291,2026-01-24 08:20:26
M0000148,P000000379,2026-02-06 02:09:57
M0000148,P000000048,2026-02-07 18:48:02
M0000148,P000000378,2026-02-09 10:50:57
M0000148,P000000509,2026-02-24 18:07:04
M0000148,P000000139,2026-02-25 00:29:49
M0000148,P000000077,2026-03-07 17:36:20
M0000148,P000000775,2026-03-07 23:01:11
M0000148,P000000776,2026-03-11 18:39:11
M0000148,P000000491,2026-03-23 00:52:36
M0000148,P000000279,2026-03-24 11:20:39
M0000149,P000000744,2026-01-08 09:08:07
M0000149,P000000551,2026-01-23 12:56:05
M0000149,P000000081,2026-02-03 01:38:19
M0000149,P000000101,2026-02-08 12:23:06
M0000149,P000000164,2026-02-12 10:29:22
M0000149,P000000055,2026-02-27 19:52:07
M0000149,P000000514,2026-02-28 18:08:43
M0000149,P000000356,2026-03-01 14:24:34
M0000149,P000000766,2026-03-16 15:54:46
M0000149,P000000708,2026-03-23 10:15:12
M0000150,P000000689,2026-01-15 23:21:39
M0000150,P000000444,2026-01-15 23:29:28
M0000150,P000000380,2026-01-27 00:25:12
M0000150,P000000234,2026-02-06 21:27:50
M0000150,P000000710,2026-03-03 07:01:24
M0000150,P000000386,2026-03-03 13:05:46
M0000150,P000000711,2026-03-07 13:48:24
M0000150,P000000365,2026-03-11 02:19:40
M0000150,P000000191,2026-03-13 19:31:18
M0000150,P000000568,2026-03-18 02:35:48
M0000151,P000000105,2026-01-03 13:11:40
M0000151,P000000445,2026-01-09 11:25:02
M0000151,P000000277,2026-01-11 00:41:23
M0000151,P000000391,2026-01-13 20:45:49
M0000151,P000000754,2026-01-19 04:39:16
M0000151,P000000783,2026-02-09 14:48:42
M0000151,P000000094,2026-02-11 20:15:18
M0000151,P000000006,2026-02-13 13:52:53
M0000151,P000000369,2026-02-19 18:04:25
M0000151,P000000458,2026-02-23 20:38:16
M0000151,P000000316,2026-02-24 01:52:09
M0000152,P000000196,2026-01-02 04:45:20
M0000152,P000000096,2026-01-29 08:03:13
M0000152,P000000285,2026-02-07 09:40:09
M0000152,P000000615,2026-02-07 15:38:18
M0000152,P000000614,2026-02-10 04:14:50
M0000152,P000000335,2026-03-17 15:35:44
M0000153,P000000685,2026-01-19 19:27:15
M0000153,P000000689,2026-01-20 20:26:15
M0000153,P000000186,2026-02-10 16:24:05
M0000153,P000000184,2026-02-12 19:12:05
M0000153,P000000551,2026-03-02 16:26:02
M0000153,P000000609,2026-03-11 23:49:02
M0000154,P000000342,2026-01-14 05:11:34
M0000154,P000000638,2026-01-30 04:03:53
M0000154,P000000392,2026-02-01 03:12:14
M0000154,P000000353,2026-02-01 23:53:16
M0000154,P000000471,2026-02-02 11:59:30
M0000154,P000000110,2026-02-11 19:24:30
M0000154,P000000685,2026-02-12 17:47:37
M0000154,P000000408,2026-02-27 17:02:09
M0000154,P000000007,2026-03-05 05:01:32
M0000154,P000000277,2026-03-20 01:38:02
M0000154,P000000139,2026-03-21 04:11:44
M0000154,P000000313,2026-03-21 22:58:34
M0000155,P000000715,2026-01-12 01:22:40
M0000155,P000000610,2026-01-28 05:08:48
M0000155,P000000756,2026-02-05 10:32:52
M0000155,P000000391,2026-02-06 12:16:20
M0000155,P000000299,2026-02-08 03:36:18
M0000155,P000000551,2026-02-17 22:03:47
M0000155,P000000327,2026-03-18 07:12:06
M0000155,P000000409,2026-03-21 06:34:12
M0000156,P000000185,2026-01-21 08:30:58
M0000156,P000000564,2026-01-29 06:51:03
M0000156,P000000699,2026-02-12 13:40:26
M0000156,P000000719,2026-02-14 19:39:27
M0000156,P000000747,2026-03-09 06:25:23
M0000156,P000000722,2026-03-10 18:36:53
M0000156,P000000789,2026-03-19 10:44:31
M0000156,P000000028,2026-03-22 17:01:37
M0000157,P000000144,2026-01-15 23:10:47
M0000157,P000000612,2026-01-25 12:47:27
M0000157,P000000312,2026-02-11 01:57:34
M0000157,P000000009,2026-03-05 22:47:45
M0000157,P000000651,2026-03-11 10:37:17
M0000157,P000000249,2026-03-18 14:40:55
M0000158,P000000523,2026-01-05 07:13:07
M0000158,P000000105,2026-01-15 01:35:32
M0000158,P000000041,2026-01-17 03:35:48
M0000158,P000000100,2026-01-17 16:50:32
M0000158,P000000738,2026-02-04 11:13:49
M0000158,P000000713,2026-02-24 16:23:54
M0000158,P000000552,2026-03-01 11:38:34
M0000158,P000000433,2026-03-04 15:01:53
M0000158,P000000414,2026-03-04 19:37:08
M0000158,P000000430,2026-03-06 12:50:56
M0000158,P000000561,2026-03-07 18:37:26
M0000159,P000000485,2026-01-19 10:17:46
M0000159,P000000487,2026-01-21 01:06:46
M0000159,P000000441,2026-01-21 02:02:08
M0000159,P000000482,2026-01-24 05:52:46
M0000159,P000000604,2026-02-03 19:35:54
M0000159,P000000346,2026-02-14 21:08:30
M0000159,P000000581,2026-02-16 21:17:56
M0000159,P000000565,2026-02-20 14:17:08
M0000159,P000000467,2026-03-12 03:41:36
M0000159,P000000470,2026-03-13 04:37:36
M0000159,P000000327,2026-03-18 03:28:53
M0000160,P000000436,2026-01-16 13:08:35
M0000160,P000000668,2026-01-18 21:48:13
M0000160,P000000636,2026-01-21 21:51:13
M0000160,P000000733,2026-01-23 12:15:45
M0000160,P000000111,2026-02-02 03:15:42
M0000160,P000000024,2026-02-09 07:49:44
M0000160,P000000310,2026-02-11 09:30:45
M0000160,P000000046,2026-02-14 20:39:51
M0000160,P000000254,2026-02-24 08:32:33
M0000160,P000000724,2026-02-27 16:54:00
M0000160,P000000354,2026-03-03 03:26:52
M0000160,P000000119,2026-03-19 10:54:20
M0000161,P000000758,2026-01-01 10:22:09
M0000161,P000000461,2026-01-20 23:30:45
M0000161,P000000203,2026-01-21 20:30:40
M0000161,P000000030,2026-02-07 18:03:10
M0000161,P000000665,2026-02-11 16:55:50
M0000161,P000000602,2026-02-27 11:56:00
M0000161,P000000630,2026-03-10 10:09:10
M0000162,P000000519,2026-01-12 01:32:03
M0000162,P000000271,2026-01-26 11:19:39
M0000162,P000000335,2026-01-31 10:17:04
M0000162,P000000470,2026-02-07 17:35:42
M0000162,P000000552,2026-02-17 12:34:49
M0000162,P000000192,2026-02-21 05:39:54
M0000162,P000000202,2026-02-27 23:02:34
M0000162,P000000376,2026-03-04 01:13:51
M0000162,P000000105,2026-03-07 02:50:51
M0000163,P000000357,2026-01-09 05:29:11
M0000163,P000000726,2026-01-12 08:30:38
M0000163,P000000636,2026-01-12 10:38:15
M0000163,P000000363,2026-01-14 00:07:15
M0000163,P000000306,2026-01-18 18:31:28
M0000163,P000000177,2026-01-24 03:54:53
M0000163,P000000693,2026-01-30 15:35:13
M0000163,P000000471,2026-01-31 09:46:32
M0000163,P000000633,2026-02-06 05:51:58
M0000163,P000000260,2026-02-27 07:11:31
M0000163,P000000497,2026-03-07 06:07:48
M0000164,P000000531,2026-01-19 00:50:14
M0000164,P000000714,2026-02-11 01:45:06
M0000164,P000000429,2026-02-17 06:01:25
M0000164,P000000142,2026-02-22 04:11:04
M0000164,P000000612,2026-03-03 16:49:34
M0000164,P000000393,2026-03-04 15:33:53
M0000164,P000000590,2026-03-09 07:48:56
M0000165,P000000586,2026-01-14 06:08:56
M0000165,P000000738,2026-01-15 14:29:00
M0000165,P000000262,2026-01-19 22:40:56
M0000165,P000000192,2026-02-07 06:39:17
M0000165,P000000463,2026-02-19 01:45:21
M0000165,P000000324,2026-02-24 12:34:51
M0000165,P000000144,2026-03-21 03:35:26
M0000166,P000000689,2026-01-04 04:11:06
M0000166,P000000172,2026-01-17 07:57:19
M0000166,P000000730,2026-01-22 19:55:23
M0000166,P000000771,2026-01-27 16:27:13
M0000166,P000000501,2026-01-29 00:39:02
M0000166,P000000612,2026-01-29 08:37:07
M0000166,P000000579,2026-02-14 09:38:09
M0000166,P000000455,2026-02-22 04:43:07
M0000166,P000000032,2026-02-24 22:03:39
M0000166,P000000783,2026-03-14 02:11:34
M0000166,P000000226,2026-03-17 00:09:59
M0000166,P000000085,2026-03-17 19:15:23
M0000167,P000000797,2026-01-10 22:38:51
M0000167,P000000118,2026-01-22 05:14:22
M0000167,P000000044,2026-01-25 00:47:25
M0000167,P000000276,2026-02-11 06:40:56
M0000167,P000000038,2026-02-12 20:27:31
M0000167,P000000588,2026-02-23 01:05:43
M0000167,P000000557,2026-03-05 11:09:55
M0000167,P000000714,2026-03-11 19:20:43
M0000167,P000000558,2026-03-13 10:58:40
M0000167,P000000777,2026-03-14 22:45:42
M0000167,P000000792,2026-03-15 18:56:16
M0000167,P000000377,2026-03-22 14:12:17
M0000168,P000000244,2026-01-14 12:26:27
M0000168,P000000122,2026-01-17 02:45:54
M0000168,P000000380,2026-02-04 01:01:44
M0000168,P000000452,2026-02-11 13:42:05
M0000168,P000000358,2026-03-01 06:00:47
M0000168,P000000798,2026-03-01 19:44:10
M0000168,P000000091,2026-03-03 10:27:44
M0000168,P000000019,2026-03-11 00:10:36
M0000168,P000000649,2026-03-13 06:21:38
M0000169,P000000291,2026-01-10 05:53:26
M0000169,P000000616,2026-01-14 03:56:42
M0000169,P000000234,2026-02-13 20:32:58
M0000169,P000000229,2026-02-15 07:08:58
M0000169,P000000139,2026-02-19 22:40:25
M0000169,P000000497,2026-03-07 22:52:55
M0000169,P000000556,2026-03-14 19:50:45
M0000169,P000000550,2026-03-21 03:30:33
M0000170,P000000332,2026-01-08 07:57:56
M0000170,P000000579,2026-01-27 02:09:22
M0000170,P000000150,2026-02-06 10:12:53
M0000170,P000000231,2026-02-09 01:36:33
M0000170,P000000258,2026-02-10 05:12:51
M0000170,P000000733,2026-02-13 21:13:01
M0000170,P000000670,2026-03-02 22:54:35
M0000170,P000000158,2026-03-03 09:36:12
M0000170,P000000256,2026-03-03 12:27:34
M0000170,P000000697,2026-03-16 15:37:48
M0000170,P000000784,2026-03-19 03:32:56
M0000171,P000000714,2026-01-01 05:45:45
M0000171,P000000770,2026-02-01 18:38:21
M0000171,P000000470,2026-02-14 03:31:03
M0000171,P000000195,2026-02-17 09:13:33
M0000171,P000000286,2026-02-26 12:03:16
M0000171,P000000379,2026-03-17 03:51:57
M0000172,P000000065,2026-01-21 13:38:58
M0000172,P000000408,2026-01-27 01:44:10
M0000172,P000000224,2026-02-01 08:19:49
M0000172,P000000580,2026-02-11 17:08:27
M0000172,P000000548,2026-02-18 00:46:09
M0000172,P000000625,2026-03-22 02:02:03
M0000173,P000000582,2026-01-02 13:56:17
M0000173,P000000499,2026-01-13 01:29:36
M0000173,P000000353,2026-01-16 08:07:41
M0000173,P000000702,2026-02-12 20:16:14
M0000173,P000000784,2026-02-14 07:45:51
M0000173,P000000134,2026-02-14 14:54:11
M0000173,P000000601,2026-03-06 21:19:09
M0000173,P000000196,2026-03-18 02:35:43
M0000173,P000000384,2026-03-23 05:39:26
M0000174,P000000668,2026-01-09 00:03:13
M0000174,P000000136,2026-01-25 07:26:57
M0000174,P000000708,2026-02-04 23:52:31
M0000174,P000000531,2026-02-24 17:27:41
M0000174,P000000666,2026-03-05 13:18:01
M0000175,P000000643,2026-01-08 13:36:37
M0000175,P000000314,2026-01-13 21:12:46
M0000175,P000000172,2026-01-21 17:18:26
M0000175,P000000720,2026-01-22 23:03:46
M0000175,P000000507,2026-01-30 21:22:36
M0000175,P000000441,2026-02-13 05:04:51
M0000175,P000000665,2026-02-16 07:02:24
M0000175,P000000777,2026-02-20 10:23:34
M0000175,P000000747,2026-02-27 15:22:24
M0000175,P000000241,2026-03-08 00:28:28
M0000176,P000000124,2026-01-09 16:09:23
M0000176,P000000141,2026-01-25 13:52:38
M0000176,P000000479,2026-02-07 04:37:03
M0000176,P000000434,2026-03-12 22:48:07
M0000176,P000000713,2026-03-20 06:00:55
M0000177,P000000141,2026-01-01 19:44:51
M0000177,P000000391,2026-01-07 15:24:38
M0000177,P000000504,2026-01-19 07:30:06
M0000177,P000000501,2026-02-21 12:10:25
M0000177,P000000307,2026-02-24 16:33:49
M0000177,P000000393,2026-03-01 06:08:48
M0000178,P000000769,2026-01-09 09:59:51
M0000178,P000000157,2026-01-10 18:06:02
M0000178,P000000646,2026-01-22 02:13:00
M0000178,P000000039,2026-02-09 23:21:12
M0000178,P000000220,2026-02-12 22:49:44
M0000178,P000000497,2026-03-01 19:33:40
M0000178,P000000742,2026-03-08 15:48:54
M0000179,P000000442,2026-01-09 04:18:49
M0000179,P000000260,2026-01-14 13:49:40
M0000179,P000000750,2026-01-25 01:23:02
M0000179,P000000325,2026-01-25 02:16:15
M0000179,P000000396,2026-01-27 21:22:53
M0000179,P000000362,2026-03-04 14:04:29
M0000179,P000000147,2026-03-18 19:20:32
M0000180,P000000211,2026-01-06 07:09:19
M0000180,P000000402,2026-01-11 22:42:42
M0000180,P000000522,2026-01-24 05:42:18
M0000180,P000000660,2026-01-29 16:39:46
M0000180,P000000768,2026-02-07 11:10:42
M0000180,P000000194,2026-02-18 01:10:19
M0000180,P000000759,2026-03-04 17:41:04
M0000180,P000000531,2026-03-18 02:23:24
M0000180,P000000622,2026-03-19 01:38:12
M0000181,P000000136,2026-01-08 02:04:59
M0000181,P000000177,2026-01-12 22:36:37
M0000181,P000000544,2026-01-17 18:35:02
M0000181,P000000372,2026-02-15 17:32:37
M0000181,P000000430,2026-02-23 01:06:08
M0000181,P000000254,2026-03-08 07:22:13
M0000181,P000000013,2026-03-16 01:16:48
M0000181,P000000327,2026-03-16 19:05:07
M0000182,P000000019,2026-01-09 00:04:14
M0000182,P000000352,2026-02-20 06:57:34
M0000182,P000000350,2026-02-23 16:50:34
M0000182,P000000353,2026-02-25 16:57:34
M0000182,P000000222,2026-03-04 04:33:36
M0000183,P000000561,2026-01-06 08:13:33
M0000183,P000000160,2026-01-31 00:41:53
M0000183,P000000445,2026-02-10 01:22:56
M0000183,P000000441,2026-02-12 16:44:56
M0000183,P000000444,2026-02-13 12:57:56
M0000183,P000000715,2026-02-28 07:52:41
M0000183,P000000222,2026-03-01 02:40:56
M0000184,P000000559,2026-02-03 15:52:53
M0000184,P000000382,2026-02-18 04:43:33
M0000184,P000000141,2026-02-20 05:12:59
M0000184,P000000727,2026-02-20 18:41:26
M0000184,P000000168,2026-03-11 23:30:19
M0000184,P000000721,2026-03-18 00:29:31
M0000184,P000000012,2026-03-21 20:34:47
M0000185,P000000501,2026-01-07 04:49:57
M0000185,P000000121,2026-01-08 11:35:10
M0000185,P000000579,2026-01-26 12:43:01
M0000185,P000000031,2026-02-14 04:41:15
M0000185,P000000793,2026-02-18 04:06:27
M0000185,P000000276,2026-02-25 23:41:44
M0000185,P000000754,2026-03-02 22:15:26
M0000185,P000000312,2026-03-10 18:27:30
M0000185,P000000771,2026-03-11 03:50:00
M0000186,P000000021,2026-01-01 05:59:06
M0000186,P000000172,2026-01-02 04:37:59
M0000186,P000000350,2026-01-05 06:36:56
M0000186,P000000163,2026-01-05 11:08:41
M0000186,P000000590,2026-01-15 13:43:21
M0000186,P000000706,2026-01-18 10:49:12
M0000186,P000000379,2026-01-24 17:50:46
M0000186,P000000795,2026-02-05 08:07:36
M0000186,P000000107,2026-02-07 04:24:24
M0000186,P000000263,2026-02-15 19:17:28
M0000187,P000000255,2026-01-06 02:44:06
M0000187,P000000799,2026-01-12 14:13:27
M0000187,P000000342,2026-01-15 17:32:52
M0000187,P000000428,2026-01-18 09:54:09
M0000187,P000000623,2026-02-06 04:42:21
M0000187,P000000230,2026-02-18 17:50:24
M0000187,P000000330,2026-03-07 08:57:45
M0000188,P000000406,2026-01-20 20:08:25
M0000188,P000000733,2026-02-05 18:08:23
M0000188,P000000027,2026-02-15 01:01:39
M0000188,P000000798,2026-02-17 21:36:49
M0000188,P000000041,2026-02-24 10:48:11
M0000188,P000000293,2026-02-27 10:44:23
M0000188,P000000039,2026-03-01 12:34:11
M0000188,P000000322,2026-03-17 00:19:09
M0000189,P000000239,2026-01-01 03:24:24
M0000189,P000000420,2026-01-01 22:21:27
M0000189,P000000025,2026-02-02 12:38:49
M0000189,P000000722,2026-02-03 15:13:32
M0000189,P000000706,2026-03-03 17:51:06
M0000189,P000000007,2026-03-09 07:52:50
M0000189,P000000555,2026-03-15 16:25:59
M0000189,P000000155,2026-03-23 12:20:57
M0000190,P000000147,2026-01-09 05:50:13
M0000190,P000000289,2026-01-10 06:42:38
M0000190,P000000432,2026-02-06 03:58:09
M0000190,P000000259,2026-02-10 02:29:31
M0000190,P000000506,2026-02-14 12:17:04
M0000190,P000000716,2026-02-20 11:07:36
M0000190,P000000732,2026-02-26 09:17:37
M0000190,P000000032,2026-02-28 00:46:47
M0000190,P000000245,2026-03-10 01:05:29
M0000190,P000000063,2026-03-14 14:43:54
M0000190,P000000758,2026-03-24 02:10:03
M0000191,P000000275,2026-01-22 05:31:03
M0000191,P000000683,2026-01-27 09:42:11
M0000191,P000000064,2026-01-31 21:07:41
M0000191,P000000271,2026-02-01 16:13:16
M0000191,P000000450,2026-02-13 23:00:08
M0000191,P000000152,2026-02-24 11:48:25
M0000191,P000000430,2026-03-13 09:29:46
M0000192,P000000499,2026-01-12 17:20:13
M0000192,P000000160,2026-01-21 03:49:38
M0000192,P000000600,2026-02-04 18:52:12
M0000192,P000000666,2026-02-09 11:14:34
M0000192,P000000109,2026-02-13 21:02:35
M0000192,P000000755,2026-02-17 00:36:20
M0000192,P000000792,2026-02-22 00:47:40
M0000192,P000000112,2026-03-16 19:00:53
M0000193,P000000019,2026-01-04 21:58:30
M0000193,P000000313,2026-01-09 20:32:29
M0000193,P000000704,2026-01-15 09:37:10
M0000193,P000000124,2026-01-21 21:02:05
M0000193,P000000715,2026-01-25 02:23:30
M0000193,P000000163,2026-02-01 19:48:52
M0000193,P000000791,2026-02-28 13:47:48
M0000193,P000000723,2026-03-11 01:07:00
M0000193,P000000094,2026-03-23 03:50:45
M0000194,P000000267,2026-01-02 03:51:41
M0000194,P000000179,2026-01-06 23:41:58
M0000194,P000000307,2026-01-12 19:00:23
M0000194,P000000697,2026-01-14 13:44:29
M0000194,P000000466,2026-01-22 13:58:08
M0000194,P000000583,2026-02-24 03:48:25
M0000194,P000000415,2026-03-17 19:46:07
M0000194,P000000444,2026-03-19 01:42:38
M0000194,P000000441,2026-03-20 01:12:54
M0000194,P000000032,2026-03-22 14:54:27
M0000195,P000000661,2026-01-03 02:47:53
M0000195,P000000087,2026-01-07 06:13:50
M0000195,P000000646,2026-01-08 06:43:58
M0000195,P000000382,2026-01-26 03:05:44
M0000195,P000000685,2026-02-26 12:54:46
M0000195,P000000780,2026-02-26 21:45:20
M0000195,P000000704,2026-03-20 21:50:16
M0000196,P000000053,2026-01-03 20:41:55
M0000196,P000000020,2026-01-17 07:26:35
M0000196,P000000045,2026-02-08 08:24:49
M0000196,P000000096,2026-02-12 01:19:39
M0000196,P000000474,2026-02-18 04:03:29
M0000196,P000000579,2026-02-25 17:14:49
M0000196,P000000127,2026-03-12 08:02:46
M0000196,P000000341,2026-03-21 18:39:56
M0000197,P000000291,2026-01-20 08:46:13
M0000197,P000000652,2026-01-25 00:26:19
M0000197,P000000461,2026-01-25 04:33:22
M0000197,P000000375,2026-01-26 05:05:33
M0000197,P000000285,2026-02-10 16:53:16
M0000197,P000000289,2026-02-21 01:14:08
M0000197,P000000154,2026-03-03 05:45:51
M0000197,P000000563,2026-03-04 09:29:20
M0000197,P000000016,2026-03-04 20:07:07
M0000197,P000000283,2026-03-19 09:36:21
M0000197,P000000037,2026-03-19 21:11:13
M0000198,P000000499,2026-01-22 06:21:14
M0000198,P000000738,2026-01-31 23:02:18
M0000198,P000000198,2026-02-18 02:44:37
M0000198,P000000196,2026-02-20 14:03:37
M0000198,P000000560,2026-02-27 23:22:55
M0000199,P000000368,2026-01-10 17:19:47
M0000199,P000000544,2026-01-16 11:57:09
M0000199,P000000485,2026-01-23 14:22:30
M0000199,P000000060,2026-02-26 16:47:34
M0000199,P000000078,2026-03-16 10:52:18
M0000200,P000000599,2026-01-03 17:43:33
M0000200,P000000562,2026-01-13 15:17:29
M0000200,P000000559,2026-01-18 08:24:29
M0000200,P000000593,2026-02-04 03:28:43
M0000200,P000000399,2026-02-25 02:43:24
M0000200,P000000152,2026-02-27 10:26:25
M0000200,P000000226,2026-03-10 00:25:29
M0000200,P000000787,2026-03-10 07:09:50
