BrandName,MemberID
筆尖溫度,M0000105
筆尖溫度,M0000072
筆尖溫度,M0000007
筆尖溫度,M0000029
筆尖溫度,M0000114
筆尖溫度,M0000036
筆尖溫度,M0000089
筆尖溫度,M0000061
筆尖溫度,M0000116
筆尖溫度,M0000116
筆尖溫度,M0000005
筆尖溫度,M0000105
筆尖溫度,M0000143
筆尖溫度,M0000047
筆尖溫度,M0000085
筆尖溫度,M0000071
筆尖溫度,M0000178
筆尖溫度,M0000013
筆尖溫度,M0000037
筆尖溫度,M0000145
筆尖溫度,M0000117
筆尖溫度,M0000028
筆尖溫度,M0000029
筆尖溫度,M0000124
筆尖溫度,M0000010
筆尖溫度,M0000039
筆尖溫度,M0000055
筆尖溫度,M0000046
筆尖溫度,M0000195
筆尖溫度,M0000174
筆尖溫度,M0000151
筆尖溫度,M0000114
筆尖溫度,M0000159
筆尖溫度,M0000015
筆尖溫度,M0000164
筆尖溫度,M0000025
筆尖溫度,M0000174
筆尖溫度,M0000148
墨染時光,M0000078
墨染時光,M0000142
墨染時光,M0000100
墨染時光,M0000189
墨染時光,M0000088
墨染時光,M0000004
墨染時光,M0000098
墨染時光,M0000115
墨染時光,M0000049
墨染時光,M0000008
墨染時光,M0000159
墨染時光,M0000086
墨染時光,M0000140
墨染時光,M0000193
墨染時光,M0000068
墨染時光,M0000142
墨染時光,M0000078
墨染時光,M0000110
墨染時光,M0000033
墨染時光,M0000070
墨染時光,M0000180
墨染時光,M0000119
墨染時光,M0000169
墨染時光,M0000065
墨染時光,M0000093
墨染時光,M0000127
墨染時光,M0000108
墨染時光,M0000078
墨染時光,M0000160
墨染時光,M0000197
墨染時光,M0000080
墨染時光,M0000197
墨染時光,M0000040
墨染時光,M0000070
墨染時光,M0000124
墨染時光,M0000178
墨染時光,M0000105
墨染時光,M0000119
斑斕之境,M0000174
斑斕之境,M0000118
斑斕之境,M0000059
斑斕之境,M0000060
斑斕之境,M0000140
斑斕之境,M0000066
斑斕之境,M0000137
斑斕之境,M0000132
斑斕之境,M0000009
斑斕之境,M0000088
斑斕之境,M0000020
斑斕之境,M0000047
斑斕之境,M0000163
斑斕之境,M0000115
斑斕之境,M0000135
斑斕之境,M0000189
斑斕之境,M0000175
斑斕之境,M0000090
斑斕之境,M0000146
斑斕之境,M0000187
斑斕之境,M0000008
斑斕之境,M0000091
斑斕之境,M0000131
斑斕之境,M0000029
斑斕之境,M0000127
斑斕之境,M0000101
斑斕之境,M0000089
斑斕之境,M0000151
斑斕之境,M0000144
斑斕之境,M0000075
斑斕之境,M0000083
斑斕之境,M0000138
斑斕之境,M0000031
斑斕之境,M0000106
斑斕之境,M0000040
斑斕之境,M0000025
斑斕之境,M0000163
斑斕之境,M0000023
斑斕之境,M0000030
紙上行旅,M0000146
紙上行旅,M0000128
紙上行旅,M0000043
紙上行旅,M0000063
紙上行旅,M0000090
紙上行旅,M0000003
紙上行旅,M0000093
紙上行旅,M0000097
紙上行旅,M0000018
紙上行旅,M0000012
紙上行旅,M0000042
紙上行旅,M0000173
紙上行旅,M0000064
紙上行旅,M0000142
紙上行旅,M0000176
紙上行旅,M0000132
紙上行旅,M0000189
紙上行旅,M0000080
紙上行旅,M0000148
紙上行旅,M0000140
紙上行旅,M0000006
紙上行旅,M0000069
紙上行旅,M0000095
紙上行旅,M0000123
紙上行旅,M0000033
紙上行旅,M0000104
紙上行旅,M0000031
紙上行旅,M0000178
紙上行旅,M0000058
紙上行旅,M0000093
夢境調色盤,M0000038
夢境調色盤,M0000112
夢境調色盤,M0000161
夢境調色盤,M0000184
夢境調色盤,M0000081
夢境調色盤,M0000020
夢境調色盤,M0000176
夢境調色盤,M0000178
夢境調色盤,M0000090
夢境調色盤,M0000078
夢境調色盤,M0000199
夢境調色盤,M0000049
夢境調色盤,M0000002
夢境調色盤,M0000096
拾木工坊,M0000005
拾木工坊,M0000060
拾木工坊,M0000193
拾木工坊,M0000158
拾木工坊,M0000122
拾木工坊,M0000155
拾木工坊,M0000170
拾木工坊,M0000162
拾木工坊,M0000120
拾木工坊,M0000143
拾木工坊,M0000039
拾木工坊,M0000080
拾木工坊,M0000129
拾木工坊,M0000194
拾木工坊,M0000059
拾木工坊,M0000058
拾木工坊,M0000114
拾木工坊,M0000196
拾木工坊,M0000062
拾木工坊,M0000065
拾木工坊,M0000085
竹跡日常,M0000044
竹跡日常,M0000080
竹跡日常,M0000062
竹跡日常,M0000108
竹跡日常,M0000182
竹跡日常,M0000076
竹跡日常,M0000154
竹跡日常,M0000018
竹跡日常,M0000042
竹跡日常,M0000114
竹跡日常,M0000182
山林之聲,M0000083
山林之聲,M0000045
山林之聲,M0000103
山林之聲,M0000095
山林之聲,M0000130
山林之聲,M0000195
山林之聲,M0000042
山林之聲,M0000152
山林之聲,M0000128
山林之聲,M0000066
山林之聲,M0000100
山林之聲,M0000025
山林之聲,M0000200
山林之聲,M0000170
山林之聲,M0000037
山林之聲,M0000075
山林之聲,M0000189
山林之聲,M0000135
山林之聲,M0000180
山林之聲,M0000174
山林之聲,M0000073
山林之聲,M0000028
山林之聲,M0000178
山林之聲,M0000169
山林之聲,M0000092
山林之聲,M0000190
山林之聲,M0000052
山林之聲,M0000197
山林之聲,M0000002
山林之聲,M0000128
山林之聲,M0000183
山林之聲,M0000190
山林之聲,M0000182
山林之聲,M0000092
山林之聲,M0000012
山林之聲,M0000024
山林之聲,M0000198
山林之聲,M0000109
微木森林,M0000175
微木森林,M0000061
微木森林,M0000131
微木森林,M0000009
微木森林,M0000027
微木森林,M0000078
微木森林,M0000196
微木森林,M0000010
微木森林,M0000117
微木森林,M0000117
微木森林,M0000067
微木森林,M0000079
輪年木作,M0000169
輪年木作,M0000027
輪年木作,M0000180
輪年木作,M0000079
輪年木作,M0000051
輪年木作,M0000175
輪年木作,M0000011
輪年木作,M0000133
輪年木作,M0000061
輪年木作,M0000046
輪年木作,M0000162
輪年木作,M0000117
輪年木作,M0000197
輪年木作,M0000166
輪年木作,M0000109
輪年木作,M0000126
輪年木作,M0000014
輪年木作,M0000093
輪年木作,M0000128
輪年木作,M0000031
輪年木作,M0000101
針線日常,M0000119
針線日常,M0000113
針線日常,M0000179
針線日常,M0000075
針線日常,M0000190
針線日常,M0000060
針線日常,M0000046
針線日常,M0000033
針線日常,M0000166
針線日常,M0000143
針線日常,M0000056
針線日常,M0000054
針線日常,M0000091
針線日常,M0000162
針線日常,M0000155
針線日常,M0000053
針線日常,M0000010
針線日常,M0000037
針線日常,M0000159
針線日常,M0000193
針線日常,M0000062
針線日常,M0000104
針線日常,M0000146
針線日常,M0000197
針線日常,M0000135
針線日常,M0000070
花開手縫,M0000146
花開手縫,M0000178
花開手縫,M0000050
花開手縫,M0000122
花開手縫,M0000179
花開手縫,M0000167
花開手縫,M0000021
花開手縫,M0000182
花開手縫,M0000020
花開手縫,M0000022
花開手縫,M0000076
花開手縫,M0000096
花開手縫,M0000186
藍染布跡,M0000154
藍染布跡,M0000090
藍染布跡,M0000024
藍染布跡,M0000054
藍染布跡,M0000016
藍染布跡,M0000093
藍染布跡,M0000160
藍染布跡,M0000155
藍染布跡,M0000053
藍染布跡,M0000047
藍染布跡,M0000162
藍染布跡,M0000199
藍染布跡,M0000014
藍染布跡,M0000040
藍染布跡,M0000166
藍染布跡,M0000174
藍染布跡,M0000108
藍染布跡,M0000192
藍染布跡,M0000137
藍染布跡,M0000118
藍染布跡,M0000142
藍染布跡,M0000036
藍染布跡,M0000023
藍染布跡,M0000131
藍染布跡,M0000120
藍染布跡,M0000180
藍染布跡,M0000003
藍染布跡,M0000170
藍染布跡,M0000036
藍染布跡,M0000115
裁縫詩人,M0000068
裁縫詩人,M0000136
裁縫詩人,M0000017
裁縫詩人,M0000017
裁縫詩人,M0000072
裁縫詩人,M0000103
裁縫詩人,M0000173
裁縫詩人,M0000080
裁縫詩人,M0000062
裁縫詩人,M0000104
裁縫詩人,M0000186
裁縫詩人,M0000077
裁縫詩人,M0000047
裁縫詩人,M0000083
裁縫詩人,M0000094
裁縫詩人,M0000130
裁縫詩人,M0000144
裁縫詩人,M0000155
裁縫詩人,M0000137
裁縫詩人,M0000085
裁縫詩人,M0000195
裁縫詩人,M0000067
裁縫詩人,M0000129
裁縫詩人,M0000058
裁縫詩人,M0000162
裁縫詩人,M0000169
裁縫詩人,M0000166
裁縫詩人,M0000171
裁縫詩人,M0000197
裁縫詩人,M0000059
樸布物語,M0000125
樸布物語,M0000115
樸布物語,M0000172
樸布物語,M0000025
樸布物語,M0000130
樸布物語,M0000002
樸布物語,M0000179
樸布物語,M0000181
樸布物語,M0000021
樸布物語,M0000023
樸布物語,M0000177
樸布物語,M0000024
樸布物語,M0000023
樸布物語,M0000172
樸布物語,M0000037
樸布物語,M0000048
樸布物語,M0000182
樸布物語,M0000144
樸布物語,M0000124
樸布物語,M0000104
樸布物語,M0000137
樸布物語,M0000124
樸布物語,M0000019
樸布物語,M0000041
樸布物語,M0000181
樸布物語,M0000164
樸布物語,M0000163
樸布物語,M0000188
暖絨小鎮,M0000033
暖絨小鎮,M0000023
暖絨小鎮,M0000092
暖絨小鎮,M0000089
暖絨小鎮,M0000183
暖絨小鎮,M0000038
暖絨小鎮,M0000085
暖絨小鎮,M0000043
暖絨小鎮,M0000190
暖絨小鎮,M0000047
暖絨小鎮,M0000059
暖絨小鎮,M0000186
暖絨小鎮,M0000073
怪奇布獸,M0000199
怪奇布獸,M0000082
怪奇布獸,M0000072
怪奇布獸,M0000096
怪奇布獸,M0000125
怪奇布獸,M0000167
怪奇布獸,M0000170
怪奇布獸,M0000151
怪奇布獸,M0000013
怪奇布獸,M0000178
怪奇布獸,M0000039
怪奇布獸,M0000008
怪奇布獸,M0000182
怪奇布獸,M0000151
怪奇布獸,M0000129
怪奇布獸,M0000029
怪奇布獸,M0000107
怪奇布獸,M0000041
怪奇布獸,M0000086
怪奇布獸,M0000008
怪奇布獸,M0000160
怪奇布獸,M0000136
怪奇布獸,M0000101
怪奇布獸,M0000134
怪奇布獸,M0000069
怪奇布獸,M0000038
怪奇布獸,M0000033
怪奇布獸,M0000107
怪奇布獸,M0000152
怪奇布獸,M0000157
怪奇布獸,M0000140
怪奇布獸,M0000188
怪奇布獸,M0000136
怪奇布獸,M0000078
怪奇布獸,M0000170
怪奇布獸,M0000069
森林童話,M0000144
森林童話,M0000077
森林童話,M0000173
森林童話,M0000164
森林童話,M0000117
森林童話,M0000156
森林童話,M0000114
森林童話,M0000167
森林童話,M0000188
森林童話,M0000090
森林童話,M0000154
森林童話,M0000186
抱抱時光,M0000146
抱抱時光,M0000037
抱抱時光,M0000175
抱抱時光,M0000076
抱抱時光,M0000100
抱抱時光,M0000164
抱抱時光,M0000168
抱抱時光,M0000165
抱抱時光,M0000101
抱抱時光,M0000111
抱抱時光,M0000138
抱抱時光,M0000111
抱抱時光,M0000095
抱抱時光,M0000049
抱抱時光,M0000143
針織好朋友,M0000123
針織好朋友,M0000039
針織好朋友,M0000124
針織好朋友,M0000084
針織好朋友,M0000115
針織好朋友,M0000039
針織好朋友,M0000109
針織好朋友,M0000150
針織好朋友,M0000090
針織好朋友,M0000187
針織好朋友,M0000002
針織好朋友,M0000198
針織好朋友,M0000157
針織好朋友,M0000093
針織好朋友,M0000076
針織好朋友,M0000185
針織好朋友,M0000078
針織好朋友,M0000115
針織好朋友,M0000142
針織好朋友,M0000128
針織好朋友,M0000063
針織好朋友,M0000152
針織好朋友,M0000167
針織好朋友,M0000190
針織好朋友,M0000115
針織好朋友,M0000031
針織好朋友,M0000144
針織好朋友,M0000091
針織好朋友,M0000176
針織好朋友,M0000074
針織好朋友,M0000200
針織好朋友,M0000088
針織好朋友,M0000118
針織好朋友,M0000029
針織好朋友,M0000107
針織好朋友,M0000048
針織好朋友,M0000170
針織好朋友,M0000075
針織好朋友,M0000120
針織好朋友,M0000040
皮墨原創,M0000045
皮墨原創,M0000054
皮墨原創,M0000122
皮墨原創,M0000028
皮墨原創,M0000028
皮墨原創,M0000095
皮墨原創,M0000135
皮墨原創,M0000148
皮墨原創,M0000027
皮墨原創,M0000136
皮墨原創,M0000180
皮墨原創,M0000188
皮墨原創,M0000032
皮墨原創,M0000123
皮墨原創,M0000183
皮墨原創,M0000181
皮墨原創,M0000165
皮墨原創,M0000088
皮墨原創,M0000065
皮墨原創,M0000072
匠心革作,M0000079
匠心革作,M0000181
匠心革作,M0000007
匠心革作,M0000128
匠心革作,M0000067
匠心革作,M0000156
匠心革作,M0000161
匠心革作,M0000129
匠心革作,M0000111
匠心革作,M0000050
匠心革作,M0000173
匠心革作,M0000087
匠心革作,M0000041
匠心革作,M0000090
匠心革作,M0000090
匠心革作,M0000086
匠心革作,M0000187
匠心革作,M0000107
匠心革作,M0000082
匠心革作,M0000070
匠心革作,M0000111
匠心革作,M0000158
匠心革作,M0000190
匠心革作,M0000100
匠心革作,M0000177
匠心革作,M0000153
匠心革作,M0000129
匠心革作,M0000103
匠心革作,M0000006
匠心革作,M0000033
匠心革作,M0000095
匠心革作,M0000078
匠心革作,M0000170
匠心革作,M0000002
匠心革作,M0000116
匠心革作,M0000068
匠心革作,M0000163
輕奢皮飾,M0000137
輕奢皮飾,M0000003
輕奢皮飾,M0000016
輕奢皮飾,M0000193
輕奢皮飾,M0000108
輕奢皮飾,M0000085
輕奢皮飾,M0000012
輕奢皮飾,M0000166
輕奢皮飾,M0000122
輕奢皮飾,M0000087
輕奢皮飾,M0000123
輕奢皮飾,M0000074
輕奢皮飾,M0000006
輕奢皮飾,M0000101
輕奢皮飾,M0000131
輕奢皮飾,M0000074
輕奢皮飾,M0000139
輕奢皮飾,M0000084
輕奢皮飾,M0000027
輕奢皮飾,M0000018
輕奢皮飾,M0000184
輕奢皮飾,M0000058
輕奢皮飾,M0000051
輕奢皮飾,M0000142
輕奢皮飾,M0000007
輕奢皮飾,M0000099
輕奢皮飾,M0000054
輕奢皮飾,M0000178
輕奢皮飾,M0000128
輕奢皮飾,M0000123
復古皮革室,M0000115
復古皮革室,M0000073
復古皮革室,M0000016
復古皮革室,M0000154
復古皮革室,M0000072
復古皮革室,M0000011
復古皮革室,M0000048
復古皮革室,M0000055
復古皮革室,M0000177
復古皮革室,M0000127
復古皮革室,M0000179
復古皮革室,M0000010
復古皮革室,M0000068
復古皮革室,M0000002
復古皮革室,M0000151
復古皮革室,M0000181
柔皮日常,M0000094
柔皮日常,M0000168
柔皮日常,M0000133
柔皮日常,M0000121
柔皮日常,M0000034
柔皮日常,M0000110
柔皮日常,M0000088
柔皮日常,M0000036
柔皮日常,M0000078
柔皮日常,M0000088
柔皮日常,M0000173
柔皮日常,M0000032
柔皮日常,M0000134
泡沫浮雲,M0000066
泡沫浮雲,M0000075
泡沫浮雲,M0000148
泡沫浮雲,M0000026
泡沫浮雲,M0000187
泡沫浮雲,M0000198
泡沫浮雲,M0000198
泡沫浮雲,M0000094
泡沫浮雲,M0000140
泡沫浮雲,M0000022
泡沫浮雲,M0000157
泡沫浮雲,M0000172
泡沫浮雲,M0000157
泡沫浮雲,M0000031
泡沫浮雲,M0000098
泡沫浮雲,M0000150
泡沫浮雲,M0000141
泡沫浮雲,M0000039
泡沫浮雲,M0000173
泡沫浮雲,M0000109
泡沫浮雲,M0000105
泡沫浮雲,M0000132
泡沫浮雲,M0000102
泡沫浮雲,M0000143
泡沫浮雲,M0000085
泡沫浮雲,M0000147
泡沫浮雲,M0000023
鹽之呼吸,M0000075
鹽之呼吸,M0000009
鹽之呼吸,M0000159
鹽之呼吸,M0000078
鹽之呼吸,M0000133
鹽之呼吸,M0000164
鹽之呼吸,M0000166
鹽之呼吸,M0000008
鹽之呼吸,M0000124
鹽之呼吸,M0000049
鹽之呼吸,M0000099
鹽之呼吸,M0000165
鹽之呼吸,M0000141
鹽之呼吸,M0000063
鹽之呼吸,M0000076
鹽之呼吸,M0000060
鹽之呼吸,M0000097
鹽之呼吸,M0000037
鹽之呼吸,M0000108
鹽之呼吸,M0000006
鹽之呼吸,M0000073
鹽之呼吸,M0000084
鹽之呼吸,M0000171
鹽之呼吸,M0000085
鹽之呼吸,M0000083
鹽之呼吸,M0000200
草本萃室,M0000038
草本萃室,M0000072
草本萃室,M0000113
草本萃室,M0000079
草本萃室,M0000019
草本萃室,M0000147
草本萃室,M0000187
草本萃室,M0000138
草本萃室,M0000101
草本萃室,M0000068
草本萃室,M0000045
草本萃室,M0000004
草本萃室,M0000021
草本萃室,M0000033
草本萃室,M0000063
草本萃室,M0000096
草本萃室,M0000039
草本萃室,M0000021
沐浴光影,M0000110
沐浴光影,M0000041
沐浴光影,M0000153
沐浴光影,M0000033
沐浴光影,M0000194
沐浴光影,M0000006
沐浴光影,M0000154
沐浴光影,M0000042
沐浴光影,M0000003
沐浴光影,M0000130
沐浴光影,M0000015
沐浴光影,M0000039
沐浴光影,M0000004
沐浴光影,M0000089
沐浴光影,M0000020
沐浴光影,M0000085
沐浴光影,M0000117
沐浴光影,M0000176
沐浴光影,M0000112
沐浴光影,M0000109
沐浴光影,M0000180
沐浴光影,M0000115
沐浴光影,M0000036
沐浴光影,M0000057
沐浴光影,M0000118
沐浴光影,M0000081
沐浴光影,M0000012
沐浴光影,M0000025
純淨之源,M0000080
純淨之源,M0000079
純淨之源,M0000151
純淨之源,M0000101
純淨之源,M0000087
純淨之源,M0000055
純淨之源,M0000199
純淨之源,M0000160
純淨之源,M0000099
純淨之源,M0000024
純淨之源,M0000084
純淨之源,M0000160
純淨之源,M0000162
純淨之源,M0000194
純淨之源,M0000161
純淨之源,M0000192
純淨之源,M0000107
居所微光,M0000011
居所微光,M0000073
居所微光,M0000123
居所微光,M0000178
居所微光,M0000082
居所微光,M0000074
居所微光,M0000176
居所微光,M0000110
居所微光,M0000028
居所微光,M0000011
居所微光,M0000105
居所微光,M0000072
居所微光,M0000018
居所微光,M0000185
居所微光,M0000053
居所微光,M0000101
居所微光,M0000053
居所微光,M0000179
居所微光,M0000146
居所微光,M0000061
居所微光,M0000128
居所微光,M0000119
木石共生,M0000164
木石共生,M0000044
木石共生,M0000187
木石共生,M0000091
木石共生,M0000085
木石共生,M0000054
木石共生,M0000190
木石共生,M0000125
木石共生,M0000101
木石共生,M0000171
木石共生,M0000147
木石共生,M0000016
木石共生,M0000027
木石共生,M0000124
木石共生,M0000161
木石共生,M0000002
彩織掛毯,M0000170
彩織掛毯,M0000026
彩織掛毯,M0000074
彩織掛毯,M0000075
彩織掛毯,M0000069
彩織掛毯,M0000027
彩織掛毯,M0000029
彩織掛毯,M0000043
彩織掛毯,M0000070
彩織掛毯,M0000077
彩織掛毯,M0000197
彩織掛毯,M0000114
彩織掛毯,M0000175
彩織掛毯,M0000121
彩織掛毯,M0000117
彩織掛毯,M0000180
彩織掛毯,M0000104
彩織掛毯,M0000181
彩織掛毯,M0000049
彩織掛毯,M0000033
彩織掛毯,M0000172
彩織掛毯,M0000098
窗邊日常,M0000123
窗邊日常,M0000060
窗邊日常,M0000164
窗邊日常,M0000124
窗邊日常,M0000114
窗邊日常,M0000169
窗邊日常,M0000136
窗邊日常,M0000176
窗邊日常,M0000098
窗邊日常,M0000063
窗邊日常,M0000145
窗邊日常,M0000014
窗邊日常,M0000065
窗邊日常,M0000062
窗邊日常,M0000079
窗邊日常,M0000164
窗邊日常,M0000118
窗邊日常,M0000126
窗邊日常,M0000001
窗邊日常,M0000142
窗邊日常,M0000132
窗邊日常,M0000135
窗邊日常,M0000195
雜貨角落,M0000028
雜貨角落,M0000082
雜貨角落,M0000044
雜貨角落,M0000047
雜貨角落,M0000165
雜貨角落,M0000065
雜貨角落,M0000062
雜貨角落,M0000009
雜貨角落,M0000037
雜貨角落,M0000084
雜貨角落,M0000124
雜貨角落,M0000011
雜貨角落,M0000141
雜貨角落,M0000041
雜貨角落,M0000187
雜貨角落,M0000100
雜貨角落,M0000146
雜貨角落,M0000034
雜貨角落,M0000089
雜貨角落,M0000040
雜貨角落,M0000131
雜貨角落,M0000164
雜貨角落,M0000196
雜貨角落,M0000029
雜貨角落,M0000006
雜貨角落,M0000116
雜貨角落,M0000137
雜貨角落,M0000043
雜貨角落,M0000069
雜貨角落,M0000068
雜貨角落,M0000086
雜貨角落,M0000174
雜貨角落,M0000075
雜貨角落,M0000130
雜貨角落,M0000135
雜貨角落,M0000073
雜貨角落,M0000080
鮮果時節,M0000035
鮮果時節,M0000072
鮮果時節,M0000034
鮮果時節,M0000082
鮮果時節,M0000185
鮮果時節,M0000048
鮮果時節,M0000084
鮮果時節,M0000074
鮮果時節,M0000038
鮮果時節,M0000077
鮮果時節,M0000061
鮮果時節,M0000033
鮮果時節,M0000180
鮮果時節,M0000053
鮮果時節,M0000125
鮮果時節,M0000015
鮮果時節,M0000083
鮮果時節,M0000023
鮮果時節,M0000009
鮮果時節,M0000187
鮮果時節,M0000084
鮮果時節,M0000175
鮮果時節,M0000119
鮮果時節,M0000181
鮮果時節,M0000074
鮮果時節,M0000070
鮮果時節,M0000078
辛香秘境,M0000038
辛香秘境,M0000200
辛香秘境,M0000037
辛香秘境,M0000058
辛香秘境,M0000164
辛香秘境,M0000144
辛香秘境,M0000059
辛香秘境,M0000063
辛香秘境,M0000171
辛香秘境,M0000029
辛香秘境,M0000104
辛香秘境,M0000021
辛香秘境,M0000103
辛香秘境,M0000067
辛香秘境,M0000090
辛香秘境,M0000197
辛香秘境,M0000087
辛香秘境,M0000039
辛香秘境,M0000032
辛香秘境,M0000048
辛香秘境,M0000123
辛香秘境,M0000042
辛香秘境,M0000186
辛香秘境,M0000071
辛香秘境,M0000172
辛香秘境,M0000126
辛香秘境,M0000112
辛香秘境,M0000160
辛香秘境,M0000097
晨曦果食,M0000053
晨曦果食,M0000036
晨曦果食,M0000173
晨曦果食,M0000195
晨曦果食,M0000015
晨曦果食,M0000100
晨曦果食,M0000035
晨曦果食,M0000052
晨曦果食,M0000042
晨曦果食,M0000052
晨曦果食,M0000140
晨曦果食,M0000082
晨曦果食,M0000018
晨曦果食,M0000035
晨曦果食,M0000006
晨曦果食,M0000164
晨曦果食,M0000090
晨曦果食,M0000054
晨曦果食,M0000131
醬心厚道,M0000184
醬心厚道,M0000082
醬心厚道,M0000017
醬心厚道,M0000095
醬心厚道,M0000027
醬心厚道,M0000078
醬心厚道,M0000186
醬心厚道,M0000120
醬心厚道,M0000010
醬心厚道,M0000184
醬心厚道,M0000105
醬心厚道,M0000111
醬心厚道,M0000104
醬心厚道,M0000020
醬心厚道,M0000044
醬心厚道,M0000013
醬心厚道,M0000141
醬心厚道,M0000061
醬心厚道,M0000164
醬心厚道,M0000148
醬心厚道,M0000149
醬心厚道,M0000116
醬心厚道,M0000152
醬心厚道,M0000155
醬心厚道,M0000192
醬心厚道,M0000105
醬心厚道,M0000134
醬心厚道,M0000109
醬心厚道,M0000120
醬心厚道,M0000159
醬心厚道,M0000129
漬物日常,M0000184
漬物日常,M0000126
漬物日常,M0000183
漬物日常,M0000093
漬物日常,M0000055
漬物日常,M0000126
漬物日常,M0000080
漬物日常,M0000172
漬物日常,M0000073
漬物日常,M0000103
漬物日常,M0000029
漬物日常,M0000155
漬物日常,M0000116
漬物日常,M0000137
漬物日常,M0000102
漬物日常,M0000151
漬物日常,M0000200
漬物日常,M0000035
漬物日常,M0000072
漬物日常,M0000134
漬物日常,M0000016
漬物日常,M0000003
漬物日常,M0000186
漬物日常,M0000097
漬物日常,M0000110
漬物日常,M0000031
漬物日常,M0000124
漬物日常,M0000004
漬物日常,M0000049
漬物日常,M0000200
漬物日常,M0000058
漬物日常,M0000027
漬物日常,M0000181
漬物日常,M0000063
漬物日常,M0000116
刻印記憶,M0000025
刻印記憶,M0000157
刻印記憶,M0000183
刻印記憶,M0000180
刻印記憶,M0000181
刻印記憶,M0000039
刻印記憶,M0000049
刻印記憶,M0000035
刻印記憶,M0000099
刻印記憶,M0000058
刻印記憶,M0000180
刻印記憶,M0000014
刻印記憶,M0000093
刻印記憶,M0000024
刻印記憶,M0000119
刻印記憶,M0000124
刻印記憶,M0000021
刻印記憶,M0000195
刻印記憶,M0000048
刻印記憶,M0000175
刻印記憶,M0000059
刻印記憶,M0000012
刻印記憶,M0000064
刻印記憶,M0000004
刻印記憶,M0000092
刻印記憶,M0000072
刻印記憶,M0000168
刻印記憶,M0000013
刻印記憶,M0000040
刻印記憶,M0000157
刻印記憶,M0000127
刻印記憶,M0000044
刻印記憶,M0000132
刻印記憶,M0000153
刻印記憶,M0000030
刻印記憶,M0000040
拓之美學,M0000031
拓之美學,M0000158
拓之美學,M0000048
拓之美學,M0000178
拓之美學,M0000045
拓之美學,M0000188
拓之美學,M0000032
拓之美學,M0000066
拓之美學,M0000143
拓之美學,M0000120
拓之美學,M0000011
拓之美學,M0000138
拓之美學,M0000046
拓之美學,M0000090
拓之美學,M0000048
拓之美學,M0000188
拓之美學,M0000053
拓之美學,M0000063
拓之美學,M0000124
拓之美學,M0000193
拓之美學,M0000033
拓之美學,M0000192
拓之美學,M0000026
拓之美學,M0000010
彩墨活字,M0000158
彩墨活字,M0000016
彩墨活字,M0000111
彩墨活字,M0000079
彩墨活字,M0000178
彩墨活字,M0000200
彩墨活字,M0000160
彩墨活字,M0000018
彩墨活字,M0000027
彩墨活字,M0000072
彩墨活字,M0000142
彩墨活字,M0000123
彩墨活字,M0000093
彩墨活字,M0000060
彩墨活字,M0000018
彩墨活字,M0000051
彩墨活字,M0000122
彩墨活字,M0000181
彩墨活字,M0000082
彩墨活字,M0000086
彩墨活字,M0000147
彩墨活字,M0000046
彩墨活字,M0000111
彩墨活字,M0000028
彩墨活字,M0000178
彩墨活字,M0000195
彩墨活字,M0000038
彩墨活字,M0000059
彩墨活字,M0000169
彩墨活字,M0000149
彩墨活字,M0000155
彩墨活字,M0000195
彩墨活字,M0000034
彩墨活字,M0000062
彩墨活字,M0000024
彩墨活字,M0000089
彩墨活字,M0000037
彩墨活字,M0000169
彩墨活字,M0000034
紙上版物,M0000042
紙上版物,M0000180
紙上版物,M0000081
紙上版物,M0000151
紙上版物,M0000174
紙上版物,M0000189
紙上版物,M0000065
紙上版物,M0000054
紙上版物,M0000106
紙上版物,M0000009
紙上版物,M0000011
紙上版物,M0000036
紙上版物,M0000167
紙上版物,M0000164
紙上版物,M0000188
紙上版物,M0000149
紙上版物,M0000034
紙上版物,M0000091
紙上版物,M0000111
紙上版物,M0000061
紙上版物,M0000102
紙上版物,M0000143
紙上版物,M0000050
紙上版物,M0000058
紙上版物,M0000133
紙上版物,M0000191
紙上版物,M0000137
紙上版物,M0000186
墨跡印記,M0000074
墨跡印記,M0000042
墨跡印記,M0000062
墨跡印記,M0000118
墨跡印記,M0000137
墨跡印記,M0000125
墨跡印記,M0000040
墨跡印記,M0000068
墨跡印記,M0000086
墨跡印記,M0000146
墨跡印記,M0000076
墨跡印記,M0000129
墨跡印記,M0000163
墨跡印記,M0000022
墨跡印記,M0000075
墨跡印記,M0000136
墨跡印記,M0000062
墨跡印記,M0000061
墨跡印記,M0000142
墨跡印記,M0000008
墨跡印記,M0000174
墨跡印記,M0000100
墨跡印記,M0000129
墨跡印記,M0000014
墨跡印記,M0000185
墨跡印記,M0000166
墨跡印記,M0000009
墨跡印記,M0000029
墨跡印記,M0000172
墨跡印記,M0000163
墨跡印記,M0000178
墨跡印記,M0000161
墨跡印記,M0000071
墨跡印記,M0000070
墨跡印記,M0000151
墨跡印記,M0000032
墨跡印記,M0000026
墨跡印記,M0000036
墨跡印記,M0000184
墨跡印記,M0000086
純銀微光,M0000092
純銀微光,M0000061
純銀微光,M0000042
純銀微光,M0000125
純銀微光,M0000028
純銀微光,M0000185
純銀微光,M0000021
純銀微光,M0000039
純銀微光,M0000181
純銀微光,M0000124
純銀微光,M0000189
純銀微光,M0000097
純銀微光,M0000049
純銀微光,M0000085
純銀微光,M0000049
純銀微光,M0000190
純銀微光,M0000073
純銀微光,M0000069
純銀微光,M0000139
純銀微光,M0000058
純銀微光,M0000158
銅研舍,M0000061
銅研舍,M0000002
銅研舍,M0000044
銅研舍,M0000030
銅研舍,M0000104
銅研舍,M0000181
銅研舍,M0000064
銅研舍,M0000022
銅研舍,M0000025
銅研舍,M0000093
銅研舍,M0000008
銅研舍,M0000007
銅研舍,M0000046
銅研舍,M0000067
銅研舍,M0000039
銅研舍,M0000062
銅研舍,M0000062
銅研舍,M0000043
銅研舍,M0000156
銅研舍,M0000102
銅研舍,M0000160
銅研舍,M0000027
銅研舍,M0000045
銅研舍,M0000013
銅研舍,M0000055
銅研舍,M0000193
銅研舍,M0000046
銅研舍,M0000155
銅研舍,M0000183
銅研舍,M0000005
銅研舍,M0000071
銅研舍,M0000062
銅研舍,M0000036
銅研舍,M0000047
銅研舍,M0000066
銅研舍,M0000076
珠圓玉潤,M0000170
珠圓玉潤,M0000107
珠圓玉潤,M0000100
珠圓玉潤,M0000181
珠圓玉潤,M0000121
珠圓玉潤,M0000150
珠圓玉潤,M0000142
珠圓玉潤,M0000126
珠圓玉潤,M0000155
珠圓玉潤,M0000088
珠圓玉潤,M0000118
珠圓玉潤,M0000171
珠圓玉潤,M0000047
珠圓玉潤,M0000137
珠圓玉潤,M0000102
珠圓玉潤,M0000106
珠圓玉潤,M0000053
珠圓玉潤,M0000092
珠圓玉潤,M0000152
珠圓玉潤,M0000054
珠圓玉潤,M0000152
珠圓玉潤,M0000146
珠圓玉潤,M0000026
珠圓玉潤,M0000187
珠圓玉潤,M0000161
珠圓玉潤,M0000096
珠圓玉潤,M0000086
珠圓玉潤,M0000013
珠圓玉潤,M0000073
熔岩金屬,M0000102
熔岩金屬,M0000030
熔岩金屬,M0000095
熔岩金屬,M0000051
熔岩金屬,M0000186
熔岩金屬,M0000140
熔岩金屬,M0000197
熔岩金屬,M0000031
熔岩金屬,M0000159
熔岩金屬,M0000016
熔岩金屬,M0000160
熔岩金屬,M0000101
熔岩金屬,M0000141
熔岩金屬,M0000183
熔岩金屬,M0000128
熔岩金屬,M0000105
熔岩金屬,M0000146
熔岩金屬,M0000184
熔岩金屬,M0000133
熔岩金屬,M0000169
熔岩金屬,M0000050
熔岩金屬,M0000049
熔岩金屬,M0000158
熔岩金屬,M0000038
熔岩金屬,M0000035
熔岩金屬,M0000088
熔岩金屬,M0000089
熔岩金屬,M0000146
熔岩金屬,M0000018
熔岩金屬,M0000019
熔岩金屬,M0000158
熔岩金屬,M0000178
熔岩金屬,M0000046
點石成金,M0000198
點石成金,M0000101
點石成金,M0000182
點石成金,M0000132
點石成金,M0000116
點石成金,M0000123
點石成金,M0000199
點石成金,M0000006
點石成金,M0000128
點石成金,M0000192
點石成金,M0000058
點石成金,M0000192
點石成金,M0000090
點石成金,M0000090
點石成金,M0000072
點石成金,M0000176
點石成金,M0000040
點石成金,M0000077
點石成金,M0000196
點石成金,M0000144
點石成金,M0000029
點石成金,M0000181
點石成金,M0000005
植物肌密,M0000046
植物肌密,M0000084
植物肌密,M0000017
植物肌密,M0000017
植物肌密,M0000154
植物肌密,M0000168
植物肌密,M0000037
植物肌密,M0000175
植物肌密,M0000109
植物肌密,M0000165
植物肌密,M0000192
植物肌密,M0000047
植物肌密,M0000139
植物肌密,M0000184
植物肌密,M0000112
植物肌密,M0000130
植物肌密,M0000015
植物肌密,M0000012
植物肌密,M0000180
植物肌密,M0000069
植物肌密,M0000031
植物肌密,M0000005
植物肌密,M0000075
植物肌密,M0000183
植物肌密,M0000110
植物肌密,M0000099
植物肌密,M0000046
植物肌密,M0000145
植物肌密,M0000082
植物肌密,M0000001
植物肌密,M0000011
植物肌密,M0000144
植物肌密,M0000107
植物肌密,M0000067
植物肌密,M0000166
植物肌密,M0000031
植物肌密,M0000101
植物肌密,M0000126
水潤原生,M0000090
水潤原生,M0000074
水潤原生,M0000047
水潤原生,M0000104
水潤原生,M0000093
水潤原生,M0000106
水潤原生,M0000065
水潤原生,M0000105
水潤原生,M0000051
水潤原生,M0000063
水潤原生,M0000102
水潤原生,M0000052
水潤原生,M0000044
水潤原生,M0000106
水潤原生,M0000071
水潤原生,M0000090
水潤原生,M0000144
水潤原生,M0000057
水潤原生,M0000111
水潤原生,M0000173
水潤原生,M0000029
泥好保養,M0000167
泥好保養,M0000166
泥好保養,M0000154
泥好保養,M0000199
泥好保養,M0000096
泥好保養,M0000011
泥好保養,M0000052
泥好保養,M0000181
泥好保養,M0000064
泥好保養,M0000073
泥好保養,M0000084
泥好保養,M0000107
泥好保養,M0000018
泥好保養,M0000061
泥好保養,M0000195
泥好保養,M0000115
泥好保養,M0000074
泥好保養,M0000046
泥好保養,M0000087
泥好保養,M0000188
泥好保養,M0000173
泥好保養,M0000095
泥好保養,M0000070
泥好保養,M0000039
泥好保養,M0000194
泥好保養,M0000187
泥好保養,M0000029
泥好保養,M0000067
花語水潤,M0000063
花語水潤,M0000008
花語水潤,M0000013
花語水潤,M0000125
花語水潤,M0000159
花語水潤,M0000196
花語水潤,M0000197
花語水潤,M0000149
花語水潤,M0000193
花語水潤,M0000176
花語水潤,M0000126
花語水潤,M0000104
花語水潤,M0000101
花語水潤,M0000001
花語水潤,M0000010
花語水潤,M0000161
花語水潤,M0000020
花語水潤,M0000138
花語水潤,M0000195
花語水潤,M0000074
花語水潤,M0000029
花語水潤,M0000094
花語水潤,M0000086
舒敏之道,M0000193
舒敏之道,M0000180
舒敏之道,M0000089
舒敏之道,M0000072
舒敏之道,M0000018
舒敏之道,M0000069
舒敏之道,M0000166
舒敏之道,M0000099
舒敏之道,M0000052
舒敏之道,M0000121
舒敏之道,M0000161
舒敏之道,M0000049
舒敏之道,M0000194
舒敏之道,M0000055
舒敏之道,M0000062
舒敏之道,M0000189
碎紙冒險,M0000096
碎紙冒險,M0000107
碎紙冒險,M0000110
碎紙冒險,M0000128
碎紙冒險,M0000086
碎紙冒險,M0000110
碎紙冒險,M0000023
碎紙冒險,M0000131
碎紙冒險,M0000114
碎紙冒險,M0000011
碎紙冒險,M0000190
碎紙冒險,M0000018
碎紙冒險,M0000002
碎紙冒險,M0000030
碎紙冒險,M0000004
碎紙冒險,M0000160
碎紙冒險,M0000078
碎紙冒險,M0000094
碎紙冒險,M0000126
碎紙冒險,M0000150
碎紙冒險,M0000168
碎紙冒險,M0000003
碎紙冒險,M0000151
碎紙冒險,M0000155
碎紙冒險,M0000001
碎紙冒險,M0000117
碎紙冒險,M0000155
碎紙冒險,M0000062
碎紙冒險,M0000053
碎紙冒險,M0000165
碎紙冒險,M0000038
碎紙冒險,M0000068
碎紙冒險,M0000187
碎紙冒險,M0000011
碎紙冒險,M0000141
膠帶森林,M0000060
膠帶森林,M0000166
膠帶森林,M0000074
膠帶森林,M0000157
膠帶森林,M0000032
膠帶森林,M0000104
膠帶森林,M0000074
膠帶森林,M0000093
膠帶森林,M0000199
膠帶森林,M0000174
膠帶森林,M0000114
膠帶森林,M0000176
膠帶森林,M0000197
膠帶森林,M0000191
膠帶森林,M0000075
膠帶森林,M0000120
膠帶森林,M0000079
膠帶森林,M0000133
膠帶森林,M0000112
膠帶森林,M0000134
膠帶森林,M0000003
膠帶森林,M0000158
膠帶森林,M0000169
膠帶森林,M0000175
膠帶森林,M0000192
膠帶森林,M0000011
膠帶森林,M0000079
膠帶森林,M0000129
膠帶森林,M0000056
膠帶森林,M0000148
膠帶森林,M0000015
膠帶森林,M0000098
膠帶森林,M0000032
膠帶森林,M0000077
膠帶森林,M0000056
膠帶森林,M0000108
膠帶森林,M0000135
布碎日常,M0000080
布碎日常,M0000179
布碎日常,M0000081
布碎日常,M0000078
布碎日常,M0000112
布碎日常,M0000112
布碎日常,M0000112
布碎日常,M0000020
布碎日常,M0000017
布碎日常,M0000125
布碎日常,M0000080
布碎日常,M0000175
布碎日常,M0000157
布碎日常,M0000063
布碎日常,M0000200
布碎日常,M0000049
布碎日常,M0000009
布碎日常,M0000017
布碎日常,M0000127
布碎日常,M0000095
布碎日常,M0000045
布碎日常,M0000092
布碎日常,M0000084
布碎日常,M0000083
布碎日常,M0000043
布碎日常,M0000143
布碎日常,M0000014
布碎日常,M0000029
布碎日常,M0000080
布碎日常,M0000129
拾物實驗室,M0000061
拾物實驗室,M0000072
拾物實驗室,M0000145
拾物實驗室,M0000005
拾物實驗室,M0000120
拾物實驗室,M0000145
拾物實驗室,M0000084
拾物實驗室,M0000089
拾物實驗室,M0000176
拾物實驗室,M0000065
拾物實驗室,M0000027
拾物實驗室,M0000146
拾物實驗室,M0000106
拾物實驗室,M0000127
拾物實驗室,M0000146
拾物實驗室,M0000012
拾物實驗室,M0000043
拾物實驗室,M0000189
拾物實驗室,M0000147
拾物實驗室,M0000172
拾物實驗室,M0000067
拾物實驗室,M0000190
拾物實驗室,M0000062
拾物實驗室,M0000046
拾物實驗室,M0000063
拾物實驗室,M0000022
拾物實驗室,M0000105
拾物實驗室,M0000169
拾物實驗室,M0000152
拾物實驗室,M0000129
拾物實驗室,M0000143
拾物實驗室,M0000198
拾物實驗室,M0000186
拾物實驗室,M0000126
拾物實驗室,M0000006
拾物實驗室,M0000082
拾物實驗室,M0000195
拾物實驗室,M0000007
色塊詩集,M0000038
色塊詩集,M0000067
色塊詩集,M0000045
色塊詩集,M0000054
色塊詩集,M0000019
色塊詩集,M0000190
色塊詩集,M0000096
色塊詩集,M0000021
色塊詩集,M0000039
色塊詩集,M0000037
色塊詩集,M0000133
色塊詩集,M0000015
色塊詩集,M0000185
色塊詩集,M0000014
色塊詩集,M0000133
色塊詩集,M0000115
色塊詩集,M0000192
色塊詩集,M0000043
色塊詩集,M0000161
色塊詩集,M0000121
色塊詩集,M0000185
色塊詩集,M0000147
色塊詩集,M0000141
色塊詩集,M0000006
色塊詩集,M0000187
色塊詩集,M0000079
色塊詩集,M0000012
色塊詩集,M0000129
色塊詩集,M0000189
色塊詩集,M0000044
嗅覺日記,M0000083
嗅覺日記,M0000127
嗅覺日記,M0000058
嗅覺日記,M0000044
嗅覺日記,M0000176
嗅覺日記,M0000024
嗅覺日記,M0000020
嗅覺日記,M0000136
嗅覺日記,M0000055
嗅覺日記,M0000103
嗅覺日記,M0000109
嗅覺日記,M0000094
嗅覺日記,M0000084
嗅覺日記,M0000126
嗅覺日記,M0000067
嗅覺日記,M0000085
嗅覺日記,M0000119
燃燒之詩,M0000174
燃燒之詩,M0000124
燃燒之詩,M0000007
燃燒之詩,M0000104
燃燒之詩,M0000197
燃燒之詩,M0000109
燃燒之詩,M0000104
燃燒之詩,M0000153
燃燒之詩,M0000068
燃燒之詩,M0000010
燃燒之詩,M0000142
燃燒之詩,M0000086
燃燒之詩,M0000007
燃燒之詩,M0000192
燃燒之詩,M0000098
燃燒之詩,M0000002
燃燒之詩,M0000161
燃燒之詩,M0000077
燃燒之詩,M0000007
燃燒之詩,M0000154
燃燒之詩,M0000013
燃燒之詩,M0000198
燃燒之詩,M0000058
燃燒之詩,M0000150
燃燒之詩,M0000170
燃燒之詩,M0000031
燃燒之詩,M0000152
燃燒之詩,M0000163
燃燒之詩,M0000021
燃燒之詩,M0000190
燃燒之詩,M0000032
燃燒之詩,M0000155
燃燒之詩,M0000131
燃燒之詩,M0000198
燃燒之詩,M0000196
燃燒之詩,M0000055
燃燒之詩,M0000048
氛圍實驗室,M0000117
氛圍實驗室,M0000146
氛圍實驗室,M0000149
氛圍實驗室,M0000118
氛圍實驗室,M0000087
氛圍實驗室,M0000034
氛圍實驗室,M0000099
氛圍實驗室,M0000176
氛圍實驗室,M0000133
氛圍實驗室,M0000187
氛圍實驗室,M0000072
氛圍實驗室,M0000001
氛圍實驗室,M0000197
氛圍實驗室,M0000023
慢活香氣,M0000008
慢活香氣,M0000150
慢活香氣,M0000017
慢活香氣,M0000049
慢活香氣,M0000132
慢活香氣,M0000014
慢活香氣,M0000148
慢活香氣,M0000172
慢活香氣,M0000185
慢活香氣,M0000193
慢活香氣,M0000131
慢活香氣,M0000014
慢活香氣,M0000049
慢活香氣,M0000045
靈魂煙燻,M0000118
靈魂煙燻,M0000099
靈魂煙燻,M0000175
靈魂煙燻,M0000044
靈魂煙燻,M0000151
靈魂煙燻,M0000020
靈魂煙燻,M0000065
靈魂煙燻,M0000196
靈魂煙燻,M0000059
靈魂煙燻,M0000021
靈魂煙燻,M0000050
靈魂煙燻,M0000034
靈魂煙燻,M0000182
靈魂煙燻,M0000179
靈魂煙燻,M0000003
靈魂煙燻,M0000057
靈魂煙燻,M0000040
靈魂煙燻,M0000075
靈魂煙燻,M0000065
靈魂煙燻,M0000052
靈魂煙燻,M0000010
靈魂煙燻,M0000145
靈魂煙燻,M0000134
靈魂煙燻,M0000060
靈魂煙燻,M0000182
靈魂煙燻,M0000055
靈魂煙燻,M0000049
靈魂煙燻,M0000075
靈魂煙燻,M0000176
靈魂煙燻,M0000178
靈魂煙燻,M0000186
靈魂煙燻,M0000024
靈魂煙燻,M0000056
靈魂煙燻,M0000002
靈魂煙燻,M0000087
靈魂煙燻,M0000035
靈魂煙燻,M0000063
靈魂煙燻,M0000029
穀物食研室,M0000057
穀物食研室,M0000029
穀物食研室,M0000195
穀物食研室,M0000196
穀物食研室,M0000059
穀物食研室,M0000017
穀物食研室,M0000001
穀物食研室,M0000006
穀物食研室,M0000121
穀物食研室,M0000072
穀物食研室,M0000046
穀物食研室,M0000076
穀物食研室,M0000148
穀物食研室,M0000074
穀物食研室,M0000100
蜜境之源,M0000131
蜜境之源,M0000154
蜜境之源,M0000034
蜜境之源,M0000035
蜜境之源,M0000158
蜜境之源,M0000138
蜜境之源,M0000193
蜜境之源,M0000020
蜜境之源,M0000027
蜜境之源,M0000181
蜜境之源,M0000176
蜜境之源,M0000128
蜜境之源,M0000116
蜜境之源,M0000103
蜜境之源,M0000001
蜜境之源,M0000024
蜜境之源,M0000176
蜜境之源,M0000072
蜜境之源,M0000096
蜜境之源,M0000085
原生力量,M0000082
原生力量,M0000052
原生力量,M0000193
原生力量,M0000104
原生力量,M0000145
原生力量,M0000059
原生力量,M0000136
原生力量,M0000198
原生力量,M0000047
原生力量,M0000026
原生力量,M0000152
原生力量,M0000180
原生力量,M0000145
原生力量,M0000111
原生力量,M0000101
原生力量,M0000101
原生力量,M0000175
原生力量,M0000198
原生力量,M0000061
原生力量,M0000044
原生力量,M0000133
原生力量,M0000134
原生力量,M0000156
原生力量,M0000163
原生力量,M0000087
豆乳日常,M0000035
豆乳日常,M0000183
豆乳日常,M0000181
豆乳日常,M0000121
豆乳日常,M0000061
豆乳日常,M0000030
豆乳日常,M0000078
豆乳日常,M0000161
豆乳日常,M0000140
豆乳日常,M0000178
酵母時光,M0000052
酵母時光,M0000015
酵母時光,M0000133
酵母時光,M0000196
酵母時光,M0000134
酵母時光,M0000035
酵母時光,M0000044
酵母時光,M0000181
酵母時光,M0000032
酵母時光,M0000164
酵母時光,M0000175
酵母時光,M0000010
酵母時光,M0000137
酵母時光,M0000136
酵母時光,M0000071
酵母時光,M0000121
酵母時光,M0000068
酵母時光,M0000044
酵母時光,M0000180
刻印日常,M0000164
刻印日常,M0000096
刻印日常,M0000117
刻印日常,M0000161
刻印日常,M0000152
刻印日常,M0000023
刻印日常,M0000106
刻印日常,M0000036
刻印日常,M0000174
刻印日常,M0000095
刻印日常,M0000200
刻印日常,M0000177
刻印日常,M0000077
刻印日常,M0000170
刻印日常,M0000181
刻印日常,M0000022
刻印日常,M0000079
刻印日常,M0000144
刻印日常,M0000103
刻印日常,M0000025
刻印日常,M0000081
刻印日常,M0000190
刻印日常,M0000118
刻印日常,M0000135
刻印日常,M0000102
紙上摺痕,M0000017
紙上摺痕,M0000021
紙上摺痕,M0000154
紙上摺痕,M0000133
紙上摺痕,M0000047
紙上摺痕,M0000045
紙上摺痕,M0000122
紙上摺痕,M0000139
紙上摺痕,M0000056
紙上摺痕,M0000114
紙上摺痕,M0000153
紙上摺痕,M0000154
紙上摺痕,M0000046
紙上摺痕,M0000094
紙上摺痕,M0000006
紙上摺痕,M0000133
紙上摺痕,M0000082
紙上摺痕,M0000074
紙上摺痕,M0000075
紙上摺痕,M0000193
紙上摺痕,M0000152
紙上摺痕,M0000196
紙上摺痕,M0000062
紙上摺痕,M0000112
紙上摺痕,M0000157
紙上摺痕,M0000073
紙上摺痕,M0000128
紙上摺痕,M0000142
印鑑職人,M0000179
印鑑職人,M0000148
印鑑職人,M0000166
印鑑職人,M0000094
印鑑職人,M0000022
印鑑職人,M0000005
印鑑職人,M0000038
印鑑職人,M0000020
印鑑職人,M0000031
印鑑職人,M0000146
印鑑職人,M0000149
印鑑職人,M0000197
印鑑職人,M0000028
印鑑職人,M0000110
印鑑職人,M0000130
印鑑職人,M0000103
印鑑職人,M0000011
印鑑職人,M0000066
印鑑職人,M0000096
墨色印記,M0000087
墨色印記,M0000132
墨色印記,M0000013
墨色印記,M0000070
墨色印記,M0000074
墨色印記,M0000015
墨色印記,M0000171
墨色印記,M0000101
墨色印記,M0000061
墨色印記,M0000040
墨色印記,M0000047
裁紙匠心,M0000012
裁紙匠心,M0000187
裁紙匠心,M0000102
裁紙匠心,M0000071
裁紙匠心,M0000003
裁紙匠心,M0000153
裁紙匠心,M0000062
裁紙匠心,M0000104
裁紙匠心,M0000170
裁紙匠心,M0000068
裁紙匠心,M0000127
裁紙匠心,M0000096
裁紙匠心,M0000006
裁紙匠心,M0000115
裁紙匠心,M0000129
裁紙匠心,M0000165
裁紙匠心,M0000105
裁紙匠心,M0000083
裁紙匠心,M0000055
裁紙匠心,M0000071
裁紙匠心,M0000056
裁紙匠心,M0000193
裁紙匠心,M0000126
裁紙匠心,M0000023
裁紙匠心,M0000067
裁紙匠心,M0000072
裁紙匠心,M0000075
裁紙匠心,M0000081
裁紙匠心,M0000047
裁紙匠心,M0000025
裁紙匠心,M0000016
裁紙匠心,M0000101
裁紙匠心,M0000183
裁紙匠心,M0000179
裁紙匠心,M0000160
裁紙匠心,M0000080
裁紙匠心,M0000023
裁紙匠心,M0000154
裁紙匠心,M0000041
陶之呼喚,M0000054
陶之呼喚,M0000170
陶之呼喚,M0000049
陶之呼喚,M0000072
陶之呼喚,M0000113
陶之呼喚,M0000187
陶之呼喚,M0000098
陶之呼喚,M0000006
陶之呼喚,M0000100
陶之呼喚,M0000072
陶之呼喚,M0000142
陶之呼喚,M0000190
陶之呼喚,M0000079
陶之呼喚,M0000008
陶之呼喚,M0000042
陶之呼喚,M0000129
陶之呼喚,M0000138
陶之呼喚,M0000151
陶之呼喚,M0000114
陶之呼喚,M0000069
陶之呼喚,M0000083
陶之呼喚,M0000069
陶之呼喚,M0000091
陶之呼喚,M0000021
泥濘日常,M0000163
泥濘日常,M0000180
泥濘日常,M0000187
泥濘日常,M0000054
泥濘日常,M0000156
泥濘日常,M0000147
泥濘日常,M0000076
泥濘日常,M0000150
泥濘日常,M0000093
泥濘日常,M0000035
泥濘日常,M0000116
泥濘日常,M0000047
泥濘日常,M0000183
泥濘日常,M0000174
泥濘日常,M0000182
泥濘日常,M0000104
泥濘日常,M0000193
泥濘日常,M0000007
泥濘日常,M0000015
泥濘日常,M0000161
微型陶刻,M0000178
微型陶刻,M0000154
微型陶刻,M0000147
微型陶刻,M0000074
微型陶刻,M0000039
微型陶刻,M0000047
微型陶刻,M0000129
微型陶刻,M0000193
微型陶刻,M0000016
微型陶刻,M0000037
微型陶刻,M0000056
微型陶刻,M0000143
微型陶刻,M0000044
微型陶刻,M0000173
斑斕陶室,M0000095
斑斕陶室,M0000046
斑斕陶室,M0000028
斑斕陶室,M0000027
斑斕陶室,M0000084
斑斕陶室,M0000191
斑斕陶室,M0000021
斑斕陶室,M0000011
斑斕陶室,M0000123
斑斕陶室,M0000050
斑斕陶室,M0000162
斑斕陶室,M0000027
斑斕陶室,M0000116
斑斕陶室,M0000090
斑斕陶室,M0000174
斑斕陶室,M0000100
斑斕陶室,M0000199
斑斕陶室,M0000008
斑斕陶室,M0000046
斑斕陶室,M0000183
斑斕陶室,M0000191
斑斕陶室,M0000121
斑斕陶室,M0000052
斑斕陶室,M0000104
斑斕陶室,M0000080
斑斕陶室,M0000150
斑斕陶室,M0000191
斑斕陶室,M0000198
斑斕陶室,M0000094
斑斕陶室,M0000151
斑斕陶室,M0000027
斑斕陶室,M0000148
斑斕陶室,M0000035
斑斕陶室,M0000171
斑斕陶室,M0000103
斑斕陶室,M0000110
斑斕陶室,M0000019
白瓷心語,M0000168
白瓷心語,M0000174
白瓷心語,M0000068
白瓷心語,M0000161
白瓷心語,M0000200
白瓷心語,M0000098
白瓷心語,M0000134
白瓷心語,M0000064
白瓷心語,M0000045
白瓷心語,M0000121
白瓷心語,M0000140
白瓷心語,M0000002
白瓷心語,M0000101
白瓷心語,M0000047
白瓷心語,M0000124
白瓷心語,M0000041
白瓷心語,M0000052
白瓷心語,M0000156
白瓷心語,M0000041
白瓷心語,M0000160
白瓷心語,M0000094
白瓷心語,M0000078
花語不朽,M0000129
花語不朽,M0000154
花語不朽,M0000033
花語不朽,M0000103
花語不朽,M0000146
花語不朽,M0000159
花語不朽,M0000039
花語不朽,M0000016
花語不朽,M0000059
花語不朽,M0000187
花語不朽,M0000120
花語不朽,M0000095
花語不朽,M0000179
花語不朽,M0000027
花語不朽,M0000076
花語不朽,M0000094
花語不朽,M0000192
花語不朽,M0000049
花語不朽,M0000063
花語不朽,M0000037
花語不朽,M0000065
花語不朽,M0000195
花語不朽,M0000150
花語不朽,M0000103
花語不朽,M0000079
花語不朽,M0000059
花語不朽,M0000137
花語不朽,M0000040
花語不朽,M0000125
花語不朽,M0000197
乾燥拾光,M0000035
乾燥拾光,M0000102
乾燥拾光,M0000176
乾燥拾光,M0000001
乾燥拾光,M0000067
乾燥拾光,M0000081
乾燥拾光,M0000185
乾燥拾光,M0000108
乾燥拾光,M0000173
乾燥拾光,M0000200
乾燥拾光,M0000051
乾燥拾光,M0000008
乾燥拾光,M0000057
乾燥拾光,M0000129
乾燥拾光,M0000110
乾燥拾光,M0000028
乾燥拾光,M0000190
花之微縮,M0000065
花之微縮,M0000138
花之微縮,M0000167
花之微縮,M0000100
花之微縮,M0000011
花之微縮,M0000199
花之微縮,M0000008
花之微縮,M0000189
花之微縮,M0000154
花之微縮,M0000171
花之微縮,M0000029
花之微縮,M0000163
花之微縮,M0000181
花之微縮,M0000149
花之微縮,M0000002
花之微縮,M0000055
花之微縮,M0000019
花之微縮,M0000087
花之微縮,M0000010
花之微縮,M0000070
花之微縮,M0000106
花之微縮,M0000096
輕舞花飾,M0000195
輕舞花飾,M0000042
輕舞花飾,M0000041
輕舞花飾,M0000169
輕舞花飾,M0000013
輕舞花飾,M0000112
輕舞花飾,M0000109
輕舞花飾,M0000184
輕舞花飾,M0000133
輕舞花飾,M0000101
輕舞花飾,M0000081
輕舞花飾,M0000102
輕舞花飾,M0000121
輕舞花飾,M0000078
輕舞花飾,M0000031
輕舞花飾,M0000105
輕舞花飾,M0000072
輕舞花飾,M0000190
輕舞花飾,M0000155
輕舞花飾,M0000154
輕舞花飾,M0000077
輕舞花飾,M0000053
輕舞花飾,M0000038
輕舞花飾,M0000128
輕舞花飾,M0000184
輕舞花飾,M0000012
輕舞花飾,M0000045
輕舞花飾,M0000084
森林絮語,M0000135
森林絮語,M0000015
森林絮語,M0000093
森林絮語,M0000189
森林絮語,M0000126
森林絮語,M0000195
森林絮語,M0000153
森林絮語,M0000028
森林絮語,M0000167
森林絮語,M0000040
森林絮語,M0000136
森林絮語,M0000060
森林絮語,M0000185
森林絮語,M0000104
森林絮語,M0000098
森林絮語,M0000131
森林絮語,M0000128
森林絮語,M0000002
森林絮語,M0000173
森林絮語,M0000110
森林絮語,M0000039
森林絮語,M0000098
森林絮語,M0000177
奶油森林,M0000109
奶油森林,M0000097
奶油森林,M0000136
奶油森林,M0000131
奶油森林,M0000120
奶油森林,M0000024
奶油森林,M0000039
奶油森林,M0000137
奶油森林,M0000042
奶油森林,M0000016
奶油森林,M0000194
奶油森林,M0000123
奶油森林,M0000181
奶油森林,M0000170
奶油森林,M0000058
奶油森林,M0000097
奶油森林,M0000154
奶油森林,M0000043
糖心故事,M0000101
糖心故事,M0000129
糖心故事,M0000084
糖心故事,M0000182
糖心故事,M0000105
糖心故事,M0000182
糖心故事,M0000189
糖心故事,M0000098
糖心故事,M0000012
糖心故事,M0000139
糖心故事,M0000136
糖心故事,M0000017
糖心故事,M0000025
麥香小徑,M0000011
麥香小徑,M0000052
麥香小徑,M0000073
麥香小徑,M0000182
麥香小徑,M0000133
麥香小徑,M0000025
麥香小徑,M0000092
麥香小徑,M0000059
麥香小徑,M0000142
麥香小徑,M0000058
麥香小徑,M0000031
巧思甜點,M0000172
巧思甜點,M0000102
巧思甜點,M0000198
巧思甜點,M0000145
巧思甜點,M0000134
巧思甜點,M0000137
巧思甜點,M0000089
巧思甜點,M0000174
巧思甜點,M0000094
巧思甜點,M0000074
巧思甜點,M0000064
巧思甜點,M0000186
巧思甜點,M0000138
巧思甜點,M0000098
巧思甜點,M0000088
巧思甜點,M0000081
巧思甜點,M0000087
巧思甜點,M0000148
巧思甜點,M0000183
巧思甜點,M0000038
巧思甜點,M0000079
巧思甜點,M0000054
巧思甜點,M0000009
巧思甜點,M0000193
巧思甜點,M0000196
巧思甜點,M0000132
巧思甜點,M0000112
巧思甜點,M0000096
巧思甜點,M0000167
巧思甜點,M0000152
巧思甜點,M0000141
巧思甜點,M0000078
巧思甜點,M0000101
巧思甜點,M0000029
巧思甜點,M0000043
巧思甜點,M0000113
巧思甜點,M0000129
微笑瑪德蓮,M0000033
微笑瑪德蓮,M0000176
微笑瑪德蓮,M0000066
微笑瑪德蓮,M0000004
微笑瑪德蓮,M0000136
微笑瑪德蓮,M0000071
微笑瑪德蓮,M0000156
微笑瑪德蓮,M0000050
微笑瑪德蓮,M0000198
微笑瑪德蓮,M0000098
微笑瑪德蓮,M0000184
微笑瑪德蓮,M0000020
微笑瑪德蓮,M0000160
微笑瑪德蓮,M0000098
微笑瑪德蓮,M0000032
微笑瑪德蓮,M0000058
微笑瑪德蓮,M0000151
微笑瑪德蓮,M0000098
微笑瑪德蓮,M0000001
微笑瑪德蓮,M0000092
微笑瑪德蓮,M0000116
微笑瑪德蓮,M0000183
微笑瑪德蓮,M0000029
微笑瑪德蓮,M0000077
微笑瑪德蓮,M0000087
微笑瑪德蓮,M0000135
想像漫步,M0000187
想像漫步,M0000045
想像漫步,M0000104
想像漫步,M0000011
想像漫步,M0000004
想像漫步,M0000200
想像漫步,M0000037
想像漫步,M0000147
想像漫步,M0000018
想像漫步,M0000191
想像漫步,M0000181
想像漫步,M0000068
想像漫步,M0000130
想像漫步,M0000007
想像漫步,M0000127
想像漫步,M0000124
想像漫步,M0000001
暗黑美學,M0000085
暗黑美學,M0000087
暗黑美學,M0000099
暗黑美學,M0000094
暗黑美學,M0000038
暗黑美學,M0000035
暗黑美學,M0000073
暗黑美學,M0000200
暗黑美學,M0000170
暗黑美學,M0000044
暗黑美學,M0000030
暗黑美學,M0000045
色塊生活,M0000178
色塊生活,M0000136
色塊生活,M0000147
色塊生活,M0000059
色塊生活,M0000114
色塊生活,M0000067
色塊生活,M0000085
色塊生活,M0000137
色塊生活,M0000193
色塊生活,M0000092
色塊生活,M0000065
色塊生活,M0000123
靈魂肖像,M0000165
靈魂肖像,M0000058
靈魂肖像,M0000114
靈魂肖像,M0000112
靈魂肖像,M0000074
靈魂肖像,M0000082
靈魂肖像,M0000097
靈魂肖像,M0000072
靈魂肖像,M0000147
靈魂肖像,M0000020
靈魂肖像,M0000007
靈魂肖像,M0000054
靈魂肖像,M0000194
夢境插畫室,M0000159
夢境插畫室,M0000198
夢境插畫室,M0000065
夢境插畫室,M0000029
夢境插畫室,M0000058
夢境插畫室,M0000094
夢境插畫室,M0000038
夢境插畫室,M0000141
夢境插畫室,M0000079
夢境插畫室,M0000068
夢境插畫室,M0000183
夢境插畫室,M0000188
夢境插畫室,M0000140
夢境插畫室,M0000121
夢境插畫室,M0000165
夢境插畫室,M0000094
夢境插畫室,M0000177
夢境插畫室,M0000066
夢境插畫室,M0000158
夢境插畫室,M0000126
夢境插畫室,M0000096
夢境插畫室,M0000018
夢境插畫室,M0000142
夢境插畫室,M0000192
夢境插畫室,M0000157
夢境插畫室,M0000142
夢境插畫室,M0000165
夢境插畫室,M0000019
夢境插畫室,M0000194
夢境插畫室,M0000057
夢境插畫室,M0000110
夢境插畫室,M0000033
夢境插畫室,M0000142
隱山茶作,M0000070
隱山茶作,M0000039
隱山茶作,M0000182
隱山茶作,M0000034
隱山茶作,M0000122
隱山茶作,M0000147
隱山茶作,M0000015
隱山茶作,M0000029
隱山茶作,M0000168
隱山茶作,M0000133
隱山茶作,M0000077
隱山茶作,M0000161
隱山茶作,M0000200
隱山茶作,M0000012
隱山茶作,M0000060
隱山茶作,M0000044
隱山茶作,M0000173
隱山茶作,M0000156
隱山茶作,M0000150
隱山茶作,M0000164
隱山茶作,M0000187
烘焙靈魂,M0000148
烘焙靈魂,M0000074
烘焙靈魂,M0000045
烘焙靈魂,M0000049
烘焙靈魂,M0000079
烘焙靈魂,M0000195
烘焙靈魂,M0000029
烘焙靈魂,M0000099
烘焙靈魂,M0000089
烘焙靈魂,M0000171
烘焙靈魂,M0000169
烘焙靈魂,M0000146
烘焙靈魂,M0000123
果茶日常,M0000098
果茶日常,M0000116
果茶日常,M0000186
果茶日常,M0000027
果茶日常,M0000110
果茶日常,M0000038
果茶日常,M0000125
果茶日常,M0000034
果茶日常,M0000200
果茶日常,M0000028
果茶日常,M0000128
果茶日常,M0000068
果茶日常,M0000094
果茶日常,M0000058
果茶日常,M0000083
果茶日常,M0000113
果茶日常,M0000172
果茶日常,M0000025
果茶日常,M0000085
果茶日常,M0000180
果茶日常,M0000053
果茶日常,M0000057
果茶日常,M0000043
果茶日常,M0000055
果茶日常,M0000154
果茶日常,M0000115
果茶日常,M0000134
果茶日常,M0000002
果茶日常,M0000200
果茶日常,M0000086
果茶日常,M0000176
果茶日常,M0000039
冷萃工坊,M0000047
冷萃工坊,M0000066
冷萃工坊,M0000096
冷萃工坊,M0000084
冷萃工坊,M0000162
冷萃工坊,M0000014
冷萃工坊,M0000160
冷萃工坊,M0000067
冷萃工坊,M0000021
冷萃工坊,M0000178
冷萃工坊,M0000157
冷萃工坊,M0000030
冷萃工坊,M0000105
冷萃工坊,M0000112
冷萃工坊,M0000186
冷萃工坊,M0000173
冷萃工坊,M0000113
冷萃工坊,M0000059
冷萃工坊,M0000067
冷萃工坊,M0000093
冷萃工坊,M0000040
冷萃工坊,M0000018
冷萃工坊,M0000038
冷萃工坊,M0000156
冷萃工坊,M0000185
冷萃工坊,M0000172
冷萃工坊,M0000129
晨光精品,M0000054
晨光精品,M0000155
晨光精品,M0000178
晨光精品,M0000124
晨光精品,M0000052
晨光精品,M0000104
晨光精品,M0000006
晨光精品,M0000146
晨光精品,M0000177
晨光精品,M0000021
晨光精品,M0000179
晨光精品,M0000137
晨光精品,M0000200
晨光精品,M0000021
晨光精品,M0000057
晨光精品,M0000034
晨光精品,M0000196
晨光精品,M0000035
晨光精品,M0000147
晨光精品,M0000072
晨光精品,M0000086
晨光精品,M0000102
晨光精品,M0000076
晨光精品,M0000190
晨光精品,M0000053
晨光精品,M0000146
晨光精品,M0000057
晨光精品,M0000079
晨光精品,M0000169
晨光精品,M0000117
晨光精品,M0000147
晨光精品,M0000126
晨光精品,M0000112
綠意角落,M0000034
綠意角落,M0000137
綠意角落,M0000071
綠意角落,M0000029
綠意角落,M0000168
綠意角落,M0000145
綠意角落,M0000115
綠意角落,M0000066
綠意角落,M0000106
綠意角落,M0000114
綠意角落,M0000111
綠意角落,M0000034
綠意角落,M0000189
綠意角落,M0000042
綠意角落,M0000183
綠意角落,M0000180
綠意角落,M0000114
綠意角落,M0000063
綠意角落,M0000132
綠意角落,M0000015
綠意角落,M0000051
綠意角落,M0000124
綠意角落,M0000114
綠意角落,M0000177
綠意角落,M0000195
綠意角落,M0000099
綠意角落,M0000079
綠意角落,M0000127
綠意角落,M0000063
綠意角落,M0000102
綠意角落,M0000022
綠意角落,M0000065
綠意角落,M0000107
綠意角落,M0000159
綠意角落,M0000077
綠意角落,M0000123
綠意角落,M0000087
綠意角落,M0000194
多肉萌芽,M0000015
多肉萌芽,M0000136
多肉萌芽,M0000033
多肉萌芽,M0000090
多肉萌芽,M0000184
多肉萌芽,M0000091
多肉萌芽,M0000057
多肉萌芽,M0000124
多肉萌芽,M0000159
多肉萌芽,M0000052
多肉萌芽,M0000170
多肉萌芽,M0000049
多肉萌芽,M0000081
多肉萌芽,M0000066
多肉萌芽,M0000066
多肉萌芽,M0000110
多肉萌芽,M0000109
多肉萌芽,M0000108
多肉萌芽,M0000082
多肉萌芽,M0000054
多肉萌芽,M0000102
多肉萌芽,M0000125
多肉萌芽,M0000036
多肉萌芽,M0000048
多肉萌芽,M0000031
苔影森林,M0000110
苔影森林,M0000181
苔影森林,M0000067
苔影森林,M0000196
苔影森林,M0000043
苔影森林,M0000184
苔影森林,M0000018
苔影森林,M0000199
苔影森林,M0000026
苔影森林,M0000052
苔影森林,M0000069
苔影森林,M0000030
苔影森林,M0000085
苔影森林,M0000133
苔影森林,M0000110
苔影森林,M0000081
苔影森林,M0000012
苔影森林,M0000128
苔影森林,M0000186
苔影森林,M0000009
苔影森林,M0000153
苔影森林,M0000089
苔影森林,M0000138
苔影森林,M0000015
苔影森林,M0000112
苔影森林,M0000186
苔影森林,M0000124
空氣花園,M0000073
空氣花園,M0000080
空氣花園,M0000138
空氣花園,M0000195
空氣花園,M0000020
空氣花園,M0000007
空氣花園,M0000182
空氣花園,M0000066
空氣花園,M0000071
空氣花園,M0000104
空氣花園,M0000065
空氣花園,M0000163
空氣花園,M0000140
空氣花園,M0000081
植感慢活,M0000141
植感慢活,M0000166
植感慢活,M0000086
植感慢活,M0000144
植感慢活,M0000014
植感慢活,M0000087
植感慢活,M0000112
植感慢活,M0000098
植感慢活,M0000009
植感慢活,M0000164
植感慢活,M0000148
植感慢活,M0000108
植感慢活,M0000058
植感慢活,M0000133
植感慢活,M0000081
植感慢活,M0000037
植感慢活,M0000035
植感慢活,M0000184
植感慢活,M0000145
植感慢活,M0000159
植感慢活,M0000179
植感慢活,M0000161
植感慢活,M0000035
植感慢活,M0000102
植感慢活,M0000004
植感慢活,M0000140
植感慢活,M0000147
植感慢活,M0000123
植感慢活,M0000082
植感慢活,M0000054
植感慢活,M0000076
植感慢活,M0000180
植感慢活,M0000107
滿意之禮,M0000093
滿意之禮,M0000067
滿意之禮,M0000099
滿意之禮,M0000038
滿意之禮,M0000054
滿意之禮,M0000020
滿意之禮,M0000079
滿意之禮,M0000148
滿意之禮,M0000006
滿意之禮,M0000026
滿意之禮,M0000084
滿意之禮,M0000046
滿意之禮,M0000101
滿意之禮,M0000077
滿意之禮,M0000019
滿意之禮,M0000189
滿意之禮,M0000197
滿意之禮,M0000039
滿意之禮,M0000116
滿意之禮,M0000102
滿意之禮,M0000100
滿意之禮,M0000041
滿意之禮,M0000018
滿意之禮,M0000083
滿意之禮,M0000137
滿意之禮,M0000199
滿意之禮,M0000130
滿意之禮,M0000142
滿意之禮,M0000032
輕語祝福,M0000035
輕語祝福,M0000183
輕語祝福,M0000083
輕語祝福,M0000106
輕語祝福,M0000005
輕語祝福,M0000114
輕語祝福,M0000176
輕語祝福,M0000026
輕語祝福,M0000103
輕語祝福,M0000118
輕語祝福,M0000200
輕語祝福,M0000078
輕語祝福,M0000177
輕語祝福,M0000121
輕語祝福,M0000182
輕語祝福,M0000015
輕語祝福,M0000123
輕語祝福,M0000002
輕語祝福,M0000141
輕語祝福,M0000065
輕語祝福,M0000056
輕語祝福,M0000036
輕語祝福,M0000163
輕語祝福,M0000173
輕語祝福,M0000080
輕語祝福,M0000080
輕語祝福,M0000046
輕語祝福,M0000057
輕語祝福,M0000082
輕語祝福,M0000126
輕語祝福,M0000135
輕語祝福,M0000003
輕語祝福,M0000161
輕語祝福,M0000101
輕語祝福,M0000056
輕語祝福,M0000158
輕語祝福,M0000030
紅韻賀禮,M0000188
紅韻賀禮,M0000157
紅韻賀禮,M0000072
紅韻賀禮,M0000105
紅韻賀禮,M0000177
紅韻賀禮,M0000130
紅韻賀禮,M0000060
紅韻賀禮,M0000045
紅韻賀禮,M0000008
紅韻賀禮,M0000069
紅韻賀禮,M0000093
紅韻賀禮,M0000161
紅韻賀禮,M0000077
紅韻賀禮,M0000146
紅韻賀禮,M0000130
紅韻賀禮,M0000146
紅韻賀禮,M0000128
紅韻賀禮,M0000030
紅韻賀禮,M0000152
紅韻賀禮,M0000137
紅韻賀禮,M0000070
紅韻賀禮,M0000015
紅韻賀禮,M0000063
紅韻賀禮,M0000125
紅韻賀禮,M0000116
紅韻賀禮,M0000028
紅韻賀禮,M0000156
禮之美學,M0000195
禮之美學,M0000005
禮之美學,M0000102
禮之美學,M0000029
禮之美學,M0000154
禮之美學,M0000025
禮之美學,M0000160
禮之美學,M0000088
禮之美學,M0000153
禮之美學,M0000129
禮之美學,M0000046
禮之美學,M0000151
禮之美學,M0000100
禮之美學,M0000008
禮之美學,M0000149
禮之美學,M0000004
客製驚喜,M0000156
客製驚喜,M0000170
客製驚喜,M0000143
客製驚喜,M0000127
客製驚喜,M0000040
客製驚喜,M0000159
客製驚喜,M0000084
客製驚喜,M0000125
客製驚喜,M0000141
客製驚喜,M0000166
客製驚喜,M0000008
客製驚喜,M0000170
客製驚喜,M0000179
客製驚喜,M0000090
客製驚喜,M0000169
客製驚喜,M0000034
客製驚喜,M0000041
客製驚喜,M0000035
客製驚喜,M0000096
客製驚喜,M0000034
客製驚喜,M0000180
客製驚喜,M0000098
客製驚喜,M0000163
客製驚喜,M0000189
客製驚喜,M0000037
客製驚喜,M0000069
客製驚喜,M0000154
客製驚喜,M0000122
客製驚喜,M0000156
織心工藝,M0000137
織心工藝,M0000114
織心工藝,M0000068
織心工藝,M0000113
織心工藝,M0000116
織心工藝,M0000140
織心工藝,M0000034
織心工藝,M0000117
織心工藝,M0000099
織心工藝,M0000111
織心工藝,M0000166
織心工藝,M0000122
織心工藝,M0000147
織心工藝,M0000062
織心工藝,M0000051
織心工藝,M0000085
織心工藝,M0000081
織心工藝,M0000071
織心工藝,M0000142
結之律動,M0000001
結之律動,M0000002
結之律動,M0000081
結之律動,M0000097
結之律動,M0000174
結之律動,M0000099
結之律動,M0000140
結之律動,M0000184
結之律動,M0000056
結之律動,M0000017
結之律動,M0000092
結之律動,M0000092
結之律動,M0000001
結之律動,M0000140
結之律動,M0000071
結之律動,M0000187
結之律動,M0000169
結之律動,M0000096
結之律動,M0000105
結之律動,M0000117
結之律動,M0000024
結之律動,M0000001
結之律動,M0000074
結之律動,M0000127
結之律動,M0000056
結之律動,M0000136
結之律動,M0000031
結之律動,M0000025
結之律動,M0000194
結之律動,M0000168
結之律動,M0000123
結之律動,M0000010
結之律動,M0000017
結之律動,M0000108
羊毛物語,M0000069
羊毛物語,M0000033
羊毛物語,M0000067
羊毛物語,M0000138
羊毛物語,M0000133
羊毛物語,M0000193
羊毛物語,M0000168
羊毛物語,M0000199
羊毛物語,M0000092
羊毛物語,M0000108
羊毛物語,M0000092
羊毛物語,M0000005
羊毛物語,M0000162
羊毛物語,M0000187
羊毛物語,M0000169
羊毛物語,M0000105
羊毛物語,M0000187
羊毛物語,M0000098
羊毛物語,M0000200
羊毛物語,M0000021
羊毛物語,M0000106
羊毛物語,M0000074
羊毛物語,M0000063
羊毛物語,M0000156
羊毛物語,M0000060
羊毛物語,M0000161
羊毛物語,M0000173
纖維實驗,M0000015
纖維實驗,M0000054
纖維實驗,M0000180
纖維實驗,M0000167
纖維實驗,M0000127
纖維實驗,M0000158
纖維實驗,M0000017
纖維實驗,M0000042
纖維實驗,M0000181
纖維實驗,M0000088
纖維實驗,M0000182
纖維實驗,M0000186
纖維實驗,M0000059
纖維實驗,M0000028
纖維實驗,M0000091
纖維實驗,M0000046
纖維實驗,M0000134
纖維實驗,M0000176
纖維實驗,M0000120
纖維實驗,M0000026
纖維實驗,M0000189
纖維實驗,M0000178
纖維實驗,M0000180
纖維實驗,M0000086
纖維實驗,M0000195
纖維實驗,M0000108
手感溫度,M0000076
手感溫度,M0000037
手感溫度,M0000051
手感溫度,M0000002
手感溫度,M0000161
手感溫度,M0000129
手感溫度,M0000101
手感溫度,M0000183
手感溫度,M0000083
手感溫度,M0000033
手感溫度,M0000042
手感溫度,M0000041
手感溫度,M0000117
手感溫度,M0000031
手感溫度,M0000052
手感溫度,M0000145
手感溫度,M0000066
手感溫度,M0000074
手感溫度,M0000112
手感溫度,M0000154
手感溫度,M0000015
手感溫度,M0000070
手感溫度,M0000136
手感溫度,M0000042
手感溫度,M0000055
手感溫度,M0000131
手感溫度,M0000098
手感溫度,M0000171
手感溫度,M0000067
手感溫度,M0000131
手感溫度,M0000049
手感溫度,M0000193
手感溫度,M0000196
手感溫度,M0000039
手感溫度,M0000184
手感溫度,M0000043
凝時之美,M0000076
凝時之美,M0000106
凝時之美,M0000192
凝時之美,M0000133
凝時之美,M0000035
凝時之美,M0000027
凝時之美,M0000152
凝時之美,M0000052
凝時之美,M0000034
凝時之美,M0000094
凝時之美,M0000110
凝時之美,M0000065
凝時之美,M0000191
凝時之美,M0000160
凝時之美,M0000024
幻彩樹脂,M0000162
幻彩樹脂,M0000072
幻彩樹脂,M0000053
幻彩樹脂,M0000123
幻彩樹脂,M0000034
幻彩樹脂,M0000084
幻彩樹脂,M0000200
幻彩樹脂,M0000122
幻彩樹脂,M0000136
幻彩樹脂,M0000165
幻彩樹脂,M0000150
幻彩樹脂,M0000128
幻彩樹脂,M0000140
幻彩樹脂,M0000041
幻彩樹脂,M0000043
幻彩樹脂,M0000104
幻彩樹脂,M0000083
幻彩樹脂,M0000019
幻彩樹脂,M0000019
幻彩樹脂,M0000113
幻彩樹脂,M0000072
幻彩樹脂,M0000069
幻彩樹脂,M0000162
幻彩樹脂,M0000011
幻彩樹脂,M0000070
幻彩樹脂,M0000030
幻彩樹脂,M0000002
幻彩樹脂,M0000109
幻彩樹脂,M0000052
幻彩樹脂,M0000163
幻彩樹脂,M0000035
海洋之心,M0000105
海洋之心,M0000012
海洋之心,M0000105
海洋之心,M0000102
海洋之心,M0000065
海洋之心,M0000157
海洋之心,M0000096
海洋之心,M0000084
海洋之心,M0000078
海洋之心,M0000175
海洋之心,M0000096
海洋之心,M0000183
海洋之心,M0000121
海洋之心,M0000138
海洋之心,M0000174
海洋之心,M0000048
海洋之心,M0000170
海洋之心,M0000170
海洋之心,M0000071
海洋之心,M0000109
海洋之心,M0000089
海洋之心,M0000087
海洋之心,M0000144
海洋之心,M0000012
海洋之心,M0000001
海洋之心,M0000186
海洋之心,M0000198
海洋之心,M0000035
海洋之心,M0000012
海洋之心,M0000120
海洋之心,M0000050
海洋之心,M0000001
海洋之心,M0000186
海洋之心,M0000133
海洋之心,M0000199
海洋之心,M0000113
海洋之心,M0000121
海洋之心,M0000196
硬派模組,M0000189
硬派模組,M0000006
硬派模組,M0000084
硬派模組,M0000024
硬派模組,M0000195
硬派模組,M0000113
硬派模組,M0000045
硬派模組,M0000108
硬派模組,M0000131
硬派模組,M0000073
硬派模組,M0000159
硬派模組,M0000021
硬派模組,M0000160
硬派模組,M0000091
硬派模組,M0000109
硬派模組,M0000196
硬派模組,M0000031
硬派模組,M0000184
硬派模組,M0000114
硬派模組,M0000180
硬派模組,M0000198
硬派模組,M0000107
硬派模組,M0000015
硬派模組,M0000124
硬派模組,M0000065
晶透日常,M0000038
晶透日常,M0000039
晶透日常,M0000185
晶透日常,M0000160
晶透日常,M0000134
晶透日常,M0000121
晶透日常,M0000027
晶透日常,M0000111
晶透日常,M0000096
晶透日常,M0000041
晶透日常,M0000183
晶透日常,M0000183
晶透日常,M0000193
晶透日常,M0000040
晶透日常,M0000022
晶透日常,M0000098
晶透日常,M0000191
晶透日常,M0000114
晶透日常,M0000145
晶透日常,M0000071
晶透日常,M0000097
晶透日常,M0000063
晶透日常,M0000192
晶透日常,M0000045
晶透日常,M0000120
晶透日常,M0000068
樂構世界,M0000013
樂構世界,M0000093
樂構世界,M0000002
樂構世界,M0000011
樂構世界,M0000170
樂構世界,M0000137
樂構世界,M0000187
樂構世界,M0000023
樂構世界,M0000145
樂構世界,M0000184
樂構世界,M0000106
樂構世界,M0000171
樂構世界,M0000199
木積工坊,M0000086
木積工坊,M0000171
木積工坊,M0000066
木積工坊,M0000142
木積工坊,M0000064
木積工坊,M0000006
木積工坊,M0000155
木積工坊,M0000186
木積工坊,M0000021
木積工坊,M0000076
木積工坊,M0000193
木積工坊,M0000031
木積工坊,M0000191
木積工坊,M0000164
木積工坊,M0000069
木積工坊,M0000076
木積工坊,M0000020
木積工坊,M0000056
木積工坊,M0000194
木積工坊,M0000141
木積工坊,M0000080
木積工坊,M0000089
像素藝術,M0000109
像素藝術,M0000082
像素藝術,M0000025
像素藝術,M0000097
像素藝術,M0000016
像素藝術,M0000004
像素藝術,M0000159
像素藝術,M0000165
像素藝術,M0000166
像素藝術,M0000044
像素藝術,M0000174
像素藝術,M0000081
像素藝術,M0000164
像素藝術,M0000006
像素藝術,M0000086
像素藝術,M0000019
像素藝術,M0000187
像素藝術,M0000039
像素藝術,M0000096
像素藝術,M0000130
像素藝術,M0000178
像素藝術,M0000117
像素藝術,M0000076
像素藝術,M0000008
像素藝術,M0000082
像素藝術,M0000079
像素藝術,M0000094
像素藝術,M0000048
像素藝術,M0000049
像素藝術,M0000119
像素藝術,M0000162
像素藝術,M0000067
像素藝術,M0000107
像素藝術,M0000188
動態機械,M0000180
動態機械,M0000192
動態機械,M0000120
動態機械,M0000069
動態機械,M0000030
動態機械,M0000141
動態機械,M0000013
動態機械,M0000143
動態機械,M0000044
動態機械,M0000104
動態機械,M0000199
動態機械,M0000180
動態機械,M0000167
動態機械,M0000137
動態機械,M0000068
動態機械,M0000087
動態機械,M0000057
動態機械,M0000064
動態機械,M0000044
動態機械,M0000148
動態機械,M0000164
動態機械,M0000101
動態機械,M0000141
動態機械,M0000153
動態機械,M0000010
動態機械,M0000137
動態機械,M0000052
動態機械,M0000043
動態機械,M0000090
動態機械,M0000163
動態機械,M0000021
動態機械,M0000188
動態機械,M0000178
動態機械,M0000152
動態機械,M0000025
微觀積木,M0000194
微觀積木,M0000095
微觀積木,M0000135
微觀積木,M0000183
微觀積木,M0000136
微觀積木,M0000014
微觀積木,M0000135
微觀積木,M0000176
微觀積木,M0000099
微觀積木,M0000194
微觀積木,M0000180
微觀積木,M0000195
微觀積木,M0000195
微觀積木,M0000038
微觀積木,M0000084
微觀積木,M0000176
微觀積木,M0000090
微觀積木,M0000062
微觀積木,M0000114
微觀積木,M0000120
微觀積木,M0000176
微觀積木,M0000157
微觀積木,M0000171
微觀積木,M0000155
微觀積木,M0000020
微觀積木,M0000159
微觀積木,M0000152
微觀積木,M0000101
續命計畫,M0000187
續命計畫,M0000184
續命計畫,M0000059
續命計畫,M0000003
續命計畫,M0000195
續命計畫,M0000065
續命計畫,M0000083
續命計畫,M0000008
續命計畫,M0000039
續命計畫,M0000033
續命計畫,M0000196
續命計畫,M0000126
續命計畫,M0000115
續命計畫,M0000162
續命計畫,M0000171
續命計畫,M0000085
續命計畫,M0000061
蜂蠟日常,M0000108
蜂蠟日常,M0000133
蜂蠟日常,M0000195
蜂蠟日常,M0000094
蜂蠟日常,M0000072
蜂蠟日常,M0000029
蜂蠟日常,M0000049
蜂蠟日常,M0000184
蜂蠟日常,M0000160
蜂蠟日常,M0000176
蜂蠟日常,M0000036
蜂蠟日常,M0000083
蜂蠟日常,M0000135
蜂蠟日常,M0000097
蜂蠟日常,M0000064
蜂蠟日常,M0000186
蜂蠟日常,M0000115
蜂蠟日常,M0000194
蜂蠟日常,M0000038
蜂蠟日常,M0000094
蜂蠟日常,M0000162
蜂蠟日常,M0000176
蜂蠟日常,M0000089
蜂蠟日常,M0000066
蜂蠟日常,M0000142
蜂蠟日常,M0000042
蜂蠟日常,M0000038
蜂蠟日常,M0000018
蜂蠟日常,M0000071
零廢棄室,M0000125
零廢棄室,M0000091
零廢棄室,M0000086
零廢棄室,M0000064
零廢棄室,M0000011
零廢棄室,M0000163
零廢棄室,M0000019
零廢棄室,M0000095
零廢棄室,M0000112
零廢棄室,M0000171
零廢棄室,M0000088
零廢棄室,M0000117
零廢棄室,M0000053
零廢棄室,M0000085
植感餐桌,M0000165
植感餐桌,M0000066
植感餐桌,M0000145
植感餐桌,M0000106
植感餐桌,M0000026
植感餐桌,M0000111
植感餐桌,M0000197
植感餐桌,M0000147
植感餐桌,M0000195
植感餐桌,M0000171
植感餐桌,M0000015
植感餐桌,M0000118
植感餐桌,M0000132
植感餐桌,M0000057
植感餐桌,M0000190
植感餐桌,M0000123
植感餐桌,M0000182
植感餐桌,M0000069
植感餐桌,M0000180
植感餐桌,M0000080
植感餐桌,M0000131
植感餐桌,M0000108
植感餐桌,M0000003
植感餐桌,M0000182
植感餐桌,M0000105
植感餐桌,M0000059
植感餐桌,M0000052
植感餐桌,M0000195
植感餐桌,M0000101
植感餐桌,M0000012
植感餐桌,M0000132
植感餐桌,M0000104
植感餐桌,M0000030
植感餐桌,M0000034
植感餐桌,M0000140
回甘手作,M0000063
回甘手作,M0000113
回甘手作,M0000096
回甘手作,M0000054
回甘手作,M0000055
回甘手作,M0000050
回甘手作,M0000011
回甘手作,M0000036
回甘手作,M0000143
回甘手作,M0000103
回甘手作,M0000125
回甘手作,M0000090
回甘手作,M0000035
回甘手作,M0000096
回甘手作,M0000200
回甘手作,M0000176
回甘手作,M0000038
回甘手作,M0000184
回甘手作,M0000107
回甘手作,M0000110
匠心泥像,M0000146
匠心泥像,M0000123
匠心泥像,M0000146
匠心泥像,M0000038
匠心泥像,M0000146
匠心泥像,M0000193
匠心泥像,M0000200
匠心泥像,M0000139
匠心泥像,M0000043
匠心泥像,M0000170
匠心泥像,M0000150
匠心泥像,M0000024
匠心泥像,M0000079
匠心泥像,M0000070
匠心泥像,M0000048
匠心泥像,M0000037
匠心泥像,M0000097
匠心泥像,M0000170
匠心泥像,M0000094
匠心泥像,M0000089
匠心泥像,M0000006
匠心泥像,M0000149
匠心泥像,M0000077
匠心泥像,M0000040
匠心泥像,M0000155
匠心泥像,M0000123
萌泥工作室,M0000038
萌泥工作室,M0000096
萌泥工作室,M0000153
萌泥工作室,M0000009
萌泥工作室,M0000129
萌泥工作室,M0000128
萌泥工作室,M0000028
萌泥工作室,M0000168
萌泥工作室,M0000182
萌泥工作室,M0000188
萌泥工作室,M0000190
萌泥工作室,M0000183
萌泥工作室,M0000034
萌泥工作室,M0000124
萌泥工作室,M0000190
萌泥工作室,M0000060
萌泥工作室,M0000160
萌泥工作室,M0000152
萌泥工作室,M0000178
萌泥工作室,M0000123
萌泥工作室,M0000158
萌泥工作室,M0000063
萌泥工作室,M0000103
萌泥工作室,M0000193
萌泥工作室,M0000074
萌泥工作室,M0000002
萌泥工作室,M0000159
萌泥工作室,M0000109
萌泥工作室,M0000144
萌泥工作室,M0000065
萌泥工作室,M0000088
萌泥工作室,M0000162
萌泥工作室,M0000108
萌泥工作室,M0000101
萌泥工作室,M0000114
萌泥工作室,M0000134
萌泥工作室,M0000110
萌泥工作室,M0000013
食玩小舖,M0000106
食玩小舖,M0000156
食玩小舖,M0000005
食玩小舖,M0000151
食玩小舖,M0000168
食玩小舖,M0000141
食玩小舖,M0000073
食玩小舖,M0000179
食玩小舖,M0000164
食玩小舖,M0000149
食玩小舖,M0000004
食玩小舖,M0000073
食玩小舖,M0000029
食玩小舖,M0000053
食玩小舖,M0000128
食玩小舖,M0000169
食玩小舖,M0000109
食玩小舖,M0000088
食玩小舖,M0000042
食玩小舖,M0000072
食玩小舖,M0000043
食玩小舖,M0000085
食玩小舖,M0000187
奇幻黏土,M0000114
奇幻黏土,M0000136
奇幻黏土,M0000188
奇幻黏土,M0000196
奇幻黏土,M0000174
奇幻黏土,M0000158
奇幻黏土,M0000021
奇幻黏土,M0000109
奇幻黏土,M0000193
奇幻黏土,M0000156
奇幻黏土,M0000158
奇幻黏土,M0000044
奇幻黏土,M0000180
奇幻黏土,M0000016
奇幻黏土,M0000077
奇幻黏土,M0000170
奇幻黏土,M0000018
奇幻黏土,M0000096
奇幻黏土,M0000030
奇幻黏土,M0000152
奇幻黏土,M0000115
奇幻黏土,M0000194
奇幻黏土,M0000079
奇幻黏土,M0000073
奇幻黏土,M0000103
奇幻黏土,M0000085
奇幻黏土,M0000178
奇幻黏土,M0000105
奇幻黏土,M0000132
奇幻黏土,M0000136
奇幻黏土,M0000011
奇幻黏土,M0000011
生活泥趣,M0000038
生活泥趣,M0000053
生活泥趣,M0000051
生活泥趣,M0000038
生活泥趣,M0000151
生活泥趣,M0000046
生活泥趣,M0000160
生活泥趣,M0000127
生活泥趣,M0000132
生活泥趣,M0000035
生活泥趣,M0000032
生活泥趣,M0000115
生活泥趣,M0000035
生活泥趣,M0000180
生活泥趣,M0000191
生活泥趣,M0000151
生活泥趣,M0000023
生活泥趣,M0000016
生活泥趣,M0000089
生活泥趣,M0000085
生活泥趣,M0000122
生活泥趣,M0000005
生活泥趣,M0000174
生活泥趣,M0000141
生活泥趣,M0000049
生活泥趣,M0000056
膠卷時光,M0000037
膠卷時光,M0000091
膠卷時光,M0000065
膠卷時光,M0000138
膠卷時光,M0000150
膠卷時光,M0000054
膠卷時光,M0000184
膠卷時光,M0000187
膠卷時光,M0000143
膠卷時光,M0000182
膠卷時光,M0000146
膠卷時光,M0000134
膠卷時光,M0000077
膠卷時光,M0000194
膠卷時光,M0000031
膠卷時光,M0000002
膠卷時光,M0000082
膠卷時光,M0000060
膠卷時光,M0000108
膠卷時光,M0000127
膠卷時光,M0000090
膠卷時光,M0000105
膠卷時光,M0000093
膠卷時光,M0000019
膠卷時光,M0000067
膠卷時光,M0000181
膠卷時光,M0000049
膠卷時光,M0000164
膠卷時光,M0000017
膠卷時光,M0000129
膠卷時光,M0000018
膠卷時光,M0000149
膠卷時光,M0000081
膠卷時光,M0000079
膠卷時光,M0000034
膠卷時光,M0000003
膠卷時光,M0000073
膠卷時光,M0000068
膠卷時光,M0000025
瞬間之影,M0000153
瞬間之影,M0000071
瞬間之影,M0000060
瞬間之影,M0000135
瞬間之影,M0000129
瞬間之影,M0000102
瞬間之影,M0000041
瞬間之影,M0000187
瞬間之影,M0000024
瞬間之影,M0000042
瞬間之影,M0000164
瞬間之影,M0000047
瞬間之影,M0000149
瞬間之影,M0000074
瞬間之影,M0000117
瞬間之影,M0000074
瞬間之影,M0000068
瞬間之影,M0000029
瞬間之影,M0000150
瞬間之影,M0000049
瞬間之影,M0000113
大地色彩,M0000024
大地色彩,M0000116
大地色彩,M0000103
大地色彩,M0000137
大地色彩,M0000127
大地色彩,M0000132
大地色彩,M0000034
大地色彩,M0000122
大地色彩,M0000036
大地色彩,M0000122
大地色彩,M0000191
大地色彩,M0000125
微距視界,M0000113
微距視界,M0000139
微距視界,M0000126
微距視界,M0000026
微距視界,M0000126
微距視界,M0000088
微距視界,M0000143
微距視界,M0000003
微距視界,M0000153
微距視界,M0000051
微距視界,M0000179
微距視界,M0000086
微距視界,M0000168
微距視界,M0000022
微距視界,M0000174
微距視界,M0000001
詩意人像,M0000084
詩意人像,M0000125
詩意人像,M0000046
詩意人像,M0000021
詩意人像,M0000022
詩意人像,M0000182
詩意人像,M0000074
詩意人像,M0000056
詩意人像,M0000126
詩意人像,M0000151
詩意人像,M0000107
詩意人像,M0000030
詩意人像,M0000197
詩意人像,M0000149
