CsvCommentID,CsvPostID,MemberID,Content
C000001,P000001,M0000109,這篇真的很有意思！
C000002,P000001,M0000129,作品看起來很棒！
C000003,P000001,M0000139,看起來很有溫度
C000004,P000001,M0000125,想知道製作過程可以分享更多嗎？
C000005,P000001,M0000032,好喜歡這種風格
C000006,P000002,M0000029,有機會會想收藏一件
C000007,P000002,M0000010,好喜歡這種風格
C000008,P000002,M0000139,有機會會想收藏一件
C000009,P000002,M0000004,這個設計很有特色
C000010,P000003,M0000167,想知道製作過程可以分享更多嗎？
C000011,P000003,M0000099,有機會會想收藏一件
C000012,P000003,M0000160,請問這個材料是哪裡買的？
C000013,P000003,M0000144,請問這個材料是哪裡買的？
C000014,P000003,M0000183,好喜歡這種風格
C000015,P000003,M0000116,請問這個材料是哪裡買的？
C000016,P000004,M0000143,作品看起來很棒！
C000017,P000004,M0000069,想知道製作過程可以分享更多嗎？
C000018,P000004,M0000069,作品看起來很棒！
C000019,P000004,M0000136,這篇真的很有意思！
C000020,P000004,M0000163,有機會會想收藏一件
C000021,P000004,M0000091,我也遇過類似的問題
C000022,P000005,M0000072,作品看起來很棒！
C000023,P000005,M0000077,這篇真的很有意思！
C000024,P000005,M0000133,這個設計很有特色
C000025,P000005,M0000006,我也遇過類似的問題
C000026,P000005,M0000040,作品看起來很棒！
C000027,P000005,M0000125,作品看起來很棒！
C000028,P000005,M0000006,有機會會想收藏一件
C000029,P000006,M0000177,作品看起來很棒！
C000030,P000006,M0000179,有機會會想收藏一件
C000031,P000006,M0000107,作品看起來很棒！
C000032,P000006,M0000196,好喜歡這種風格
C000033,P000006,M0000051,這個設計很有特色
C000034,P000006,M0000016,請問這個材料是哪裡買的？
C000035,P000006,M0000144,看起來很有溫度
C000036,P000007,M0000152,作品看起來很棒！
C000037,P000007,M0000059,好喜歡這種風格
C000038,P000007,M0000037,這個設計很有特色
C000039,P000007,M0000152,有機會會想收藏一件
C000040,P000008,M0000050,這個設計很有特色
C000041,P000008,M0000093,好喜歡這種風格
C000042,P000008,M0000079,這篇真的很有意思！
C000043,P000009,M0000115,作品看起來很棒！
C000044,P000009,M0000007,好喜歡這種風格
C000045,P000009,M0000148,有機會會想收藏一件
C000046,P000009,M0000148,請問這個材料是哪裡買的？
C000047,P000010,M0000101,想知道製作過程可以分享更多嗎？
C000048,P000010,M0000121,我也遇過類似的問題
C000049,P000010,M0000189,看起來很有溫度
C000050,P000010,M0000195,請問這個材料是哪裡買的？
C000051,P000010,M0000171,好喜歡這種風格
C000052,P000010,M0000031,創作理念很打動人
C000053,P000011,M0000079,請問這個材料是哪裡買的？
C000054,P000011,M0000124,我也遇過類似的問題
C000055,P000011,M0000113,作品看起來很棒！
C000056,P000011,M0000121,有機會會想收藏一件
C000057,P000011,M0000126,創作理念很打動人
C000058,P000011,M0000115,這篇真的很有意思！
C000059,P000012,M0000068,作品看起來很棒！
C000060,P000012,M0000002,我也遇過類似的問題
C000061,P000012,M0000052,創作理念很打動人
C000062,P000012,M0000168,這篇真的很有意思！
C000063,P000012,M0000113,想知道製作過程可以分享更多嗎？
C000064,P000013,M0000133,作品看起來很棒！
C000065,P000013,M0000169,作品看起來很棒！
C000066,P000013,M0000090,好喜歡這種風格
C000067,P000013,M0000094,請問這個材料是哪裡買的？
C000068,P000014,M0000161,作品看起來很棒！
C000069,P000014,M0000133,創作理念很打動人
C000070,P000014,M0000034,請問這個材料是哪裡買的？
C000071,P000014,M0000118,有機會會想收藏一件
C000072,P000014,M0000103,作品看起來很棒！
C000073,P000015,M0000167,想知道製作過程可以分享更多嗎？
C000074,P000015,M0000062,好喜歡這種風格
C000075,P000015,M0000190,看起來很有溫度
C000076,P000015,M0000024,請問這個材料是哪裡買的？
C000077,P000016,M0000152,有機會會想收藏一件
C000078,P000016,M0000171,這篇真的很有意思！
C000079,P000016,M0000192,我也遇過類似的問題
C000080,P000017,M0000031,有機會會想收藏一件
C000081,P000017,M0000013,請問這個材料是哪裡買的？
C000082,P000017,M0000070,這個設計很有特色
C000083,P000017,M0000033,作品看起來很棒！
C000084,P000017,M0000041,創作理念很打動人
C000085,P000017,M0000170,創作理念很打動人
C000086,P000018,M0000038,作品看起來很棒！
C000087,P000018,M0000066,看起來很有溫度
C000088,P000018,M0000096,我也遇過類似的問題
C000089,P000019,M0000062,這個設計很有特色
C000090,P000019,M0000200,看起來很有溫度
C000091,P000019,M0000037,作品看起來很棒！
C000092,P000020,M0000194,想知道製作過程可以分享更多嗎？
C000093,P000020,M0000097,看起來很有溫度
C000094,P000020,M0000074,創作理念很打動人
C000095,P000021,M0000198,這個設計很有特色
C000096,P000021,M0000143,我也遇過類似的問題
C000097,P000021,M0000097,我也遇過類似的問題
C000098,P000022,M0000192,看起來很有溫度
C000099,P000022,M0000047,看起來很有溫度
C000100,P000022,M0000022,想知道製作過程可以分享更多嗎？
C000101,P000023,M0000106,看起來很有溫度
C000102,P000023,M0000152,好喜歡這種風格
C000103,P000023,M0000183,這篇真的很有意思！
C000104,P000023,M0000123,看起來很有溫度
C000105,P000023,M0000059,我也遇過類似的問題
C000106,P000024,M0000073,這篇真的很有意思！
C000107,P000024,M0000179,有機會會想收藏一件
C000108,P000024,M0000128,請問這個材料是哪裡買的？
C000109,P000024,M0000124,我也遇過類似的問題
C000110,P000025,M0000142,我也遇過類似的問題
C000111,P000025,M0000180,看起來很有溫度
C000112,P000025,M0000028,請問這個材料是哪裡買的？
C000113,P000025,M0000128,看起來很有溫度
C000114,P000026,M0000193,看起來很有溫度
C000115,P000026,M0000080,作品看起來很棒！
C000116,P000026,M0000167,這個設計很有特色
C000117,P000026,M0000135,我也遇過類似的問題
C000118,P000026,M0000017,創作理念很打動人
C000119,P000027,M0000045,有機會會想收藏一件
C000120,P000027,M0000081,這個設計很有特色
C000121,P000027,M0000065,這篇真的很有意思！
C000122,P000027,M0000199,有機會會想收藏一件
C000123,P000027,M0000156,有機會會想收藏一件
C000124,P000028,M0000077,這個設計很有特色
C000125,P000028,M0000174,想知道製作過程可以分享更多嗎？
C000126,P000028,M0000075,我也遇過類似的問題
C000127,P000028,M0000018,想知道製作過程可以分享更多嗎？
C000128,P000028,M0000177,我也遇過類似的問題
C000129,P000029,M0000005,好喜歡這種風格
C000130,P000029,M0000035,看起來很有溫度
C000131,P000029,M0000032,這個設計很有特色
C000132,P000029,M0000102,想知道製作過程可以分享更多嗎？
C000133,P000029,M0000023,看起來很有溫度
C000134,P000030,M0000158,請問這個材料是哪裡買的？
C000135,P000030,M0000167,作品看起來很棒！
C000136,P000030,M0000019,有機會會想收藏一件
C000137,P000030,M0000044,看起來很有溫度
C000138,P000031,M0000012,創作理念很打動人
C000139,P000031,M0000059,這篇真的很有意思！
C000140,P000031,M0000054,這篇真的很有意思！
C000141,P000031,M0000069,這個設計很有特色
C000142,P000031,M0000180,想知道製作過程可以分享更多嗎？
C000143,P000032,M0000101,好喜歡這種風格
C000144,P000032,M0000121,我也遇過類似的問題
C000145,P000032,M0000187,這篇真的很有意思！
C000146,P000032,M0000035,這個設計很有特色
C000147,P000033,M0000128,這篇真的很有意思！
C000148,P000033,M0000196,創作理念很打動人
C000149,P000033,M0000005,這篇真的很有意思！
C000150,P000033,M0000173,好喜歡這種風格
C000151,P000033,M0000076,我也遇過類似的問題
C000152,P000034,M0000175,我也遇過類似的問題
C000153,P000034,M0000059,我也遇過類似的問題
C000154,P000034,M0000071,有機會會想收藏一件
C000155,P000034,M0000050,好喜歡這種風格
C000156,P000034,M0000094,這個設計很有特色
C000157,P000034,M0000136,想知道製作過程可以分享更多嗎？
C000158,P000034,M0000102,有機會會想收藏一件
C000159,P000035,M0000061,請問這個材料是哪裡買的？
C000160,P000035,M0000119,我也遇過類似的問題
C000161,P000035,M0000100,這個設計很有特色
C000162,P000035,M0000145,請問這個材料是哪裡買的？
C000163,P000035,M0000060,請問這個材料是哪裡買的？
C000164,P000035,M0000049,有機會會想收藏一件
C000165,P000036,M0000174,看起來很有溫度
C000166,P000036,M0000045,好喜歡這種風格
C000167,P000036,M0000043,我也遇過類似的問題
C000168,P000036,M0000138,請問這個材料是哪裡買的？
C000169,P000036,M0000060,有機會會想收藏一件
C000170,P000037,M0000178,好喜歡這種風格
C000171,P000037,M0000189,這個設計很有特色
C000172,P000037,M0000077,看起來很有溫度
C000173,P000038,M0000125,這個設計很有特色
C000174,P000038,M0000042,想知道製作過程可以分享更多嗎？
C000175,P000038,M0000179,有機會會想收藏一件
C000176,P000038,M0000155,這個設計很有特色
C000177,P000039,M0000076,好喜歡這種風格
C000178,P000039,M0000021,看起來很有溫度
C000179,P000039,M0000004,我也遇過類似的問題
C000180,P000040,M0000035,這篇真的很有意思！
C000181,P000040,M0000037,想知道製作過程可以分享更多嗎？
C000182,P000040,M0000033,想知道製作過程可以分享更多嗎？
C000183,P000040,M0000146,這個設計很有特色
C000184,P000041,M0000128,這篇真的很有意思！
C000185,P000041,M0000014,看起來很有溫度
C000186,P000041,M0000054,有機會會想收藏一件
C000187,P000042,M0000107,請問這個材料是哪裡買的？
C000188,P000042,M0000027,有機會會想收藏一件
C000189,P000042,M0000106,我也遇過類似的問題
C000190,P000042,M0000119,這篇真的很有意思！
C000191,P000042,M0000115,好喜歡這種風格
C000192,P000042,M0000011,這篇真的很有意思！
C000193,P000042,M0000094,我也遇過類似的問題
C000194,P000043,M0000168,好喜歡這種風格
C000195,P000043,M0000194,創作理念很打動人
C000196,P000043,M0000192,作品看起來很棒！
C000197,P000043,M0000195,想知道製作過程可以分享更多嗎？
C000198,P000043,M0000027,好喜歡這種風格
C000199,P000043,M0000106,看起來很有溫度
C000200,P000043,M0000008,創作理念很打動人
C000201,P000044,M0000001,這篇真的很有意思！
C000202,P000044,M0000045,看起來很有溫度
C000203,P000044,M0000151,這篇真的很有意思！
C000204,P000044,M0000166,請問這個材料是哪裡買的？
C000205,P000044,M0000169,看起來很有溫度
C000206,P000045,M0000011,這個設計很有特色
C000207,P000045,M0000163,這個設計很有特色
C000208,P000045,M0000023,這篇真的很有意思！
C000209,P000046,M0000017,看起來很有溫度
C000210,P000046,M0000131,這個設計很有特色
C000211,P000046,M0000155,想知道製作過程可以分享更多嗎？
C000212,P000046,M0000078,這個設計很有特色
C000213,P000047,M0000130,好喜歡這種風格
C000214,P000047,M0000167,創作理念很打動人
C000215,P000047,M0000088,好喜歡這種風格
C000216,P000048,M0000189,這篇真的很有意思！
C000217,P000048,M0000085,我也遇過類似的問題
C000218,P000048,M0000119,請問這個材料是哪裡買的？
C000219,P000048,M0000184,這篇真的很有意思！
C000220,P000048,M0000196,好喜歡這種風格
C000221,P000049,M0000012,作品看起來很棒！
C000222,P000049,M0000001,請問這個材料是哪裡買的？
C000223,P000049,M0000007,作品看起來很棒！
C000224,P000049,M0000138,有機會會想收藏一件
C000225,P000050,M0000170,請問這個材料是哪裡買的？
C000226,P000050,M0000066,這篇真的很有意思！
C000227,P000050,M0000100,這篇真的很有意思！
C000228,P000050,M0000155,好喜歡這種風格
C000229,P000051,M0000184,有機會會想收藏一件
C000230,P000051,M0000004,我也遇過類似的問題
C000231,P000051,M0000046,有機會會想收藏一件
C000232,P000052,M0000114,這個設計很有特色
C000233,P000052,M0000002,這篇真的很有意思！
C000234,P000052,M0000044,這個設計很有特色
C000235,P000052,M0000171,我也遇過類似的問題
C000236,P000052,M0000054,作品看起來很棒！
C000237,P000052,M0000127,好喜歡這種風格
C000238,P000052,M0000171,有機會會想收藏一件
C000239,P000053,M0000157,這篇真的很有意思！
C000240,P000053,M0000069,看起來很有溫度
C000241,P000053,M0000089,這篇真的很有意思！
C000242,P000053,M0000128,我也遇過類似的問題
C000243,P000054,M0000194,好喜歡這種風格
C000244,P000054,M0000154,這個設計很有特色
C000245,P000054,M0000144,請問這個材料是哪裡買的？
C000246,P000054,M0000131,好喜歡這種風格
C000247,P000054,M0000079,這篇真的很有意思！
C000248,P000055,M0000146,有機會會想收藏一件
C000249,P000055,M0000079,有機會會想收藏一件
C000250,P000055,M0000061,有機會會想收藏一件
C000251,P000055,M0000117,這篇真的很有意思！
C000252,P000055,M0000050,想知道製作過程可以分享更多嗎？
C000253,P000055,M0000092,看起來很有溫度
C000254,P000055,M0000034,有機會會想收藏一件
C000255,P000056,M0000078,有機會會想收藏一件
C000256,P000056,M0000020,作品看起來很棒！
C000257,P000056,M0000089,這個設計很有特色
C000258,P000056,M0000042,這個設計很有特色
C000259,P000056,M0000018,看起來很有溫度
C000260,P000056,M0000175,好喜歡這種風格
C000261,P000056,M0000040,我也遇過類似的問題
C000262,P000057,M0000090,我也遇過類似的問題
C000263,P000057,M0000008,有機會會想收藏一件
C000264,P000057,M0000121,看起來很有溫度
C000265,P000057,M0000176,這個設計很有特色
C000266,P000057,M0000187,有機會會想收藏一件
C000267,P000058,M0000071,作品看起來很棒！
C000268,P000058,M0000104,想知道製作過程可以分享更多嗎？
C000269,P000058,M0000151,這個設計很有特色
C000270,P000058,M0000189,想知道製作過程可以分享更多嗎？
C000271,P000058,M0000118,看起來很有溫度
C000272,P000058,M0000022,想知道製作過程可以分享更多嗎？
C000273,P000059,M0000039,作品看起來很棒！
C000274,P000059,M0000164,想知道製作過程可以分享更多嗎？
C000275,P000059,M0000039,這篇真的很有意思！
C000276,P000059,M0000164,這篇真的很有意思！
C000277,P000059,M0000030,想知道製作過程可以分享更多嗎？
C000278,P000059,M0000162,有機會會想收藏一件
C000279,P000060,M0000044,這個設計很有特色
C000280,P000060,M0000199,好喜歡這種風格
C000281,P000060,M0000076,我也遇過類似的問題
C000282,P000060,M0000157,想知道製作過程可以分享更多嗎？
C000283,P000061,M0000113,這篇真的很有意思！
C000284,P000061,M0000100,好喜歡這種風格
C000285,P000061,M0000116,創作理念很打動人
C000286,P000062,M0000012,我也遇過類似的問題
C000287,P000062,M0000075,這個設計很有特色
C000288,P000062,M0000089,創作理念很打動人
C000289,P000062,M0000142,作品看起來很棒！
C000290,P000062,M0000039,想知道製作過程可以分享更多嗎？
C000291,P000063,M0000101,我也遇過類似的問題
C000292,P000063,M0000149,創作理念很打動人
C000293,P000063,M0000169,想知道製作過程可以分享更多嗎？
C000294,P000064,M0000117,我也遇過類似的問題
C000295,P000064,M0000113,看起來很有溫度
C000296,P000064,M0000191,創作理念很打動人
C000297,P000064,M0000182,想知道製作過程可以分享更多嗎？
C000298,P000064,M0000015,看起來很有溫度
C000299,P000064,M0000027,好喜歡這種風格
C000300,P000065,M0000062,請問這個材料是哪裡買的？
C000301,P000065,M0000038,作品看起來很棒！
C000302,P000065,M0000187,好喜歡這種風格
C000303,P000066,M0000096,看起來很有溫度
C000304,P000066,M0000146,請問這個材料是哪裡買的？
C000305,P000066,M0000194,這個設計很有特色
C000306,P000066,M0000037,好喜歡這種風格
C000307,P000066,M0000200,想知道製作過程可以分享更多嗎？
C000308,P000067,M0000049,好喜歡這種風格
C000309,P000067,M0000139,請問這個材料是哪裡買的？
C000310,P000067,M0000162,看起來很有溫度
C000311,P000067,M0000150,看起來很有溫度
C000312,P000067,M0000150,我也遇過類似的問題
C000313,P000068,M0000104,請問這個材料是哪裡買的？
C000314,P000068,M0000133,這篇真的很有意思！
C000315,P000068,M0000084,看起來很有溫度
C000316,P000068,M0000122,我也遇過類似的問題
C000317,P000068,M0000176,想知道製作過程可以分享更多嗎？
C000318,P000068,M0000082,我也遇過類似的問題
C000319,P000068,M0000162,看起來很有溫度
C000320,P000069,M0000082,有機會會想收藏一件
C000321,P000069,M0000134,想知道製作過程可以分享更多嗎？
C000322,P000069,M0000027,作品看起來很棒！
C000323,P000070,M0000092,作品看起來很棒！
C000324,P000070,M0000108,好喜歡這種風格
C000325,P000070,M0000024,作品看起來很棒！
C000326,P000070,M0000158,好喜歡這種風格
C000327,P000070,M0000054,這篇真的很有意思！
C000328,P000070,M0000158,這篇真的很有意思！
C000329,P000070,M0000088,看起來很有溫度
C000330,P000071,M0000185,請問這個材料是哪裡買的？
C000331,P000071,M0000131,想知道製作過程可以分享更多嗎？
C000332,P000071,M0000013,有機會會想收藏一件
C000333,P000071,M0000037,想知道製作過程可以分享更多嗎？
C000334,P000071,M0000125,這篇真的很有意思！
C000335,P000072,M0000082,創作理念很打動人
C000336,P000072,M0000057,作品看起來很棒！
C000337,P000072,M0000125,好喜歡這種風格
C000338,P000072,M0000034,看起來很有溫度
C000339,P000072,M0000073,這個設計很有特色
C000340,P000072,M0000095,想知道製作過程可以分享更多嗎？
C000341,P000072,M0000006,想知道製作過程可以分享更多嗎？
C000342,P000073,M0000102,這個設計很有特色
C000343,P000073,M0000014,想知道製作過程可以分享更多嗎？
C000344,P000073,M0000158,請問這個材料是哪裡買的？
C000345,P000074,M0000083,創作理念很打動人
C000346,P000074,M0000118,好喜歡這種風格
C000347,P000074,M0000147,我也遇過類似的問題
C000348,P000074,M0000196,這篇真的很有意思！
C000349,P000074,M0000079,這個設計很有特色
C000350,P000074,M0000027,創作理念很打動人
C000351,P000074,M0000087,這篇真的很有意思！
C000352,P000075,M0000116,這個設計很有特色
C000353,P000075,M0000035,有機會會想收藏一件
C000354,P000075,M0000071,好喜歡這種風格
C000355,P000075,M0000184,這篇真的很有意思！
C000356,P000075,M0000144,作品看起來很棒！
C000357,P000075,M0000147,我也遇過類似的問題
C000358,P000075,M0000081,這個設計很有特色
C000359,P000076,M0000176,這個設計很有特色
C000360,P000076,M0000009,這個設計很有特色
C000361,P000076,M0000136,創作理念很打動人
C000362,P000076,M0000095,有機會會想收藏一件
C000363,P000076,M0000074,想知道製作過程可以分享更多嗎？
C000364,P000077,M0000153,我也遇過類似的問題
C000365,P000077,M0000057,想知道製作過程可以分享更多嗎？
C000366,P000077,M0000197,這個設計很有特色
C000367,P000077,M0000174,好喜歡這種風格
C000368,P000078,M0000169,看起來很有溫度
C000369,P000078,M0000179,作品看起來很棒！
C000370,P000078,M0000164,創作理念很打動人
C000371,P000078,M0000044,創作理念很打動人
C000372,P000079,M0000079,我也遇過類似的問題
C000373,P000079,M0000133,有機會會想收藏一件
C000374,P000079,M0000095,想知道製作過程可以分享更多嗎？
C000375,P000080,M0000033,這篇真的很有意思！
C000376,P000080,M0000070,我也遇過類似的問題
C000377,P000080,M0000152,作品看起來很棒！
C000378,P000080,M0000101,創作理念很打動人
C000379,P000080,M0000108,有機會會想收藏一件
C000380,P000080,M0000023,這篇真的很有意思！
C000381,P000080,M0000115,看起來很有溫度
C000382,P000081,M0000042,創作理念很打動人
C000383,P000081,M0000037,有機會會想收藏一件
C000384,P000081,M0000058,作品看起來很棒！
C000385,P000081,M0000154,好喜歡這種風格
C000386,P000081,M0000057,我也遇過類似的問題
C000387,P000082,M0000128,請問這個材料是哪裡買的？
C000388,P000082,M0000154,我也遇過類似的問題
C000389,P000082,M0000131,好喜歡這種風格
C000390,P000082,M0000113,好喜歡這種風格
C000391,P000082,M0000049,請問這個材料是哪裡買的？
C000392,P000082,M0000198,作品看起來很棒！
C000393,P000082,M0000177,創作理念很打動人
C000394,P000083,M0000102,請問這個材料是哪裡買的？
C000395,P000083,M0000071,想知道製作過程可以分享更多嗎？
C000396,P000083,M0000022,看起來很有溫度
C000397,P000083,M0000013,想知道製作過程可以分享更多嗎？
C000398,P000083,M0000192,好喜歡這種風格
C000399,P000083,M0000179,作品看起來很棒！
C000400,P000084,M0000014,創作理念很打動人
C000401,P000084,M0000084,這篇真的很有意思！
C000402,P000084,M0000118,這篇真的很有意思！
C000403,P000084,M0000181,想知道製作過程可以分享更多嗎？
C000404,P000084,M0000107,看起來很有溫度
C000405,P000084,M0000172,想知道製作過程可以分享更多嗎？
C000406,P000084,M0000103,想知道製作過程可以分享更多嗎？
C000407,P000085,M0000059,作品看起來很棒！
C000408,P000085,M0000058,創作理念很打動人
C000409,P000085,M0000145,這篇真的很有意思！
C000410,P000086,M0000053,創作理念很打動人
C000411,P000086,M0000049,好喜歡這種風格
C000412,P000086,M0000081,有機會會想收藏一件
C000413,P000086,M0000150,創作理念很打動人
C000414,P000086,M0000177,有機會會想收藏一件
C000415,P000086,M0000133,作品看起來很棒！
C000416,P000086,M0000119,看起來很有溫度
C000417,P000087,M0000065,這個設計很有特色
C000418,P000087,M0000170,看起來很有溫度
C000419,P000087,M0000018,請問這個材料是哪裡買的？
C000420,P000087,M0000132,請問這個材料是哪裡買的？
C000421,P000087,M0000011,創作理念很打動人
C000422,P000087,M0000181,請問這個材料是哪裡買的？
C000423,P000087,M0000123,我也遇過類似的問題
C000424,P000088,M0000054,好喜歡這種風格
C000425,P000088,M0000130,好喜歡這種風格
C000426,P000088,M0000144,這個設計很有特色
C000427,P000088,M0000037,這個設計很有特色
C000428,P000089,M0000059,看起來很有溫度
C000429,P000089,M0000172,看起來很有溫度
C000430,P000089,M0000011,好喜歡這種風格
C000431,P000089,M0000172,請問這個材料是哪裡買的？
C000432,P000089,M0000122,有機會會想收藏一件
C000433,P000090,M0000058,有機會會想收藏一件
C000434,P000090,M0000025,想知道製作過程可以分享更多嗎？
C000435,P000090,M0000157,作品看起來很棒！
C000436,P000090,M0000044,看起來很有溫度
C000437,P000090,M0000038,好喜歡這種風格
C000438,P000091,M0000026,請問這個材料是哪裡買的？
C000439,P000091,M0000184,作品看起來很棒！
C000440,P000091,M0000039,這篇真的很有意思！
C000441,P000092,M0000033,好喜歡這種風格
C000442,P000092,M0000134,想知道製作過程可以分享更多嗎？
C000443,P000092,M0000114,我也遇過類似的問題
C000444,P000093,M0000183,好喜歡這種風格
C000445,P000093,M0000115,看起來很有溫度
C000446,P000093,M0000008,作品看起來很棒！
C000447,P000093,M0000075,想知道製作過程可以分享更多嗎？
C000448,P000093,M0000140,請問這個材料是哪裡買的？
C000449,P000093,M0000190,好喜歡這種風格
C000450,P000093,M0000024,好喜歡這種風格
C000451,P000094,M0000141,有機會會想收藏一件
C000452,P000094,M0000157,想知道製作過程可以分享更多嗎？
C000453,P000094,M0000077,這個設計很有特色
C000454,P000095,M0000010,想知道製作過程可以分享更多嗎？
C000455,P000095,M0000052,這篇真的很有意思！
C000456,P000095,M0000146,看起來很有溫度
C000457,P000095,M0000060,作品看起來很棒！
C000458,P000095,M0000015,這篇真的很有意思！
C000459,P000095,M0000119,有機會會想收藏一件
C000460,P000096,M0000137,請問這個材料是哪裡買的？
C000461,P000096,M0000036,想知道製作過程可以分享更多嗎？
C000462,P000096,M0000130,請問這個材料是哪裡買的？
C000463,P000096,M0000056,作品看起來很棒！
C000464,P000096,M0000177,看起來很有溫度
C000465,P000096,M0000080,想知道製作過程可以分享更多嗎？
C000466,P000096,M0000119,創作理念很打動人
C000467,P000097,M0000123,有機會會想收藏一件
C000468,P000097,M0000185,看起來很有溫度
C000469,P000097,M0000131,作品看起來很棒！
C000470,P000097,M0000031,這個設計很有特色
C000471,P000098,M0000184,好喜歡這種風格
C000472,P000098,M0000047,請問這個材料是哪裡買的？
C000473,P000098,M0000093,好喜歡這種風格
C000474,P000098,M0000037,創作理念很打動人
C000475,P000099,M0000170,我也遇過類似的問題
C000476,P000099,M0000111,創作理念很打動人
C000477,P000099,M0000184,這個設計很有特色
C000478,P000099,M0000175,這篇真的很有意思！
C000479,P000099,M0000003,我也遇過類似的問題
C000480,P000100,M0000129,想知道製作過程可以分享更多嗎？
C000481,P000100,M0000096,想知道製作過程可以分享更多嗎？
C000482,P000100,M0000182,請問這個材料是哪裡買的？
C000483,P000100,M0000081,看起來很有溫度
C000484,P000100,M0000051,我也遇過類似的問題
C000485,P000101,M0000009,請問這個材料是哪裡買的？
C000486,P000101,M0000163,有機會會想收藏一件
C000487,P000101,M0000142,想知道製作過程可以分享更多嗎？
C000488,P000101,M0000003,好喜歡這種風格
C000489,P000102,M0000016,創作理念很打動人
C000490,P000102,M0000048,創作理念很打動人
C000491,P000102,M0000082,作品看起來很棒！
C000492,P000102,M0000048,想知道製作過程可以分享更多嗎？
C000493,P000102,M0000088,看起來很有溫度
C000494,P000102,M0000057,看起來很有溫度
C000495,P000103,M0000101,我也遇過類似的問題
C000496,P000103,M0000084,這篇真的很有意思！
C000497,P000103,M0000131,請問這個材料是哪裡買的？
C000498,P000103,M0000085,作品看起來很棒！
C000499,P000103,M0000098,創作理念很打動人
C000500,P000103,M0000019,請問這個材料是哪裡買的？
C000501,P000104,M0000129,想知道製作過程可以分享更多嗎？
C000502,P000104,M0000133,創作理念很打動人
C000503,P000104,M0000082,作品看起來很棒！
C000504,P000104,M0000047,看起來很有溫度
C000505,P000105,M0000171,這個設計很有特色
C000506,P000105,M0000167,好喜歡這種風格
C000507,P000105,M0000149,請問這個材料是哪裡買的？
C000508,P000105,M0000076,看起來很有溫度
C000509,P000105,M0000067,看起來很有溫度
C000510,P000106,M0000040,創作理念很打動人
C000511,P000106,M0000062,有機會會想收藏一件
C000512,P000106,M0000026,我也遇過類似的問題
C000513,P000106,M0000057,這個設計很有特色
C000514,P000107,M0000186,好喜歡這種風格
C000515,P000107,M0000142,這個設計很有特色
C000516,P000107,M0000099,創作理念很打動人
C000517,P000107,M0000154,好喜歡這種風格
C000518,P000107,M0000133,想知道製作過程可以分享更多嗎？
C000519,P000108,M0000128,看起來很有溫度
C000520,P000108,M0000013,我也遇過類似的問題
C000521,P000108,M0000117,我也遇過類似的問題
C000522,P000108,M0000038,作品看起來很棒！
C000523,P000108,M0000022,這個設計很有特色
C000524,P000108,M0000002,我也遇過類似的問題
C000525,P000108,M0000011,有機會會想收藏一件
C000526,P000109,M0000025,這篇真的很有意思！
C000527,P000109,M0000120,好喜歡這種風格
C000528,P000109,M0000199,請問這個材料是哪裡買的？
C000529,P000109,M0000095,有機會會想收藏一件
C000530,P000109,M0000019,好喜歡這種風格
C000531,P000109,M0000140,這個設計很有特色
C000532,P000110,M0000188,好喜歡這種風格
C000533,P000110,M0000085,請問這個材料是哪裡買的？
C000534,P000110,M0000096,想知道製作過程可以分享更多嗎？
C000535,P000111,M0000177,這個設計很有特色
C000536,P000111,M0000171,這篇真的很有意思！
C000537,P000111,M0000027,創作理念很打動人
C000538,P000111,M0000046,請問這個材料是哪裡買的？
C000539,P000111,M0000022,有機會會想收藏一件
C000540,P000111,M0000131,作品看起來很棒！
C000541,P000112,M0000022,請問這個材料是哪裡買的？
C000542,P000112,M0000098,作品看起來很棒！
C000543,P000112,M0000103,我也遇過類似的問題
C000544,P000112,M0000163,想知道製作過程可以分享更多嗎？
C000545,P000112,M0000104,我也遇過類似的問題
C000546,P000113,M0000027,創作理念很打動人
C000547,P000113,M0000007,這個設計很有特色
C000548,P000113,M0000148,好喜歡這種風格
C000549,P000113,M0000169,好喜歡這種風格
C000550,P000113,M0000025,我也遇過類似的問題
C000551,P000113,M0000198,我也遇過類似的問題
C000552,P000113,M0000049,我也遇過類似的問題
C000553,P000114,M0000025,有機會會想收藏一件
C000554,P000114,M0000077,作品看起來很棒！
C000555,P000114,M0000104,創作理念很打動人
C000556,P000114,M0000054,這個設計很有特色
C000557,P000115,M0000179,想知道製作過程可以分享更多嗎？
C000558,P000115,M0000138,我也遇過類似的問題
C000559,P000115,M0000065,創作理念很打動人
C000560,P000115,M0000110,請問這個材料是哪裡買的？
C000561,P000115,M0000116,好喜歡這種風格
C000562,P000115,M0000094,看起來很有溫度
C000563,P000115,M0000111,看起來很有溫度
C000564,P000116,M0000178,這篇真的很有意思！
C000565,P000116,M0000175,作品看起來很棒！
C000566,P000116,M0000078,想知道製作過程可以分享更多嗎？
C000567,P000116,M0000060,我也遇過類似的問題
C000568,P000116,M0000191,有機會會想收藏一件
C000569,P000117,M0000126,請問這個材料是哪裡買的？
C000570,P000117,M0000123,創作理念很打動人
C000571,P000117,M0000168,好喜歡這種風格
C000572,P000118,M0000143,請問這個材料是哪裡買的？
C000573,P000118,M0000171,有機會會想收藏一件
C000574,P000118,M0000066,作品看起來很棒！
C000575,P000119,M0000182,這個設計很有特色
C000576,P000119,M0000044,作品看起來很棒！
C000577,P000119,M0000037,請問這個材料是哪裡買的？
C000578,P000119,M0000098,有機會會想收藏一件
C000579,P000119,M0000162,有機會會想收藏一件
C000580,P000120,M0000104,請問這個材料是哪裡買的？
C000581,P000120,M0000187,我也遇過類似的問題
C000582,P000120,M0000073,有機會會想收藏一件
C000583,P000121,M0000041,這篇真的很有意思！
C000584,P000121,M0000081,請問這個材料是哪裡買的？
C000585,P000121,M0000145,請問這個材料是哪裡買的？
C000586,P000121,M0000105,創作理念很打動人
C000587,P000121,M0000163,看起來很有溫度
C000588,P000121,M0000084,看起來很有溫度
C000589,P000121,M0000117,有機會會想收藏一件
C000590,P000122,M0000157,請問這個材料是哪裡買的？
C000591,P000122,M0000200,這個設計很有特色
C000592,P000122,M0000030,這篇真的很有意思！
C000593,P000122,M0000174,這篇真的很有意思！
C000594,P000122,M0000005,有機會會想收藏一件
C000595,P000122,M0000084,請問這個材料是哪裡買的？
C000596,P000122,M0000200,請問這個材料是哪裡買的？
C000597,P000123,M0000140,有機會會想收藏一件
C000598,P000123,M0000182,我也遇過類似的問題
C000599,P000123,M0000003,好喜歡這種風格
C000600,P000123,M0000131,創作理念很打動人
C000601,P000123,M0000166,這篇真的很有意思！
C000602,P000123,M0000169,我也遇過類似的問題
C000603,P000123,M0000156,作品看起來很棒！
C000604,P000124,M0000196,好喜歡這種風格
C000605,P000124,M0000150,作品看起來很棒！
C000606,P000124,M0000112,想知道製作過程可以分享更多嗎？
C000607,P000125,M0000073,好喜歡這種風格
C000608,P000125,M0000127,創作理念很打動人
C000609,P000125,M0000129,我也遇過類似的問題
C000610,P000125,M0000037,作品看起來很棒！
C000611,P000125,M0000005,作品看起來很棒！
C000612,P000125,M0000104,有機會會想收藏一件
C000613,P000125,M0000132,這個設計很有特色
C000614,P000126,M0000112,創作理念很打動人
C000615,P000126,M0000194,看起來很有溫度
C000616,P000126,M0000086,這個設計很有特色
C000617,P000127,M0000088,我也遇過類似的問題
C000618,P000127,M0000036,想知道製作過程可以分享更多嗎？
C000619,P000127,M0000163,創作理念很打動人
C000620,P000127,M0000036,好喜歡這種風格
C000621,P000127,M0000028,作品看起來很棒！
C000622,P000127,M0000183,這篇真的很有意思！
C000623,P000128,M0000098,這篇真的很有意思！
C000624,P000128,M0000004,這個設計很有特色
C000625,P000128,M0000080,請問這個材料是哪裡買的？
C000626,P000129,M0000092,這個設計很有特色
C000627,P000129,M0000087,這篇真的很有意思！
C000628,P000129,M0000019,看起來很有溫度
C000629,P000129,M0000094,想知道製作過程可以分享更多嗎？
C000630,P000130,M0000091,我也遇過類似的問題
C000631,P000130,M0000141,好喜歡這種風格
C000632,P000130,M0000129,請問這個材料是哪裡買的？
C000633,P000130,M0000181,創作理念很打動人
C000634,P000130,M0000164,請問這個材料是哪裡買的？
C000635,P000131,M0000100,看起來很有溫度
C000636,P000131,M0000047,創作理念很打動人
C000637,P000131,M0000002,這個設計很有特色
C000638,P000131,M0000167,創作理念很打動人
C000639,P000131,M0000087,有機會會想收藏一件
C000640,P000131,M0000103,有機會會想收藏一件
C000641,P000132,M0000131,這篇真的很有意思！
C000642,P000132,M0000105,我也遇過類似的問題
C000643,P000132,M0000070,好喜歡這種風格
C000644,P000132,M0000004,看起來很有溫度
C000645,P000132,M0000114,想知道製作過程可以分享更多嗎？
C000646,P000132,M0000191,想知道製作過程可以分享更多嗎？
C000647,P000132,M0000182,想知道製作過程可以分享更多嗎？
C000648,P000133,M0000115,看起來很有溫度
C000649,P000133,M0000128,請問這個材料是哪裡買的？
C000650,P000133,M0000192,這篇真的很有意思！
C000651,P000133,M0000040,看起來很有溫度
C000652,P000134,M0000124,創作理念很打動人
C000653,P000134,M0000058,有機會會想收藏一件
C000654,P000134,M0000094,這個設計很有特色
C000655,P000134,M0000195,看起來很有溫度
C000656,P000134,M0000122,這個設計很有特色
C000657,P000134,M0000076,好喜歡這種風格
C000658,P000135,M0000108,有機會會想收藏一件
C000659,P000135,M0000149,這篇真的很有意思！
C000660,P000135,M0000164,這個設計很有特色
C000661,P000135,M0000113,這篇真的很有意思！
C000662,P000135,M0000184,我也遇過類似的問題
C000663,P000135,M0000106,這個設計很有特色
C000664,P000135,M0000067,創作理念很打動人
C000665,P000136,M0000011,這篇真的很有意思！
C000666,P000136,M0000166,好喜歡這種風格
C000667,P000136,M0000104,請問這個材料是哪裡買的？
C000668,P000136,M0000052,想知道製作過程可以分享更多嗎？
C000669,P000137,M0000081,請問這個材料是哪裡買的？
C000670,P000137,M0000115,看起來很有溫度
C000671,P000137,M0000001,好喜歡這種風格
C000672,P000137,M0000154,我也遇過類似的問題
C000673,P000137,M0000093,好喜歡這種風格
C000674,P000137,M0000114,創作理念很打動人
C000675,P000137,M0000125,這篇真的很有意思！
C000676,P000138,M0000078,請問這個材料是哪裡買的？
C000677,P000138,M0000095,看起來很有溫度
C000678,P000138,M0000191,創作理念很打動人
C000679,P000138,M0000048,我也遇過類似的問題
C000680,P000138,M0000128,想知道製作過程可以分享更多嗎？
C000681,P000139,M0000158,這個設計很有特色
C000682,P000139,M0000086,這個設計很有特色
C000683,P000139,M0000121,想知道製作過程可以分享更多嗎？
C000684,P000139,M0000087,請問這個材料是哪裡買的？
C000685,P000139,M0000023,創作理念很打動人
C000686,P000139,M0000099,這個設計很有特色
C000687,P000139,M0000194,好喜歡這種風格
C000688,P000140,M0000075,我也遇過類似的問題
C000689,P000140,M0000005,想知道製作過程可以分享更多嗎？
C000690,P000140,M0000107,作品看起來很棒！
C000691,P000140,M0000157,有機會會想收藏一件
C000692,P000140,M0000001,這個設計很有特色
C000693,P000140,M0000091,看起來很有溫度
C000694,P000141,M0000117,看起來很有溫度
C000695,P000141,M0000126,作品看起來很棒！
C000696,P000141,M0000002,想知道製作過程可以分享更多嗎？
C000697,P000141,M0000170,請問這個材料是哪裡買的？
C000698,P000141,M0000148,我也遇過類似的問題
C000699,P000141,M0000007,有機會會想收藏一件
C000700,P000141,M0000014,作品看起來很棒！
C000701,P000142,M0000120,看起來很有溫度
C000702,P000142,M0000161,請問這個材料是哪裡買的？
C000703,P000142,M0000123,好喜歡這種風格
C000704,P000142,M0000034,想知道製作過程可以分享更多嗎？
C000705,P000143,M0000083,作品看起來很棒！
C000706,P000143,M0000105,這個設計很有特色
C000707,P000143,M0000177,請問這個材料是哪裡買的？
C000708,P000143,M0000028,我也遇過類似的問題
C000709,P000144,M0000146,這篇真的很有意思！
C000710,P000144,M0000035,想知道製作過程可以分享更多嗎？
C000711,P000144,M0000085,請問這個材料是哪裡買的？
C000712,P000145,M0000112,想知道製作過程可以分享更多嗎？
C000713,P000145,M0000177,想知道製作過程可以分享更多嗎？
C000714,P000145,M0000164,我也遇過類似的問題
C000715,P000145,M0000078,有機會會想收藏一件
C000716,P000145,M0000135,有機會會想收藏一件
C000717,P000145,M0000056,看起來很有溫度
C000718,P000145,M0000197,想知道製作過程可以分享更多嗎？
C000719,P000146,M0000126,有機會會想收藏一件
C000720,P000146,M0000046,請問這個材料是哪裡買的？
C000721,P000146,M0000067,這個設計很有特色
C000722,P000146,M0000139,創作理念很打動人
C000723,P000147,M0000131,創作理念很打動人
C000724,P000147,M0000173,請問這個材料是哪裡買的？
C000725,P000147,M0000172,這個設計很有特色
C000726,P000147,M0000074,有機會會想收藏一件
C000727,P000147,M0000027,作品看起來很棒！
C000728,P000147,M0000024,好喜歡這種風格
C000729,P000147,M0000112,這個設計很有特色
C000730,P000148,M0000010,創作理念很打動人
C000731,P000148,M0000083,創作理念很打動人
C000732,P000148,M0000174,請問這個材料是哪裡買的？
C000733,P000148,M0000047,有機會會想收藏一件
C000734,P000148,M0000084,作品看起來很棒！
C000735,P000148,M0000121,想知道製作過程可以分享更多嗎？
C000736,P000148,M0000111,作品看起來很棒！
C000737,P000149,M0000164,這個設計很有特色
C000738,P000149,M0000114,看起來很有溫度
C000739,P000149,M0000106,看起來很有溫度
C000740,P000149,M0000027,看起來很有溫度
C000741,P000150,M0000152,好喜歡這種風格
C000742,P000150,M0000181,作品看起來很棒！
C000743,P000150,M0000126,作品看起來很棒！
C000744,P000150,M0000192,這個設計很有特色
C000745,P000151,M0000097,創作理念很打動人
C000746,P000151,M0000134,好喜歡這種風格
C000747,P000151,M0000006,好喜歡這種風格
C000748,P000151,M0000188,這篇真的很有意思！
C000749,P000151,M0000078,請問這個材料是哪裡買的？
C000750,P000151,M0000093,這個設計很有特色
C000751,P000151,M0000101,有機會會想收藏一件
C000752,P000152,M0000070,這個設計很有特色
C000753,P000152,M0000073,這篇真的很有意思！
C000754,P000152,M0000077,有機會會想收藏一件
C000755,P000152,M0000038,我也遇過類似的問題
C000756,P000153,M0000090,請問這個材料是哪裡買的？
C000757,P000153,M0000149,看起來很有溫度
C000758,P000153,M0000057,創作理念很打動人
C000759,P000153,M0000006,想知道製作過程可以分享更多嗎？
C000760,P000154,M0000200,這篇真的很有意思！
C000761,P000154,M0000057,我也遇過類似的問題
C000762,P000154,M0000134,這個設計很有特色
C000763,P000154,M0000081,我也遇過類似的問題
C000764,P000154,M0000126,這篇真的很有意思！
C000765,P000155,M0000151,這篇真的很有意思！
C000766,P000155,M0000077,創作理念很打動人
C000767,P000155,M0000115,創作理念很打動人
C000768,P000155,M0000084,這篇真的很有意思！
C000769,P000155,M0000084,有機會會想收藏一件
C000770,P000156,M0000165,我也遇過類似的問題
C000771,P000156,M0000051,看起來很有溫度
C000772,P000156,M0000153,這個設計很有特色
C000773,P000156,M0000156,請問這個材料是哪裡買的？
C000774,P000156,M0000031,作品看起來很棒！
C000775,P000156,M0000185,我也遇過類似的問題
C000776,P000157,M0000159,這個設計很有特色
C000777,P000157,M0000015,這篇真的很有意思！
C000778,P000157,M0000191,請問這個材料是哪裡買的？
C000779,P000157,M0000019,創作理念很打動人
C000780,P000157,M0000034,看起來很有溫度
C000781,P000158,M0000176,看起來很有溫度
C000782,P000158,M0000189,我也遇過類似的問題
C000783,P000158,M0000137,看起來很有溫度
C000784,P000158,M0000055,想知道製作過程可以分享更多嗎？
C000785,P000158,M0000177,創作理念很打動人
C000786,P000158,M0000147,創作理念很打動人
C000787,P000159,M0000127,作品看起來很棒！
C000788,P000159,M0000061,創作理念很打動人
C000789,P000159,M0000029,我也遇過類似的問題
C000790,P000159,M0000008,我也遇過類似的問題
C000791,P000159,M0000003,想知道製作過程可以分享更多嗎？
C000792,P000160,M0000187,這篇真的很有意思！
C000793,P000160,M0000145,好喜歡這種風格
C000794,P000160,M0000152,有機會會想收藏一件
C000795,P000160,M0000025,創作理念很打動人
C000796,P000161,M0000159,請問這個材料是哪裡買的？
C000797,P000161,M0000064,這個設計很有特色
C000798,P000161,M0000053,這篇真的很有意思！
C000799,P000161,M0000003,我也遇過類似的問題
C000800,P000162,M0000093,看起來很有溫度
C000801,P000162,M0000013,作品看起來很棒！
C000802,P000162,M0000103,作品看起來很棒！
C000803,P000162,M0000008,作品看起來很棒！
C000804,P000163,M0000151,我也遇過類似的問題
C000805,P000163,M0000028,我也遇過類似的問題
C000806,P000163,M0000100,這個設計很有特色
C000807,P000163,M0000147,這個設計很有特色
C000808,P000163,M0000124,作品看起來很棒！
C000809,P000164,M0000053,作品看起來很棒！
C000810,P000164,M0000188,有機會會想收藏一件
C000811,P000164,M0000118,請問這個材料是哪裡買的？
C000812,P000165,M0000181,這個設計很有特色
C000813,P000165,M0000091,有機會會想收藏一件
C000814,P000165,M0000079,好喜歡這種風格
C000815,P000166,M0000044,有機會會想收藏一件
C000816,P000166,M0000082,看起來很有溫度
C000817,P000166,M0000028,有機會會想收藏一件
C000818,P000166,M0000159,想知道製作過程可以分享更多嗎？
C000819,P000166,M0000036,請問這個材料是哪裡買的？
C000820,P000167,M0000140,看起來很有溫度
C000821,P000167,M0000006,想知道製作過程可以分享更多嗎？
C000822,P000167,M0000038,創作理念很打動人
C000823,P000167,M0000118,請問這個材料是哪裡買的？
C000824,P000167,M0000190,請問這個材料是哪裡買的？
C000825,P000167,M0000001,看起來很有溫度
C000826,P000167,M0000113,這篇真的很有意思！
C000827,P000168,M0000192,有機會會想收藏一件
C000828,P000168,M0000136,想知道製作過程可以分享更多嗎？
C000829,P000168,M0000118,我也遇過類似的問題
C000830,P000168,M0000048,這個設計很有特色
C000831,P000168,M0000182,有機會會想收藏一件
C000832,P000168,M0000074,作品看起來很棒！
C000833,P000168,M0000184,作品看起來很棒！
C000834,P000169,M0000150,請問這個材料是哪裡買的？
C000835,P000169,M0000125,好喜歡這種風格
C000836,P000169,M0000079,我也遇過類似的問題
C000837,P000169,M0000165,創作理念很打動人
C000838,P000170,M0000037,作品看起來很棒！
C000839,P000170,M0000124,有機會會想收藏一件
C000840,P000170,M0000116,看起來很有溫度
C000841,P000170,M0000054,創作理念很打動人
C000842,P000170,M0000108,創作理念很打動人
C000843,P000171,M0000003,看起來很有溫度
C000844,P000171,M0000049,有機會會想收藏一件
C000845,P000171,M0000022,作品看起來很棒！
C000846,P000171,M0000153,看起來很有溫度
C000847,P000171,M0000195,這篇真的很有意思！
C000848,P000171,M0000166,我也遇過類似的問題
C000849,P000171,M0000088,我也遇過類似的問題
C000850,P000172,M0000093,這篇真的很有意思！
C000851,P000172,M0000114,好喜歡這種風格
C000852,P000172,M0000109,這篇真的很有意思！
C000853,P000172,M0000172,創作理念很打動人
C000854,P000172,M0000063,想知道製作過程可以分享更多嗎？
C000855,P000172,M0000053,請問這個材料是哪裡買的？
C000856,P000172,M0000047,看起來很有溫度
C000857,P000173,M0000059,想知道製作過程可以分享更多嗎？
C000858,P000173,M0000034,想知道製作過程可以分享更多嗎？
C000859,P000173,M0000053,請問這個材料是哪裡買的？
C000860,P000173,M0000175,這個設計很有特色
C000861,P000173,M0000062,看起來很有溫度
C000862,P000173,M0000129,我也遇過類似的問題
C000863,P000174,M0000092,作品看起來很棒！
C000864,P000174,M0000126,想知道製作過程可以分享更多嗎？
C000865,P000174,M0000151,創作理念很打動人
C000866,P000174,M0000105,好喜歡這種風格
C000867,P000174,M0000169,這篇真的很有意思！
C000868,P000174,M0000153,有機會會想收藏一件
C000869,P000175,M0000200,這篇真的很有意思！
C000870,P000175,M0000114,請問這個材料是哪裡買的？
C000871,P000175,M0000073,創作理念很打動人
C000872,P000175,M0000130,有機會會想收藏一件
C000873,P000175,M0000012,這個設計很有特色
C000874,P000175,M0000005,請問這個材料是哪裡買的？
C000875,P000176,M0000011,有機會會想收藏一件
C000876,P000176,M0000046,有機會會想收藏一件
C000877,P000176,M0000051,請問這個材料是哪裡買的？
C000878,P000176,M0000171,好喜歡這種風格
C000879,P000176,M0000127,這個設計很有特色
C000880,P000176,M0000162,看起來很有溫度
C000881,P000177,M0000049,有機會會想收藏一件
C000882,P000177,M0000049,看起來很有溫度
C000883,P000177,M0000157,這個設計很有特色
C000884,P000177,M0000092,這篇真的很有意思！
C000885,P000177,M0000109,這個設計很有特色
C000886,P000177,M0000112,請問這個材料是哪裡買的？
C000887,P000178,M0000094,看起來很有溫度
C000888,P000178,M0000001,作品看起來很棒！
C000889,P000178,M0000074,我也遇過類似的問題
C000890,P000178,M0000089,請問這個材料是哪裡買的？
C000891,P000178,M0000126,創作理念很打動人
C000892,P000178,M0000200,這個設計很有特色
C000893,P000179,M0000037,我也遇過類似的問題
C000894,P000179,M0000076,創作理念很打動人
C000895,P000179,M0000032,好喜歡這種風格
C000896,P000179,M0000093,有機會會想收藏一件
C000897,P000179,M0000079,好喜歡這種風格
C000898,P000179,M0000190,有機會會想收藏一件
C000899,P000179,M0000007,好喜歡這種風格
C000900,P000180,M0000115,這個設計很有特色
C000901,P000180,M0000024,作品看起來很棒！
C000902,P000180,M0000072,創作理念很打動人
C000903,P000180,M0000048,好喜歡這種風格
C000904,P000181,M0000090,作品看起來很棒！
C000905,P000181,M0000114,這篇真的很有意思！
C000906,P000181,M0000130,有機會會想收藏一件
C000907,P000181,M0000022,創作理念很打動人
C000908,P000181,M0000017,我也遇過類似的問題
C000909,P000181,M0000097,創作理念很打動人
C000910,P000182,M0000107,這篇真的很有意思！
C000911,P000182,M0000082,想知道製作過程可以分享更多嗎？
C000912,P000182,M0000066,請問這個材料是哪裡買的？
C000913,P000182,M0000023,這個設計很有特色
C000914,P000182,M0000198,好喜歡這種風格
C000915,P000183,M0000075,請問這個材料是哪裡買的？
C000916,P000183,M0000180,請問這個材料是哪裡買的？
C000917,P000183,M0000176,創作理念很打動人
C000918,P000184,M0000058,我也遇過類似的問題
C000919,P000184,M0000152,請問這個材料是哪裡買的？
C000920,P000184,M0000193,想知道製作過程可以分享更多嗎？
C000921,P000184,M0000064,好喜歡這種風格
C000922,P000185,M0000093,這個設計很有特色
C000923,P000185,M0000186,我也遇過類似的問題
C000924,P000185,M0000139,創作理念很打動人
C000925,P000185,M0000090,有機會會想收藏一件
C000926,P000185,M0000124,想知道製作過程可以分享更多嗎？
C000927,P000185,M0000052,看起來很有溫度
C000928,P000186,M0000193,這個設計很有特色
C000929,P000186,M0000138,看起來很有溫度
C000930,P000186,M0000189,這篇真的很有意思！
C000931,P000186,M0000158,好喜歡這種風格
C000932,P000186,M0000127,作品看起來很棒！
C000933,P000187,M0000141,我也遇過類似的問題
C000934,P000187,M0000092,好喜歡這種風格
C000935,P000187,M0000030,看起來很有溫度
C000936,P000187,M0000139,作品看起來很棒！
C000937,P000187,M0000059,看起來很有溫度
C000938,P000188,M0000129,創作理念很打動人
C000939,P000188,M0000145,有機會會想收藏一件
C000940,P000188,M0000172,看起來很有溫度
C000941,P000189,M0000136,想知道製作過程可以分享更多嗎？
C000942,P000189,M0000085,請問這個材料是哪裡買的？
C000943,P000189,M0000139,請問這個材料是哪裡買的？
C000944,P000189,M0000082,這個設計很有特色
C000945,P000190,M0000097,我也遇過類似的問題
C000946,P000190,M0000014,創作理念很打動人
C000947,P000190,M0000014,這個設計很有特色
C000948,P000190,M0000044,看起來很有溫度
C000949,P000190,M0000012,這個設計很有特色
C000950,P000190,M0000065,作品看起來很棒！
C000951,P000190,M0000011,這篇真的很有意思！
C000952,P000191,M0000191,看起來很有溫度
C000953,P000191,M0000040,想知道製作過程可以分享更多嗎？
C000954,P000191,M0000136,想知道製作過程可以分享更多嗎？
C000955,P000191,M0000183,這個設計很有特色
C000956,P000191,M0000139,想知道製作過程可以分享更多嗎？
C000957,P000191,M0000083,想知道製作過程可以分享更多嗎？
C000958,P000191,M0000179,有機會會想收藏一件
C000959,P000192,M0000083,請問這個材料是哪裡買的？
C000960,P000192,M0000066,有機會會想收藏一件
C000961,P000192,M0000043,作品看起來很棒！
C000962,P000192,M0000102,我也遇過類似的問題
C000963,P000193,M0000075,作品看起來很棒！
C000964,P000193,M0000049,創作理念很打動人
C000965,P000193,M0000173,創作理念很打動人
C000966,P000193,M0000030,創作理念很打動人
C000967,P000193,M0000169,創作理念很打動人
C000968,P000193,M0000001,創作理念很打動人
C000969,P000193,M0000199,好喜歡這種風格
C000970,P000194,M0000089,這個設計很有特色
C000971,P000194,M0000102,作品看起來很棒！
C000972,P000194,M0000010,好喜歡這種風格
C000973,P000194,M0000063,請問這個材料是哪裡買的？
C000974,P000195,M0000099,好喜歡這種風格
C000975,P000195,M0000105,這篇真的很有意思！
C000976,P000195,M0000110,有機會會想收藏一件
C000977,P000195,M0000012,這篇真的很有意思！
C000978,P000195,M0000179,看起來很有溫度
C000979,P000195,M0000109,請問這個材料是哪裡買的？
C000980,P000195,M0000005,這篇真的很有意思！
C000981,P000196,M0000149,想知道製作過程可以分享更多嗎？
C000982,P000196,M0000045,我也遇過類似的問題
C000983,P000196,M0000073,這篇真的很有意思！
C000984,P000196,M0000057,這篇真的很有意思！
C000985,P000196,M0000081,我也遇過類似的問題
C000986,P000197,M0000105,我也遇過類似的問題
C000987,P000197,M0000158,有機會會想收藏一件
C000988,P000197,M0000031,有機會會想收藏一件
C000989,P000197,M0000031,看起來很有溫度
C000990,P000198,M0000062,有機會會想收藏一件
C000991,P000198,M0000020,請問這個材料是哪裡買的？
C000992,P000198,M0000157,請問這個材料是哪裡買的？
C000993,P000198,M0000124,好喜歡這種風格
C000994,P000198,M0000153,有機會會想收藏一件
C000995,P000198,M0000088,想知道製作過程可以分享更多嗎？
C000996,P000198,M0000112,想知道製作過程可以分享更多嗎？
C000997,P000199,M0000040,請問這個材料是哪裡買的？
C000998,P000199,M0000133,想知道製作過程可以分享更多嗎？
C000999,P000199,M0000036,創作理念很打動人
C001000,P000200,M0000153,好喜歡這種風格
C001001,P000200,M0000182,請問這個材料是哪裡買的？
C001002,P000200,M0000081,好喜歡這種風格
C001003,P000200,M0000200,創作理念很打動人
C001004,P000200,M0000169,請問這個材料是哪裡買的？
C001005,P000201,M0000058,作品看起來很棒！
C001006,P000201,M0000053,想知道製作過程可以分享更多嗎？
C001007,P000201,M0000081,這篇真的很有意思！
C001008,P000201,M0000129,作品看起來很棒！
C001009,P000201,M0000098,這個設計很有特色
C001010,P000201,M0000122,這篇真的很有意思！
C001011,P000202,M0000111,請問這個材料是哪裡買的？
C001012,P000202,M0000138,這個設計很有特色
C001013,P000202,M0000046,這個設計很有特色
C001014,P000203,M0000048,好喜歡這種風格
C001015,P000203,M0000061,想知道製作過程可以分享更多嗎？
C001016,P000203,M0000011,請問這個材料是哪裡買的？
C001017,P000204,M0000035,有機會會想收藏一件
C001018,P000204,M0000150,創作理念很打動人
C001019,P000204,M0000185,有機會會想收藏一件
C001020,P000205,M0000030,這篇真的很有意思！
C001021,P000205,M0000090,好喜歡這種風格
C001022,P000205,M0000139,請問這個材料是哪裡買的？
C001023,P000206,M0000193,作品看起來很棒！
C001024,P000206,M0000095,創作理念很打動人
C001025,P000206,M0000080,這個設計很有特色
C001026,P000207,M0000159,這個設計很有特色
C001027,P000207,M0000159,這篇真的很有意思！
C001028,P000207,M0000053,這篇真的很有意思！
C001029,P000207,M0000136,想知道製作過程可以分享更多嗎？
C001030,P000207,M0000034,這個設計很有特色
C001031,P000207,M0000081,好喜歡這種風格
C001032,P000208,M0000124,這個設計很有特色
C001033,P000208,M0000016,這個設計很有特色
C001034,P000208,M0000009,這篇真的很有意思！
C001035,P000208,M0000032,我也遇過類似的問題
C001036,P000208,M0000138,好喜歡這種風格
C001037,P000208,M0000195,這個設計很有特色
C001038,P000208,M0000120,有機會會想收藏一件
C001039,P000209,M0000137,這個設計很有特色
C001040,P000209,M0000151,創作理念很打動人
C001041,P000209,M0000036,想知道製作過程可以分享更多嗎？
C001042,P000209,M0000065,看起來很有溫度
C001043,P000210,M0000123,作品看起來很棒！
C001044,P000210,M0000154,這篇真的很有意思！
C001045,P000210,M0000153,我也遇過類似的問題
C001046,P000210,M0000052,看起來很有溫度
C001047,P000210,M0000105,創作理念很打動人
C001048,P000211,M0000093,我也遇過類似的問題
C001049,P000211,M0000195,作品看起來很棒！
C001050,P000211,M0000099,創作理念很打動人
C001051,P000211,M0000016,看起來很有溫度
C001052,P000211,M0000105,請問這個材料是哪裡買的？
C001053,P000212,M0000008,好喜歡這種風格
C001054,P000212,M0000191,這篇真的很有意思！
C001055,P000212,M0000103,看起來很有溫度
C001056,P000212,M0000018,我也遇過類似的問題
C001057,P000212,M0000127,請問這個材料是哪裡買的？
C001058,P000212,M0000190,這篇真的很有意思！
C001059,P000213,M0000133,創作理念很打動人
C001060,P000213,M0000044,這篇真的很有意思！
C001061,P000213,M0000012,我也遇過類似的問題
C001062,P000213,M0000089,有機會會想收藏一件
C001063,P000213,M0000105,看起來很有溫度
C001064,P000213,M0000074,這篇真的很有意思！
C001065,P000213,M0000014,創作理念很打動人
C001066,P000214,M0000168,請問這個材料是哪裡買的？
C001067,P000214,M0000113,請問這個材料是哪裡買的？
C001068,P000214,M0000036,想知道製作過程可以分享更多嗎？
C001069,P000214,M0000090,這篇真的很有意思！
C001070,P000214,M0000173,這個設計很有特色
C001071,P000214,M0000133,我也遇過類似的問題
C001072,P000215,M0000158,有機會會想收藏一件
C001073,P000215,M0000069,這個設計很有特色
C001074,P000215,M0000002,創作理念很打動人
C001075,P000215,M0000102,好喜歡這種風格
C001076,P000216,M0000086,想知道製作過程可以分享更多嗎？
C001077,P000216,M0000144,這個設計很有特色
C001078,P000216,M0000052,想知道製作過程可以分享更多嗎？
C001079,P000216,M0000012,有機會會想收藏一件
C001080,P000216,M0000131,我也遇過類似的問題
C001081,P000216,M0000086,請問這個材料是哪裡買的？
C001082,P000216,M0000069,作品看起來很棒！
C001083,P000217,M0000062,我也遇過類似的問題
C001084,P000217,M0000159,作品看起來很棒！
C001085,P000217,M0000083,有機會會想收藏一件
C001086,P000217,M0000175,想知道製作過程可以分享更多嗎？
C001087,P000217,M0000073,創作理念很打動人
C001088,P000217,M0000080,這個設計很有特色
C001089,P000217,M0000005,看起來很有溫度
C001090,P000218,M0000076,好喜歡這種風格
C001091,P000218,M0000080,我也遇過類似的問題
C001092,P000218,M0000077,我也遇過類似的問題
C001093,P000218,M0000094,這篇真的很有意思！
C001094,P000218,M0000028,作品看起來很棒！
C001095,P000218,M0000194,這個設計很有特色
C001096,P000218,M0000110,創作理念很打動人
C001097,P000219,M0000179,創作理念很打動人
C001098,P000219,M0000136,請問這個材料是哪裡買的？
C001099,P000219,M0000135,想知道製作過程可以分享更多嗎？
C001100,P000219,M0000180,請問這個材料是哪裡買的？
C001101,P000219,M0000193,想知道製作過程可以分享更多嗎？
C001102,P000219,M0000005,這篇真的很有意思！
C001103,P000220,M0000199,創作理念很打動人
C001104,P000220,M0000177,請問這個材料是哪裡買的？
C001105,P000220,M0000122,有機會會想收藏一件
C001106,P000220,M0000146,請問這個材料是哪裡買的？
C001107,P000220,M0000083,這篇真的很有意思！
C001108,P000221,M0000134,這篇真的很有意思！
C001109,P000221,M0000011,好喜歡這種風格
C001110,P000221,M0000119,有機會會想收藏一件
C001111,P000221,M0000175,創作理念很打動人
C001112,P000221,M0000187,這篇真的很有意思！
C001113,P000222,M0000162,作品看起來很棒！
C001114,P000222,M0000055,這個設計很有特色
C001115,P000222,M0000062,這個設計很有特色
C001116,P000222,M0000005,想知道製作過程可以分享更多嗎？
C001117,P000222,M0000200,創作理念很打動人
C001118,P000222,M0000018,想知道製作過程可以分享更多嗎？
C001119,P000223,M0000090,我也遇過類似的問題
C001120,P000223,M0000169,好喜歡這種風格
C001121,P000223,M0000027,有機會會想收藏一件
C001122,P000224,M0000163,我也遇過類似的問題
C001123,P000224,M0000143,想知道製作過程可以分享更多嗎？
C001124,P000224,M0000170,這個設計很有特色
C001125,P000225,M0000077,創作理念很打動人
C001126,P000225,M0000126,作品看起來很棒！
C001127,P000225,M0000046,創作理念很打動人
C001128,P000225,M0000038,請問這個材料是哪裡買的？
C001129,P000226,M0000135,作品看起來很棒！
C001130,P000226,M0000021,我也遇過類似的問題
C001131,P000226,M0000116,請問這個材料是哪裡買的？
C001132,P000226,M0000149,我也遇過類似的問題
C001133,P000226,M0000107,作品看起來很棒！
C001134,P000226,M0000164,好喜歡這種風格
C001135,P000226,M0000098,創作理念很打動人
C001136,P000227,M0000124,請問這個材料是哪裡買的？
C001137,P000227,M0000033,看起來很有溫度
C001138,P000227,M0000164,看起來很有溫度
C001139,P000227,M0000097,我也遇過類似的問題
C001140,P000228,M0000008,好喜歡這種風格
C001141,P000228,M0000165,好喜歡這種風格
C001142,P000228,M0000060,請問這個材料是哪裡買的？
C001143,P000228,M0000042,想知道製作過程可以分享更多嗎？
C001144,P000229,M0000176,想知道製作過程可以分享更多嗎？
C001145,P000229,M0000183,看起來很有溫度
C001146,P000229,M0000120,請問這個材料是哪裡買的？
C001147,P000229,M0000185,好喜歡這種風格
C001148,P000229,M0000149,這篇真的很有意思！
C001149,P000230,M0000109,這個設計很有特色
C001150,P000230,M0000143,請問這個材料是哪裡買的？
C001151,P000230,M0000102,想知道製作過程可以分享更多嗎？
C001152,P000231,M0000008,這篇真的很有意思！
C001153,P000231,M0000186,看起來很有溫度
C001154,P000231,M0000132,想知道製作過程可以分享更多嗎？
C001155,P000231,M0000021,我也遇過類似的問題
C001156,P000231,M0000125,這篇真的很有意思！
C001157,P000231,M0000038,想知道製作過程可以分享更多嗎？
C001158,P000232,M0000122,我也遇過類似的問題
C001159,P000232,M0000073,這個設計很有特色
C001160,P000232,M0000157,想知道製作過程可以分享更多嗎？
C001161,P000232,M0000103,我也遇過類似的問題
C001162,P000233,M0000086,看起來很有溫度
C001163,P000233,M0000056,創作理念很打動人
C001164,P000233,M0000140,有機會會想收藏一件
C001165,P000233,M0000068,有機會會想收藏一件
C001166,P000233,M0000131,我也遇過類似的問題
C001167,P000233,M0000168,這篇真的很有意思！
C001168,P000234,M0000086,創作理念很打動人
C001169,P000234,M0000100,請問這個材料是哪裡買的？
C001170,P000234,M0000124,有機會會想收藏一件
C001171,P000234,M0000164,這篇真的很有意思！
C001172,P000234,M0000017,請問這個材料是哪裡買的？
C001173,P000234,M0000100,作品看起來很棒！
C001174,P000235,M0000190,看起來很有溫度
C001175,P000235,M0000125,有機會會想收藏一件
C001176,P000235,M0000018,好喜歡這種風格
C001177,P000235,M0000069,請問這個材料是哪裡買的？
C001178,P000235,M0000019,我也遇過類似的問題
C001179,P000236,M0000126,創作理念很打動人
C001180,P000236,M0000091,有機會會想收藏一件
C001181,P000236,M0000099,創作理念很打動人
C001182,P000236,M0000120,有機會會想收藏一件
C001183,P000236,M0000093,有機會會想收藏一件
C001184,P000237,M0000134,想知道製作過程可以分享更多嗎？
C001185,P000237,M0000179,創作理念很打動人
C001186,P000237,M0000195,好喜歡這種風格
C001187,P000237,M0000141,好喜歡這種風格
C001188,P000237,M0000073,作品看起來很棒！
C001189,P000238,M0000160,請問這個材料是哪裡買的？
C001190,P000238,M0000143,看起來很有溫度
C001191,P000238,M0000084,有機會會想收藏一件
C001192,P000238,M0000143,這個設計很有特色
C001193,P000238,M0000007,想知道製作過程可以分享更多嗎？
C001194,P000238,M0000198,有機會會想收藏一件
C001195,P000238,M0000060,好喜歡這種風格
C001196,P000239,M0000012,我也遇過類似的問題
C001197,P000239,M0000126,這個設計很有特色
C001198,P000239,M0000011,看起來很有溫度
C001199,P000239,M0000095,這個設計很有特色
C001200,P000240,M0000175,看起來很有溫度
C001201,P000240,M0000102,好喜歡這種風格
C001202,P000240,M0000002,我也遇過類似的問題
C001203,P000240,M0000028,看起來很有溫度
C001204,P000240,M0000025,作品看起來很棒！
C001205,P000240,M0000080,好喜歡這種風格
C001206,P000240,M0000150,想知道製作過程可以分享更多嗎？
C001207,P000241,M0000197,這個設計很有特色
C001208,P000241,M0000142,這個設計很有特色
C001209,P000241,M0000053,看起來很有溫度
C001210,P000241,M0000183,這篇真的很有意思！
C001211,P000241,M0000069,請問這個材料是哪裡買的？
C001212,P000242,M0000083,這個設計很有特色
C001213,P000242,M0000184,有機會會想收藏一件
C001214,P000242,M0000056,創作理念很打動人
C001215,P000242,M0000029,作品看起來很棒！
C001216,P000243,M0000019,這個設計很有特色
C001217,P000243,M0000194,這篇真的很有意思！
C001218,P000243,M0000053,創作理念很打動人
C001219,P000243,M0000102,請問這個材料是哪裡買的？
C001220,P000244,M0000058,創作理念很打動人
C001221,P000244,M0000055,我也遇過類似的問題
C001222,P000244,M0000083,創作理念很打動人
C001223,P000244,M0000112,請問這個材料是哪裡買的？
C001224,P000244,M0000097,這篇真的很有意思！
C001225,P000244,M0000046,看起來很有溫度
C001226,P000245,M0000008,這個設計很有特色
C001227,P000245,M0000030,我也遇過類似的問題
C001228,P000245,M0000153,看起來很有溫度
C001229,P000245,M0000029,作品看起來很棒！
C001230,P000245,M0000152,有機會會想收藏一件
C001231,P000245,M0000155,請問這個材料是哪裡買的？
C001232,P000245,M0000189,這篇真的很有意思！
C001233,P000246,M0000085,我也遇過類似的問題
C001234,P000246,M0000038,作品看起來很棒！
C001235,P000246,M0000107,請問這個材料是哪裡買的？
C001236,P000247,M0000073,想知道製作過程可以分享更多嗎？
C001237,P000247,M0000172,我也遇過類似的問題
C001238,P000247,M0000184,看起來很有溫度
C001239,P000247,M0000110,看起來很有溫度
C001240,P000248,M0000089,這個設計很有特色
C001241,P000248,M0000087,有機會會想收藏一件
C001242,P000248,M0000148,有機會會想收藏一件
C001243,P000248,M0000177,創作理念很打動人
C001244,P000248,M0000081,我也遇過類似的問題
C001245,P000248,M0000136,這個設計很有特色
C001246,P000249,M0000183,我也遇過類似的問題
C001247,P000249,M0000078,這個設計很有特色
C001248,P000249,M0000144,請問這個材料是哪裡買的？
C001249,P000249,M0000173,請問這個材料是哪裡買的？
C001250,P000249,M0000112,看起來很有溫度
C001251,P000249,M0000006,創作理念很打動人
C001252,P000249,M0000141,好喜歡這種風格
C001253,P000250,M0000156,這個設計很有特色
C001254,P000250,M0000080,看起來很有溫度
C001255,P000250,M0000146,作品看起來很棒！
C001256,P000250,M0000040,好喜歡這種風格
C001257,P000250,M0000166,作品看起來很棒！
C001258,P000250,M0000063,這篇真的很有意思！
C001259,P000251,M0000149,有機會會想收藏一件
C001260,P000251,M0000165,這篇真的很有意思！
C001261,P000251,M0000132,作品看起來很棒！
C001262,P000251,M0000128,這個設計很有特色
C001263,P000252,M0000194,這個設計很有特色
C001264,P000252,M0000130,作品看起來很棒！
C001265,P000252,M0000054,請問這個材料是哪裡買的？
C001266,P000252,M0000031,有機會會想收藏一件
C001267,P000252,M0000114,創作理念很打動人
C001268,P000252,M0000139,作品看起來很棒！
C001269,P000252,M0000168,這個設計很有特色
C001270,P000253,M0000087,這篇真的很有意思！
C001271,P000253,M0000159,作品看起來很棒！
C001272,P000253,M0000073,看起來很有溫度
C001273,P000254,M0000173,看起來很有溫度
C001274,P000254,M0000012,請問這個材料是哪裡買的？
C001275,P000254,M0000084,我也遇過類似的問題
C001276,P000254,M0000134,有機會會想收藏一件
C001277,P000254,M0000043,好喜歡這種風格
C001278,P000255,M0000053,有機會會想收藏一件
C001279,P000255,M0000048,這篇真的很有意思！
C001280,P000255,M0000146,我也遇過類似的問題
C001281,P000255,M0000027,請問這個材料是哪裡買的？
C001282,P000255,M0000059,作品看起來很棒！
C001283,P000255,M0000083,創作理念很打動人
C001284,P000255,M0000114,這篇真的很有意思！
C001285,P000256,M0000095,創作理念很打動人
C001286,P000256,M0000186,有機會會想收藏一件
C001287,P000256,M0000044,好喜歡這種風格
C001288,P000256,M0000178,創作理念很打動人
C001289,P000256,M0000046,這篇真的很有意思！
C001290,P000256,M0000138,看起來很有溫度
C001291,P000256,M0000109,作品看起來很棒！
C001292,P000257,M0000128,想知道製作過程可以分享更多嗎？
C001293,P000257,M0000119,想知道製作過程可以分享更多嗎？
C001294,P000257,M0000085,這個設計很有特色
C001295,P000257,M0000119,請問這個材料是哪裡買的？
C001296,P000257,M0000101,作品看起來很棒！
C001297,P000257,M0000102,我也遇過類似的問題
C001298,P000258,M0000153,請問這個材料是哪裡買的？
C001299,P000258,M0000075,有機會會想收藏一件
C001300,P000258,M0000180,這個設計很有特色
C001301,P000258,M0000076,創作理念很打動人
C001302,P000259,M0000030,我也遇過類似的問題
C001303,P000259,M0000155,這篇真的很有意思！
C001304,P000259,M0000083,我也遇過類似的問題
C001305,P000259,M0000050,這篇真的很有意思！
C001306,P000260,M0000051,有機會會想收藏一件
C001307,P000260,M0000176,我也遇過類似的問題
C001308,P000260,M0000200,有機會會想收藏一件
C001309,P000260,M0000124,想知道製作過程可以分享更多嗎？
C001310,P000260,M0000066,這個設計很有特色
C001311,P000261,M0000051,想知道製作過程可以分享更多嗎？
C001312,P000261,M0000164,想知道製作過程可以分享更多嗎？
C001313,P000261,M0000179,這篇真的很有意思！
C001314,P000261,M0000053,這篇真的很有意思！
C001315,P000261,M0000033,想知道製作過程可以分享更多嗎？
C001316,P000262,M0000185,好喜歡這種風格
C001317,P000262,M0000101,有機會會想收藏一件
C001318,P000262,M0000147,我也遇過類似的問題
C001319,P000262,M0000004,這篇真的很有意思！
C001320,P000262,M0000052,有機會會想收藏一件
C001321,P000262,M0000093,請問這個材料是哪裡買的？
C001322,P000262,M0000180,有機會會想收藏一件
C001323,P000263,M0000163,創作理念很打動人
C001324,P000263,M0000181,作品看起來很棒！
C001325,P000263,M0000007,想知道製作過程可以分享更多嗎？
C001326,P000263,M0000038,想知道製作過程可以分享更多嗎？
C001327,P000264,M0000010,我也遇過類似的問題
C001328,P000264,M0000194,這篇真的很有意思！
C001329,P000264,M0000104,想知道製作過程可以分享更多嗎？
C001330,P000264,M0000173,請問這個材料是哪裡買的？
C001331,P000264,M0000170,作品看起來很棒！
C001332,P000264,M0000143,請問這個材料是哪裡買的？
C001333,P000265,M0000073,看起來很有溫度
C001334,P000265,M0000183,想知道製作過程可以分享更多嗎？
C001335,P000265,M0000168,看起來很有溫度
C001336,P000266,M0000016,這個設計很有特色
C001337,P000266,M0000107,好喜歡這種風格
C001338,P000266,M0000163,這篇真的很有意思！
C001339,P000266,M0000153,好喜歡這種風格
C001340,P000266,M0000137,有機會會想收藏一件
C001341,P000267,M0000061,想知道製作過程可以分享更多嗎？
C001342,P000267,M0000144,想知道製作過程可以分享更多嗎？
C001343,P000267,M0000126,請問這個材料是哪裡買的？
C001344,P000267,M0000006,我也遇過類似的問題
C001345,P000268,M0000150,創作理念很打動人
C001346,P000268,M0000109,好喜歡這種風格
C001347,P000268,M0000193,看起來很有溫度
C001348,P000269,M0000017,這個設計很有特色
C001349,P000269,M0000006,創作理念很打動人
C001350,P000269,M0000123,作品看起來很棒！
C001351,P000269,M0000135,好喜歡這種風格
C001352,P000269,M0000007,請問這個材料是哪裡買的？
C001353,P000270,M0000088,這個設計很有特色
C001354,P000270,M0000079,我也遇過類似的問題
C001355,P000270,M0000094,好喜歡這種風格
C001356,P000270,M0000200,請問這個材料是哪裡買的？
C001357,P000270,M0000160,想知道製作過程可以分享更多嗎？
C001358,P000271,M0000159,這個設計很有特色
C001359,P000271,M0000162,這篇真的很有意思！
C001360,P000271,M0000007,這個設計很有特色
C001361,P000271,M0000087,好喜歡這種風格
C001362,P000271,M0000063,有機會會想收藏一件
C001363,P000271,M0000047,有機會會想收藏一件
C001364,P000271,M0000135,我也遇過類似的問題
C001365,P000272,M0000074,創作理念很打動人
C001366,P000272,M0000059,創作理念很打動人
C001367,P000272,M0000117,想知道製作過程可以分享更多嗎？
C001368,P000272,M0000022,請問這個材料是哪裡買的？
C001369,P000272,M0000047,作品看起來很棒！
C001370,P000272,M0000159,看起來很有溫度
C001371,P000273,M0000008,創作理念很打動人
C001372,P000273,M0000192,請問這個材料是哪裡買的？
C001373,P000273,M0000170,我也遇過類似的問題
C001374,P000273,M0000006,有機會會想收藏一件
C001375,P000273,M0000157,看起來很有溫度
C001376,P000274,M0000160,這篇真的很有意思！
C001377,P000274,M0000125,想知道製作過程可以分享更多嗎？
C001378,P000274,M0000120,好喜歡這種風格
C001379,P000274,M0000129,作品看起來很棒！
C001380,P000274,M0000117,有機會會想收藏一件
C001381,P000274,M0000114,看起來很有溫度
C001382,P000274,M0000176,這篇真的很有意思！
C001383,P000275,M0000198,創作理念很打動人
C001384,P000275,M0000119,作品看起來很棒！
C001385,P000275,M0000109,看起來很有溫度
C001386,P000275,M0000038,作品看起來很棒！
C001387,P000275,M0000031,作品看起來很棒！
C001388,P000275,M0000175,這篇真的很有意思！
C001389,P000276,M0000084,想知道製作過程可以分享更多嗎？
C001390,P000276,M0000004,請問這個材料是哪裡買的？
C001391,P000276,M0000138,看起來很有溫度
C001392,P000276,M0000090,請問這個材料是哪裡買的？
C001393,P000277,M0000039,創作理念很打動人
C001394,P000277,M0000043,想知道製作過程可以分享更多嗎？
C001395,P000277,M0000103,看起來很有溫度
C001396,P000277,M0000145,我也遇過類似的問題
C001397,P000277,M0000040,我也遇過類似的問題
C001398,P000277,M0000144,創作理念很打動人
C001399,P000278,M0000146,有機會會想收藏一件
C001400,P000278,M0000031,有機會會想收藏一件
C001401,P000278,M0000009,想知道製作過程可以分享更多嗎？
C001402,P000278,M0000196,我也遇過類似的問題
C001403,P000278,M0000069,有機會會想收藏一件
C001404,P000278,M0000199,作品看起來很棒！
C001405,P000279,M0000176,請問這個材料是哪裡買的？
C001406,P000279,M0000024,看起來很有溫度
C001407,P000279,M0000142,想知道製作過程可以分享更多嗎？
C001408,P000279,M0000001,這篇真的很有意思！
C001409,P000279,M0000092,好喜歡這種風格
C001410,P000279,M0000182,請問這個材料是哪裡買的？
C001411,P000279,M0000185,有機會會想收藏一件
C001412,P000280,M0000192,想知道製作過程可以分享更多嗎？
C001413,P000280,M0000186,想知道製作過程可以分享更多嗎？
C001414,P000280,M0000071,作品看起來很棒！
C001415,P000280,M0000190,想知道製作過程可以分享更多嗎？
C001416,P000280,M0000186,好喜歡這種風格
