ProductID,SourceImageFileName,SortOrder,StatusID
P000000001,00111,1,1
P000000001,00112,2,1
P000000001,00113,3,1
P000000002,00121,1,1
P000000002,00122,2,1
P000000002,00123,3,1
P000000003,00131,1,1
P000000003,00132,2,1
P000000004,00141,1,1
P000000004,00142,2,1
P000000004,00143,3,1
P000000004,00144,4,1
P000000004,00145,5,1
P000000005,00151,1,1
P000000005,00152,2,1
P000000006,00161,1,1
P000000006,00162,2,1
P000000006,00163,3,1
P000000006,00164,4,1
P000000006,00165,5,1
P000000006,00166,6,1
P000000007,00171,1,1
P000000007,00172,2,1
P000000008,00211,1,1
P000000008,00212,2,1
P000000008,00213,3,1
P000000009,00221,1,1
P000000009,00222,2,1
P000000009,00223,3,1
P000000010,00231,1,1
P000000010,00232,2,1
P000000010,00233,3,1
P000000010,00234,4,1
P000000011,00241,1,1
P000000011,00242,2,1
P000000011,00243,3,1
P000000012,00251,1,1
P000000012,00252,2,1
P000000012,00253,3,1
P000000013,00311,1,1
P000000013,00312,2,1
P000000013,00313,3,1
P000000013,00314,4,1
P000000013,00315,5,1
P000000013,00316,6,1
P000000014,00321,1,1
P000000014,00322,2,1
P000000014,00323,3,1
P000000014,00324,4,1
P000000014,00325,5,1
P000000015,00331,1,1
P000000015,00332,2,1
P000000016,00341,1,1
P000000016,00344,4,1
P000000017,00351,1,1
P000000017,00352,2,1
P000000017,00353,3,1
P000000017,00354,4,1
P000000017,00355,5,1
P000000018,00361,1,1
P000000018,00362,2,1
P000000018,00363,3,1
P000000019,00411,1,1
P000000019,00412,2,1
P000000019,00413,3,1
P000000020,00421,1,1
P000000020,00422,2,1
P000000020,00423,3,1
P000000021,00431,1,1
P000000021,00432,2,1
P000000021,00433,3,1
P000000022,00441,1,1
P000000022,00442,2,1
P000000022,00443,3,1
P000000022,00444,4,1
P000000022,00445,5,1
P000000023,00451,1,1
P000000023,00452,2,1
P000000024,00461,1,1
P000000024,00462,2,1
P000000025,00471,1,1
P000000025,00472,2,1
P000000026,00481,1,1
P000000026,00482,2,1
P000000027,00511,1,1
P000000027,00512,2,1
P000000027,00513,3,1
P000000027,00514,4,1
P000000027,00515,5,1
P000000027,00516,6,1
P000000027,00517,7,1
P000000028,00521,1,1
P000000028,00522,2,1
P000000028,00523,3,1
P000000029,00531,1,1
P000000029,00532,2,1
P000000030,00541,1,1
P000000030,00542,2,1
P000000030,00543,3,1
P000000031,00551,1,1
P000000031,00552,2,1
P000000031,00553,3,1
P000000031,00554,4,1
P000000032,00611,1,1
P000000032,00612,2,1
P000000032,00613,3,1
P000000033,00621,1,1
P000000033,00622,2,1
P000000034,00631,1,1
P000000034,00632,2,1
P000000035,00641,1,1
P000000036,00651,1,1
P000000036,00652,2,1
P000000036,00653,3,1
P000000037,00661,1,1
P000000037,00662,2,1
P000000037,00663,3,1
P000000038,00711,1,1
P000000039,00721,1,1
P000000039,00722,2,1
P000000040,00731,1,1
P000000040,00732,2,1
P000000041,00741,1,1
P000000042,00751,1,1
P000000042,00752,2,1
P000000042,00753,3,1
P000000043,00761,1,1
P000000043,00762,2,1
P000000044,00811,1,1
P000000044,00812,2,1
P000000044,00813,3,1
P000000045,00821,1,1
P000000045,00822,2,1
P000000045,00823,3,1
P000000046,00831,1,1
P000000046,00832,2,1
P000000047,00841,1,1
P000000047,00842,2,1
P000000048,00851,1,1
P000000048,00852,2,1
P000000048,00853,3,1
P000000048,00854,4,1
P000000048,00855,5,1
P000000049,00861,1,1
P000000049,00862,2,1
P000000050,00911,1,1
P000000050,00912,2,1
P000000051,00921,1,1
P000000051,00922,2,1
P000000051,00923,3,1
P000000052,00931,1,1
P000000052,00932,2,1
P000000053,00941,1,1
P000000053,00942,2,1
P000000053,00943,3,1
P000000054,00951,1,1
P000000054,00952,2,1
P000000055,00961,1,1
P000000056,00971,1,1
P000000056,00972,2,1
P000000057,00981,1,1
P000000057,00982,2,1
P000000058,01011,1,1
P000000058,01012,2,1
P000000059,01021,1,1
P000000059,01022,2,1
P000000060,01031,1,1
P000000060,01032,2,1
P000000061,01041,1,1
P000000061,01042,2,1
P000000062,01051,1,1
P000000062,01052,2,1
P000000063,01111,1,1
P000000063,01112,2,1
P000000063,01113,3,1
P000000064,01121,1,1
P000000064,01122,2,1
P000000065,01131,1,1
P000000065,01132,2,1
P000000066,01141,1,1
P000000066,01142,2,1
P000000066,01143,3,1
P000000067,01151,1,1
P000000067,01152,2,1
P000000068,01161,1,1
P000000068,01162,2,1
P000000069,01171,1,1
P000000070,01211,1,1
P000000070,01212,2,1
P000000070,01213,3,1
P000000071,01221,1,1
P000000071,01222,2,1
P000000071,01223,3,1
P000000072,01231,1,1
P000000072,01232,2,1
P000000072,01233,3,1
P000000073,01241,1,1
P000000073,01242,2,1
P000000073,01243,3,1
P000000074,01251,1,1
P000000074,01252,2,1
P000000074,01253,3,1
P000000075,01311,1,1
P000000075,01312,2,1
P000000076,01321,1,1
P000000077,01331,1,1
P000000077,01332,2,1
P000000078,01341,1,1
P000000079,01351,1,1
P000000079,01352,2,1
P000000079,01353,3,1
P000000080,01361,1,1
P000000080,01362,2,1
P000000081,01411,1,1
P000000081,01412,2,1
P000000082,01421,1,1
P000000082,01422,2,1
P000000083,01431,1,1
P000000083,01432,2,1
P000000084,01441,1,1
P000000084,01442,2,1
P000000084,01443,3,1
P000000085,01451,1,1
P000000085,01452,2,1
P000000086,01461,1,1
P000000086,01462,2,1
P000000087,01471,1,1
P000000087,01472,2,1
P000000088,01481,1,1
P000000088,01482,2,1
P000000089,01511,1,1
P000000089,01512,2,1
P000000090,01521,1,1
P000000091,01531,1,1
P000000092,01541,1,1
P000000093,01551,1,1
P000000094,01611,1,1
P000000095,01621,1,1
P000000096,01631,1,1
P000000097,01641,1,1
P000000098,01651,1,1
P000000099,01661,1,1
P000000100,01711,1,1
P000000101,01721,1,1
P000000102,01731,1,1
P000000103,01741,1,1
P000000104,01751,1,1
P000000105,01761,1,1
P000000106,01771,1,1
P000000107,01811,1,1
P000000108,01821,1,1
P000000109,01831,1,1
P000000110,01841,1,1
P000000111,01851,1,1
P000000112,01911,1,1
P000000113,01921,1,1
P000000114,01931,1,1
P000000115,01941,1,1
P000000116,01951,1,1
P000000117,01961,1,1
P000000117,01962,2,1
P000000118,01971,1,1
P000000119,01981,1,1
P000000120,01991,1,1
P000000121,02011,1,1
P000000122,02021,1,1
P000000123,02031,1,1
P000000124,02041,1,1
P000000125,02051,1,1
P000000126,02111,1,1
P000000127,02121,1,1
P000000128,02131,1,1
P000000129,02141,1,1
P000000130,02151,1,1
P000000131,02161,1,1
P000000132,02211,1,1
P000000133,02221,1,1
P000000134,02231,1,1
P000000135,02241,1,1
P000000136,02251,1,1
P000000137,02261,1,1
P000000138,02271,1,1
P000000139,02311,1,1
P000000140,02321,1,1
P000000141,02331,1,1
P000000142,02341,1,1
P000000143,02351,1,1
P000000144,02411,1,1
P000000145,02421,1,1
P000000146,02431,1,1
P000000147,02441,1,1
P000000148,02451,1,1
P000000149,02461,1,1
P000000150,02471,1,1
P000000151,02481,1,1
P000000152,02511,1,1
P000000153,02521,1,1
P000000154,02531,1,1
P000000155,02541,1,1
P000000156,02551,1,1
P000000157,02561,1,1
P000000158,02611,1,1
P000000159,02621,1,1
P000000160,02631,1,1
P000000161,02641,1,1
P000000162,02651,1,1
P000000163,02661,1,1
P000000164,02711,1,1
P000000165,02721,1,1
P000000166,02731,1,1
P000000167,02741,1,1
P000000168,02751,1,1
P000000169,02811,1,1
P000000170,02821,1,1
P000000171,02831,1,1
P000000172,02841,1,1
P000000173,02851,1,1
P000000174,02861,1,1
P000000175,02871,1,1
P000000176,02881,1,1
P000000177,02911,1,1
P000000178,02921,1,1
P000000179,02931,1,1
P000000180,02941,1,1
P000000181,02951,1,1
P000000182,02961,1,1
P000000183,02971,1,1
P000000184,03011,1,1
P000000185,03021,1,1
P000000186,03031,1,1
P000000187,03041,1,1
P000000188,03051,1,1
P000000189,03111,1,1
P000000190,03121,1,1
P000000191,03131,1,1
P000000192,03141,1,1
P000000193,03151,1,1
P000000194,03161,1,1
P000000195,03211,1,1
P000000196,03221,1,1
P000000197,03231,1,1
P000000198,03241,1,1
P000000199,03251,1,1
P000000200,03311,1,1
P000000201,03321,1,1
P000000202,03331,1,1
P000000203,03341,1,1
P000000204,03351,1,1
P000000205,03361,1,1
P000000206,03371,1,1
P000000207,03411,1,1
P000000208,03421,1,1
P000000209,03431,1,1
P000000210,03441,1,1
P000000211,03451,1,1
P000000212,03461,1,1
P000000213,03511,1,1
P000000214,03521,1,1
P000000215,03531,1,1
P000000216,03541,1,1
P000000217,03551,1,1
P000000218,03611,1,1
P000000219,03621,1,1
P000000220,03631,1,1
P000000221,03641,1,1
P000000222,03651,1,1
P000000223,03661,1,1
P000000224,03711,1,1
P000000225,03721,1,1
P000000226,03731,1,1
P000000227,03741,1,1
P000000228,03751,1,1
P000000229,03811,1,1
P000000230,03821,1,1
P000000231,03831,1,1
P000000232,03841,1,1
P000000233,03851,1,1
P000000234,03861,1,1
P000000235,03871,1,1
P000000236,03911,1,1
P000000237,03921,1,1
P000000238,03931,1,1
P000000239,03941,1,1
P000000240,03951,1,1
P000000241,03961,1,1
P000000242,04011,1,1
P000000243,04021,1,1
P000000244,04031,1,1
P000000245,04041,1,1
P000000246,04051,1,1
P000000247,04111,1,1
P000000248,04121,1,1
P000000249,04131,1,1
P000000250,04141,1,1
P000000251,04151,1,1
P000000252,04161,1,1
P000000253,04211,1,1
P000000254,04221,1,1
P000000255,04231,1,1
P000000256,04241,1,1
P000000257,04251,1,1
P000000258,04311,1,1
P000000259,04321,1,1
P000000260,04331,1,1
P000000261,04341,1,1
P000000262,04351,1,1
P000000263,04361,1,1
P000000264,04411,1,1
P000000265,04421,1,1
P000000266,04431,1,1
P000000267,04441,1,1
P000000268,04451,1,1
P000000269,04511,1,1
P000000270,04521,1,1
P000000271,04531,1,1
P000000272,04541,1,1
P000000273,04551,1,1
P000000274,04561,1,1
P000000275,04571,1,1
P000000276,04611,1,1
P000000277,04621,1,1
P000000278,04631,1,1
P000000279,04641,1,1
P000000280,04651,1,1
P000000281,04661,1,1
P000000282,04711,1,1
P000000283,04721,1,1
P000000284,04731,1,1
P000000285,04741,1,1
P000000286,04751,1,1
P000000287,04811,1,1
P000000288,04821,1,1
P000000289,04831,1,1
P000000290,04841,1,1
P000000291,04851,1,1
P000000292,04861,1,1
P000000293,04871,1,1
P000000294,04911,1,1
P000000295,04921,1,1
P000000296,04931,1,1
P000000297,04941,1,1
P000000298,04951,1,1
P000000299,04961,1,1
P000000300,05011,1,1
P000000301,05021,1,1
P000000302,05031,1,1
P000000303,05041,1,1
P000000304,05051,1,1
P000000305,05111,1,1
P000000306,05121,1,1
P000000307,05131,1,1
P000000308,05141,1,1
P000000309,05151,1,1
P000000310,05161,1,1
P000000311,05211,1,1
P000000312,05221,1,1
P000000313,05231,1,1
P000000314,05241,1,1
P000000315,05251,1,1
P000000316,05311,1,1
P000000317,05321,1,1
P000000318,05331,1,1
P000000319,05341,1,1
P000000320,05351,1,1
P000000321,05361,1,1
P000000322,05371,1,1
P000000323,05381,1,1
P000000324,05411,1,1
P000000325,05421,1,1
P000000326,05431,1,1
P000000327,05441,1,1
P000000328,05451,1,1
P000000329,05511,1,1
P000000330,05521,1,1
P000000331,05531,1,1
P000000332,05541,1,1
P000000333,05551,1,1
P000000334,05611,1,1
P000000335,05621,1,1
P000000336,05631,1,1
P000000337,05641,1,1
P000000338,05651,1,1
P000000339,05661,1,1
P000000340,05711,1,1
P000000341,05721,1,1
P000000342,05731,1,1
P000000343,05741,1,1
P000000344,05751,1,1
P000000345,05761,1,1
P000000346,05771,1,1
P000000347,05781,1,1
P000000348,05791,1,1
P000000349,05811,1,1
P000000350,05821,1,1
P000000351,05831,1,1
P000000352,05841,1,1
P000000353,05851,1,1
P000000354,05911,1,1
P000000355,05921,1,1
P000000356,05931,1,1
P000000357,05941,1,1
P000000358,05951,1,1
P000000359,06011,1,1
P000000360,06021,1,1
P000000361,06031,1,1
P000000362,06041,1,1
P000000363,06051,1,1
P000000364,06111,1,1
P000000365,06121,1,1
P000000366,06131,1,1
P000000367,06141,1,1
P000000368,06151,1,1
P000000369,06161,1,1
P000000370,06171,1,1
P000000371,06181,1,1
P000000372,06211,1,1
P000000373,06221,1,1
P000000374,06231,1,1
P000000375,06241,1,1
P000000376,06251,1,1
P000000377,06311,1,1
P000000378,06321,1,1
P000000379,06331,1,1
P000000380,06341,1,1
P000000381,06351,1,1
P000000382,06411,1,1
P000000383,06421,1,1
P000000384,06431,1,1
P000000385,06441,1,1
P000000386,06451,1,1
P000000387,06511,1,1
P000000388,06521,1,1
P000000389,06531,1,1
P000000390,06541,1,1
P000000391,06551,1,1
P000000392,06611,1,1
P000000393,06621,1,1
P000000394,06631,1,1
P000000395,06641,1,1
P000000396,06651,1,1
P000000397,06661,1,1
P000000398,06671,1,1
P000000399,06711,1,1
P000000400,06721,1,1
P000000401,06731,1,1
P000000402,06741,1,1
P000000403,06751,1,1
P000000404,06811,1,1
P000000405,06821,1,1
P000000406,06831,1,1
P000000407,06841,1,1
P000000408,06851,1,1
P000000409,06911,1,1
P000000410,06921,1,1
P000000411,06931,1,1
P000000412,06941,1,1
P000000413,06951,1,1
P000000414,07011,1,1
P000000415,07021,1,1
P000000416,07031,1,1
P000000417,07041,1,1
P000000418,07051,1,1
P000000419,07111,1,1
P000000420,07121,1,1
P000000421,07131,1,1
P000000422,07141,1,1
P000000423,07151,1,1
P000000424,07161,1,1
P000000425,07171,1,1
P000000426,07181,1,1
P000000427,07191,1,1
P000000428,07211,1,1
P000000429,07221,1,1
P000000430,07231,1,1
P000000431,07241,1,1
P000000432,07251,1,1
P000000433,07311,1,1
P000000434,07321,1,1
P000000435,07331,1,1
P000000436,07341,1,1
P000000437,07351,1,1
P000000438,07411,1,1
P000000439,07421,1,1
P000000440,07431,1,1
P000000441,07441,1,1
P000000442,07451,1,1
P000000443,07511,1,1
P000000444,07521,1,1
P000000445,07531,1,1
P000000446,07541,1,1
P000000447,07551,1,1
P000000448,07561,1,1
P000000449,07571,1,1
P000000450,07581,1,1
P000000451,07611,1,1
P000000452,07621,1,1
P000000453,07631,1,1
P000000454,07641,1,1
P000000455,07651,1,1
P000000456,07661,1,1
P000000457,07671,1,1
P000000458,07711,1,1
P000000459,07721,1,1
P000000460,07731,1,1
P000000461,07741,1,1
P000000462,07751,1,1
P000000463,07761,1,1
P000000464,07811,1,1
P000000465,07821,1,1
P000000466,07831,1,1
P000000467,07841,1,1
P000000468,07851,1,1
P000000469,07861,1,1
P000000470,07871,1,1
P000000471,07881,1,1
P000000472,07911,1,1
P000000473,07921,1,1
P000000474,07931,1,1
P000000475,07941,1,1
P000000476,07951,1,1
P000000477,08011,1,1
P000000478,08021,1,1
P000000479,08031,1,1
P000000480,08041,1,1
P000000481,08051,1,1
P000000482,08111,1,1
P000000483,08121,1,1
P000000484,08131,1,1
P000000485,08141,1,1
P000000486,08151,1,1
P000000487,08161,1,1
P000000488,08211,1,1
P000000489,08221,1,1
P000000490,08231,1,1
P000000491,08241,1,1
P000000492,08251,1,1
P000000493,08261,1,1
P000000494,08271,1,1
P000000495,08311,1,1
P000000496,08321,1,1
P000000497,08331,1,1
P000000498,08341,1,1
P000000499,08351,1,1
P000000500,08411,1,1
P000000501,08421,1,1
P000000502,08431,1,1
P000000503,08441,1,1
P000000504,08451,1,1
P000000505,08511,1,1
P000000506,08521,1,1
P000000507,08531,1,1
P000000508,08541,1,1
P000000509,08551,1,1
P000000510,08611,1,1
P000000511,08621,1,1
P000000512,08631,1,1
P000000513,08641,1,1
P000000514,08651,1,1
P000000515,08711,1,1
P000000516,08721,1,1
P000000517,08731,1,1
P000000518,08741,1,1
P000000519,08751,1,1
P000000520,08761,1,1
P000000521,08811,1,1
P000000522,08821,1,1
P000000523,08831,1,1
P000000524,08841,1,1
P000000525,08851,1,1
P000000526,08911,1,1
P000000527,08921,1,1
P000000528,08931,1,1
P000000529,08941,1,1
P000000530,08951,1,1
P000000531,09011,1,1
P000000532,09021,1,1
P000000533,09031,1,1
P000000534,09041,1,1
P000000535,09051,1,1
P000000536,09111,1,1
P000000537,09121,1,1
P000000538,09131,1,1
P000000539,09141,1,1
P000000540,09151,1,1
P000000541,09161,1,1
P000000542,09171,1,1
P000000543,09211,1,1
P000000544,09221,1,1
P000000545,09231,1,1
P000000546,09241,1,1
P000000547,09251,1,1
P000000548,09311,1,1
P000000549,09321,1,1
P000000550,09331,1,1
P000000551,09341,1,1
P000000552,09351,1,1
P000000553,09411,1,1
P000000554,09421,1,1
P000000555,09431,1,1
P000000556,09441,1,1
P000000557,09451,1,1
P000000558,09511,1,1
P000000559,09521,1,1
P000000560,09531,1,1
P000000561,09541,1,1
P000000562,09551,1,1
P000000563,09611,1,1
P000000564,09621,1,1
P000000565,09631,1,1
P000000566,09641,1,1
P000000567,09651,1,1
P000000568,09661,1,1
P000000569,09711,1,1
P000000570,09721,1,1
P000000571,09731,1,1
P000000572,09741,1,1
P000000573,09751,1,1
P000000574,09811,1,1
P000000575,09821,1,1
P000000576,09831,1,1
P000000577,09841,1,1
P000000578,09851,1,1
P000000579,09911,1,1
P000000580,09921,1,1
P000000581,09931,1,1
P000000582,09941,1,1
P000000583,09951,1,1
P000000584,10011,1,1
P000000585,10021,1,1
P000000586,10031,1,1
P000000587,10041,1,1
P000000588,10051,1,1
P000000589,10111,1,1
P000000590,10121,1,1
P000000591,10131,1,1
P000000592,10141,1,1
P000000593,10151,1,1
P000000594,10161,1,1
P000000595,10211,1,1
P000000596,10221,1,1
P000000597,10231,1,1
P000000598,10241,1,1
P000000599,10251,1,1
P000000600,10261,1,1
P000000601,10271,1,1
P000000602,10311,1,1
P000000603,10321,1,1
P000000604,10331,1,1
P000000605,10341,1,1
P000000606,10351,1,1
P000000607,10411,1,1
P000000608,10421,1,1
P000000609,10431,1,1
P000000610,10441,1,1
P000000611,10451,1,1
P000000612,10511,1,1
P000000613,10521,1,1
P000000614,10531,1,1
P000000615,10541,1,1
P000000616,10551,1,1
P000000617,10611,1,1
P000000618,10621,1,1
P000000619,10631,1,1
P000000620,10641,1,1
P000000621,10651,1,1
P000000622,10711,1,1
P000000623,10721,1,1
P000000624,10731,1,1
P000000625,10741,1,1
P000000626,10751,1,1
P000000627,10811,1,1
P000000628,10821,1,1
P000000629,10831,1,1
P000000630,10841,1,1
P000000631,10851,1,1
P000000632,10911,1,1
P000000633,10921,1,1
P000000634,10931,1,1
P000000635,10941,1,1
P000000636,10951,1,1
P000000637,11011,1,1
P000000638,11021,1,1
P000000639,11031,1,1
P000000640,11041,1,1
P000000641,11051,1,1
P000000642,11111,1,1
P000000643,11121,1,1
P000000644,11131,1,1
P000000645,11141,1,1
P000000646,11151,1,1
P000000647,11211,1,1
P000000648,11221,1,1
P000000649,11231,1,1
P000000650,11241,1,1
P000000651,11251,1,1
P000000652,11261,1,1
P000000653,11311,1,1
P000000654,11321,1,1
P000000655,11331,1,1
P000000656,11341,1,1
P000000657,11351,1,1
P000000658,11411,1,1
P000000659,11421,1,1
P000000660,11431,1,1
P000000661,11441,1,1
P000000662,11451,1,1
P000000663,11511,1,1
P000000664,11521,1,1
P000000665,11531,1,1
P000000666,11541,1,1
P000000667,11551,1,1
P000000668,11611,1,1
P000000669,11621,1,1
P000000670,11631,1,1
P000000671,11641,1,1
P000000672,11651,1,1
P000000673,11711,1,1
P000000674,11721,1,1
P000000675,11731,1,1
P000000676,11741,1,1
P000000677,11751,1,1
P000000678,11811,1,1
P000000679,11821,1,1
P000000680,11831,1,1
P000000681,11841,1,1
P000000682,11851,1,1
P000000683,11861,1,1
P000000684,11871,1,1
P000000685,11911,1,1
P000000686,11921,1,1
P000000687,11931,1,1
P000000688,11941,1,1
P000000689,11951,1,1
P000000690,12011,1,1
P000000691,12021,1,1
P000000692,12031,1,1
P000000693,12041,1,1
P000000694,12051,1,1
P000000695,12111,1,1
P000000696,12121,1,1
P000000697,12131,1,1
P000000698,12141,1,1
P000000699,12151,1,1
P000000700,12161,1,1
P000000701,12171,1,1
P000000702,12181,1,1
P000000703,12211,1,1
P000000704,12221,1,1
P000000705,12231,1,1
P000000706,12241,1,1
P000000707,12251,1,1
P000000708,12311,1,1
P000000709,12321,1,1
P000000710,12331,1,1
P000000711,12341,1,1
P000000712,12351,1,1
P000000713,12411,1,1
P000000714,12421,1,1
P000000715,12431,1,1
P000000716,12441,1,1
P000000717,12451,1,1
P000000718,12511,1,1
P000000719,12521,1,1
P000000720,12531,1,1
P000000721,12541,1,1
P000000722,12551,1,1
P000000723,12611,1,1
P000000724,12621,1,1
P000000725,12631,1,1
P000000726,12641,1,1
P000000727,12651,1,1
P000000728,12661,1,1
P000000729,12711,1,1
P000000730,12721,1,1
P000000731,12731,1,1
P000000732,12741,1,1
P000000733,12751,1,1
P000000734,12811,1,1
P000000735,12821,1,1
P000000736,12831,1,1
P000000737,12841,1,1
P000000738,12851,1,1
P000000739,12911,1,1
P000000740,12921,1,1
P000000741,12931,1,1
P000000742,12941,1,1
P000000743,12951,1,1
P000000744,13011,1,1
P000000745,13021,1,1
P000000746,13031,1,1
P000000747,13041,1,1
P000000748,13051,1,1
P000000749,13111,1,1
P000000750,13121,1,1
P000000751,13131,1,1
P000000752,13141,1,1
P000000753,13151,1,1
P000000754,13211,1,1
P000000755,13221,1,1
P000000756,13231,1,1
P000000757,13241,1,1
P000000758,13251,1,1
P000000759,13311,1,1
P000000760,13321,1,1
P000000761,13331,1,1
P000000762,13341,1,1
P000000763,13351,1,1
P000000764,13411,1,1
P000000765,13421,1,1
P000000766,13431,1,1
P000000767,13441,1,1
P000000768,13451,1,1
P000000769,13511,1,1
P000000770,13521,1,1
P000000771,13531,1,1
P000000772,13541,1,1
P000000773,13551,1,1
P000000774,13611,1,1
P000000775,13621,1,1
P000000776,13631,1,1
P000000777,13641,1,1
P000000778,13651,1,1
P000000779,13661,1,1
P000000780,13671,1,1
P000000781,13711,1,1
P000000782,13721,1,1
P000000783,13731,1,1
P000000784,13741,1,1
P000000785,13751,1,1
P000000786,13811,1,1
P000000787,13821,1,1
P000000788,13831,1,1
P000000789,13841,1,1
P000000790,13851,1,1
P000000791,13911,1,1
P000000792,13921,1,1
P000000793,13931,1,1
P000000794,13941,1,1
P000000795,13951,1,1
P000000796,14011,1,1
P000000797,14021,1,1
P000000798,14031,1,1
P000000799,14041,1,1
P000000800,14051,1,1
