ProductID,CreatorID,ProductName,Description,Price,CostPrice,StatusID,StockLevelType,AlertQty,SortOrder,CategoryIDs,TagIDs
P000000001,C00001,午后貓影水彩明信片,捕捉貓咪在窗邊打盹的溫暖瞬間，筆觸細膩。,150,30,2,normal,5,1,16,18|30|31
P000000002,C00001,森林微光手繪書籤,以透明水彩描繪森林深處的晨曦，附手工流蘇。,120,25,2,normal,5,1,16,18|30|38
P000000003,C00001,四季花卉貼紙包,包含 12 種不同季節的手繪花卉，防水防曬材質。,220,45,1,normal,5,1,16,29|30|32
P000000004,C00001,客製化寵物似顏繪 (A5),專業職人手繪，精確捕捉寵物的神韻與個性。,1200,200,2,normal,5,1,16,4|18|31
P000000005,C00001,晨間咖啡帆布袋,將手繪咖啡杯圖樣印製於厚磅帆布上，文青必備。,450,120,2,zero,5,1,16,29
P000000006,C00001,夢幻星空原創插畫 (A4),描繪充滿想像力的銀河，適合居家牆面裝飾。,850,150,2,normal,5,1,16,3|67
P000000007,C00001,手繪陶瓷咖啡杯,每一只杯子上的圖案皆為親手繪製，絕不重複。,680,180,2,normal,5,1,16,18|19|63
P000000008,C00002,禪意水墨掛軸,以現代技法呈現山水意境，適合簡約空間。,2500,600,2,normal,5,1,16,43|67
P000000009,C00002,墨跡和紙膠帶,融合書法線條與墨點的設計，增添手帳質感。,180,35,2,normal,5,1,16,30
P000000010,C00002,仿古手繪團扇,夏日消暑佳品，扇面手繪有清新的金魚戲水。,550,110,2,low,5,1,16,18
P000000011,C00002,墨香陶瓷吸水杯墊,墨水暈染效果與吸水陶瓷的完美結合。,250,50,2,normal,5,1,16,19|63
P000000012,C00002,現代書法裝飾框,簡約的一字書法，詮釋空間的寧靜感。,1200,250,2,normal,5,1,16,42|59|67
P000000013,C00003,壓克力流體畫 (30cm),繽紛色彩交織而成的抽象流動，極具現代感。,1800,300,2,normal,5,1,16,67
P000000014,C00003,奇幻森林手繪手機殼,壓克力彩繪質感，描繪發光植物與神祕生物。,750,150,2,normal,5,1,16,18|38|62
P000000015,C00003,抽象色彩筆記本,封面為壓克力重彩手繪，每一本都是藝術品。,480,90,2,normal,5,1,16,30
P000000016,C00003,色彩撞擊陶瓷托盤,兼具收納與裝飾功能，邊緣帶有金漆點綴。,950,220,2,normal,5,1,16,19|63
P000000017,C00003,夢境系列小油畫,木框裝裱，呈現具備厚度感的夢幻雲海。,1500,350,2,normal,5,1,16,67
P000000018,C00003,創意彩繪杯墊套組,一組四入，每片皆代表不同的色彩情緒。,600,120,2,normal,5,1,16,63
P000000019,C00004,城市速寫明信片組,紀錄倫敦、巴黎與東京的經典街景速寫。,350,60,2,normal,5,1,16,30
P000000020,C00004,旅人手感筆記本,牛皮紙質封面，適合紀錄旅途中的點滴心情。,380,80,2,low,5,1,16,30
P000000021,C00004,復古相機圖樣紙膠帶,收集了多款經典底片相機的插畫。,150,30,2,normal,5,1,16,30|36
P000000022,C00004,城市座標帆布袋,以極簡線條勾勒出特定城市的經緯度與地標。,520,130,2,normal,5,1,16,29
P000000023,C00004,速寫風陶瓷馬克杯,杯身帶有如鉛筆素描般的歐洲小鎮風景。,580,140,2,normal,5,1,16,19|63
P000000024,C00004,旅行地圖手繪掛畫,帆布材質，適合標記你曾經去過的足跡。,1800,400,2,normal,5,1,16,18|67
P000000025,C00004,座標印章組,包含多款與旅行相關的小圖案，手繪風格。,450,100,2,zero,5,1,16,30
P000000026,C00004,雲端上的明信片盒,精緻鐵盒裝，收錄了 20 張關於飛機窗景的畫作。,650,150,2,normal,5,1,16,30
P000000027,C00005,雲朵小羊陶瓷擺飾,造型軟萌，呈現如棉花糖般的輕盈視覺。,850,200,2,normal,5,1,16,19|59
P000000028,C00005,星空下的狐狸帆布包,夢幻的紫色系插畫，充滿童話感。,580,140,1,normal,5,1,16,29
P000000029,C00005,彩虹水滴手繪胸針,木質基底，手繪上繽紛的彩虹漸層色。,280,60,2,normal,5,1,16,18|62
P000000030,C00005,森林童話和紙貼紙,充滿夢幻氣息的動植物圖案，透明質感。,180,40,2,normal,5,1,16,30|38
P000000031,C00005,夢境世界裝飾畫,結合寵物與奇幻元素的畫作，溫暖療癒。,2200,500,2,low,5,1,16,67
P000000032,C00006,台灣檜木手工餐具組,淡淡檜木清香，手工打磨至極致細滑。,1200,350,2,normal,5,1,4,1|7|63
P000000033,C00006,胡桃木極簡面紙盒,全榫接工法，不使用任何金屬釘子。,1800,550,2,normal,5,1,4,7|34|59
P000000034,C00006,原木年輪杯墊,保留天然樹皮邊緣，展現原始森林美感。,250,60,2,normal,5,1,4,7|63
P000000035,C00006,手作木質沙拉碗,一體成型切削，器型圓潤且手感厚實。,2600,800,2,normal,5,1,4,7|63
P000000036,C00006,職人專用木製名片座,獨特的斜切設計，展現俐落的幾何線條。,650,180,2,normal,5,1,4,7|60
P000000037,C00006,森林氣息擴香木,搭配精油使用，讓原木毛細孔緩慢釋放香氣。,450,100,2,normal,5,1,4,7|38|76
P000000038,C00007,六角編織竹編提盤,傳統工法與現代幾何美學的結合。,1600,450,2,normal,5,1,4,7|20|29
P000000039,C00007,現代風竹編吊燈,透過編織縫隙灑下的光影極具氛圍感。,3500,900,2,normal,5,1,4,7|42|59
P000000040,C00007,文青風竹編隔熱墊,紮實的編織結構，耐熱且具防滑功能。,320,80,2,normal,5,1,4,7|48
P000000041,C00007,竹韻手作扇,輕巧耐用，是夏日裡的一抹清涼。,480,120,2,normal,5,1,4,7
P000000042,C00007,竹子造型擴香瓶,模擬竹節形狀的陶瓷瓶，搭配竹枝擴香棒。,1200,300,2,normal,5,1,4,7|76
P000000043,C00007,輕巧型竹編名片盒,隨身攜帶展現獨特職人品味。,550,150,2,normal,5,1,4,7|60
P000000044,C00008,原始邊緣原木邊桌,保留樹皮自然紋理，每件形狀皆獨一無二。,6800,2200,2,low,5,1,4,7|59
P000000045,C00008,隨形原木花器,根據木材天然空隙設計，內嵌玻璃試管。,1200,350,2,normal,5,1,4,7|59
P000000046,C00008,山岳造型木質書擋,仿造中央山脈稜線切割，展現山林的張力。,1500,400,2,normal,5,1,4,7|59
P000000047,C00008,森林回音擴音座,利用物理共鳴原理，無需插電即可放大音量。,1800,550,2,normal,5,1,4,38
P000000048,C00008,漂流木藝術壁掛,收集東海岸漂流木組合成的抽象牆面藝術。,3200,800,2,normal,5,1,4,7|67
P000000049,C00008,原木手感裁紙刀,握柄依人體工學切削，展現極致打磨手感。,650,150,2,normal,5,1,4,7
P000000050,C00009,微型森林辦公桌置物架,將文具與小盆栽結合的微縮景觀收納盒。,1450,420,2,normal,5,1,4,38|59
P000000051,C00009,磁吸式木質迴紋針座,內藏強力磁鐵，讓迴紋針像樹葉般吸附。,550,120,2,normal,5,1,4,30|42
P000000052,C00009,胡桃木精密鋼筆盒,極簡線條設計，內襯柔軟羊絨，保護筆身。,1200,380,2,normal,5,1,4,18|30
P000000053,C00009,微縮建築造型名片座,仿造北歐小房子設計，為桌面增添趣味。,480,110,2,normal,5,1,4,18|19|63
P000000054,C00009,幾何切面木質印章盒,獨特的稜角切面，展現俐落的現代感。,680,180,1,normal,5,1,4,3|30|36
P000000055,C00009,木質標籤標示牌 (一組),適合文博會或市集使用的精緻小木牌。,350,80,2,normal,5,1,4,18|29|38
P000000056,C00009,手機專用木質集線器,告別雜亂電線，讓充電桌面保持清爽。,580,140,2,normal,5,1,4,3|67
P000000057,C00009,掌中小木馬擺飾,療癒系的微型搖搖馬，手工精雕細琢。,850,220,2,normal,5,1,4,18|19|63
P000000058,C00010,輪年系列圓形茶几,桌面展現完整的年輪層次，象徵時間流逝。,8500,2800,2,low,5,1,4,67
P000000059,C00010,年輪美學托盤,精選橫截面木料，上漆後展現波光質感。,1500,450,2,normal,5,1,4,7|34|60
P000000060,C00010,時間軌跡壁鐘,無數字設計，僅保留木材天然的圓形年輪。,2800,900,2,normal,5,1,4,18|30|46
P000000061,C00010,輪年手工鋼筆,筆身採用百年古木，每一支皆有不同紋理。,3200,1100,2,normal,5,1,4,4|7|62
P000000062,C00010,幾何疊加木質杯墊,利用年輪深淺色差進行拼接的幾何圖樣。,450,120,2,normal,5,1,4,7|36|70
P000000063,C00011,極簡日和帆布托特包,厚磅日本帆布，大容量且結構紮實耐磨。,1280,400,2,normal,5,1,2,18|40
P000000064,C00011,職人二合一筆袋捲,展開式設計，可收納鋼筆與各種繪圖工具。,650,180,2,normal,5,1,2,38|59|76
P000000065,C00011,便攜式手作針線包,包含基礎工具，適合旅行中緊急修補。,480,120,2,normal,5,1,2,19|34|59
P000000066,C00011,防水內層便當袋,簡約格紋設計，內層具備防潑水易清功能。,550,150,2,normal,5,1,2,3|30
P000000067,C00011,刺繡姓名標籤訂製,運用電繡工法，為你的包袋增加專屬識別。,250,50,2,normal,5,1,2,9|17|60
P000000068,C00011,多隔層帆布收納盒,適合收納桌上的零星小物，維持空間整潔。,720,220,2,normal,5,1,2,1|7|63
P000000069,C00011,純棉帆布圍裙,職人感十足的設計，交叉背帶減輕頸部負擔。,1100,350,2,low,5,1,2,18|29
P000000070,C00012,法式碎花束口袋,經典小碎花布料，點綴精緻蕾絲邊飾。,380,90,2,normal,5,1,2,32|59
P000000071,C00012,手縫浪漫花朵髮帶,每一朵小花皆由手工縫製，甜美且優雅。,450,110,2,normal,5,1,2,10|34|60
P000000072,C00012,鄉村風刺繡抱枕,以花卉圖騰為主題，十字繡工藝精緻。,950,280,2,normal,5,1,2,18|19|63
P000000073,C00012,碎花拼接化妝包,結合不同花色的布料，呈現層次豐富的美感。,580,160,2,normal,5,1,2,7|37|67
P000000074,C00012,手工刺繡手帕禮盒,柔軟棉紗材質，角落繡有細小精緻的花卉。,320,70,2,normal,5,1,2,3|30|31
P000000075,C00013,古法藍染長巾,漸層染工法，如海洋般的深淺藍色交疊。,1850,550,2,normal,5,1,2,18|19|63
P000000076,C00013,雲染藝術布簾,模擬雲朵流動的紋理，為窗邊帶來靜謐感。,2200,700,2,normal,5,1,2,30|42
P000000077,C00013,藍染拼接拼布地墊,利用不同染度的殘布拼接，充滿藝術氣息。,3500,1200,2,normal,5,1,2,18|49|62
P000000078,C00013,夾染圓形坐墊,獨特的放射狀花紋，呈現幾何的對稱美感。,1200,380,1,low,5,1,2,9|30|36
P000000079,C00013,藍染手工提袋,結構簡約，重點在於布料迷人的色澤變化。,980,280,2,normal,5,1,2,1|15|38
P000000080,C00013,藍染布封口筆記本,封面為實體藍染布包裹，手感溫潤且獨特。,520,150,2,normal,5,1,2,3|67
P000000081,C00014,詩歌刺繡大口袋裙,在裙擺大口袋處繡有簡短詩句，文藝感十足。,2400,800,2,normal,5,1,2,4|18|19|31
P000000082,C00014,文學家主題束口袋,以世界名著為靈感，拼貼出意境圖像。,550,160,2,normal,5,1,2,7|35|59
P000000083,C00014,異材質拼接圍巾,融合蕾絲、雪紡與亞麻，展現如詩的層次。,1600,450,2,normal,5,1,2,18|30|68
P000000084,C00014,故事書造型收納包,外觀如同一本精裝書，內可收納文具或飾品。,850,240,2,normal,5,1,2,18|53
P000000085,C00014,手工縫製文字胸針,以黑線在白布上縫出具有溫度的手寫字體。,280,60,2,normal,5,1,2,1|9|29
P000000086,C00014,刺繡蕾絲裝飾桌巾,結合復古蕾絲與詩意的草葉刺繡。,1200,350,2,normal,5,1,2,25|38|59
P000000087,C00014,拼接藝術帆布掛畫,將詩句印製於布面上，搭配碎布拼貼裝飾。,1800,500,2,low,5,1,2,19|63
P000000088,C00014,溫柔告白面紙套,繡有簡約的心跳線條與暖心文字。,450,110,2,normal,5,1,2,18|29|36
P000000089,C00015,有機棉麻寬鬆上衣,親膚透氣的材質，大方俐落的剪裁。,2800,950,2,normal,5,1,2,43|76
P000000090,C00015,樸素色調棉麻圍裙,無印風色彩，適合日常料理或園藝使用。,1100,320,2,zero,5,1,2,7|42|59
P000000091,C00015,禪意素色茶席布,讓品茶時光回歸純淨，手感樸實自然。,750,220,2,normal,5,1,2,18|19|63
P000000092,C00015,有機棉束口收納袋,多種尺寸組，適合旅行時整理衣物。,680,180,2,normal,5,1,2,3|67
P000000093,C00015,素色棉麻抱枕套,觸感厚實且耐看，為空間注入平穩能量。,550,150,2,normal,5,1,2,20|29|39
P000000094,C00016,有機棉長耳朵兔兔偶,專為嬰兒設計，安全無毒且觸感極其柔軟。,1200,350,2,normal,5,1,22,19|32|46
P000000095,C00016,雲朵微笑安撫枕,造型圓潤，幫助孩子進入安穩夢鄉。,850,240,2,normal,5,1,22,14|18|30
P000000096,C00016,森林系刺蝟手偶,可與孩子互動的有趣手偶，增加親子時光。,650,180,1,normal,5,1,22,1|10|38|60
P000000097,C00016,柔軟大象抱抱偶,長長的象鼻與寬大的耳朵，極具安全感。,1500,450,2,normal,5,1,22,18|62|67
P000000098,C00016,睡夢中小熊布偶盒,包含一隻小熊與一條專屬的小毛毯。,1800,550,2,normal,5,1,22,7|42|63
P000000099,C00016,寶寶首選有機棉搖鈴偶,內置清脆鈴聲，吸引嬰兒注意力。,450,120,2,normal,5,1,22,18|29|49
P000000100,C00017,三眼怪奇毛絨偶,鮮豔撞色設計，擁有獨特的怪誕美感。,950,280,2,normal,5,1,22,4|18|93
P000000101,C00017,長腳搞怪獸掛飾,可掛於包包上，展現不凡的個性與幽默。,350,90,2,normal,5,1,22,3
P000000102,C00017,歪脖子大嘴怪枕頭,誇張的表情設計，是沙發上的視覺焦點。,1200,350,2,normal,5,1,22,3
P000000103,C00017,拼接感異材質怪獸,結合皮革、帆布與毛絨，手感層次分明。,1800,600,2,normal,5,1,22,3
P000000104,C00017,害羞怪奇布袋偶,手部有磁鐵設計，可以遮住眼睛或抱抱。,850,240,2,normal,5,1,22,29
P000000105,C00017,獨角變色龍公仔,採用亮片布料，隨角度變換色彩。,750,220,2,low,5,1,22,3
P000000106,C00017,搞怪表情組貼布繡,隨意熨燙在衣物上，打造自己的怪奇風。,280,60,2,normal,5,1,22,3
P000000107,C00018,擬真森林小鹿偶,細膩的斑點噴印與優雅的姿態設計。,2200,750,2,normal,5,1,22,38
P000000108,C00018,松鼠與橡實組,包含一隻蓬鬆尾巴的小松鼠與一顆布橡實。,950,280,2,normal,5,1,22,3
P000000109,C00018,森林貓頭鷹掛飾,翅膀帶有層層堆疊的布片，展現羽毛質感。,520,150,2,normal,5,1,22,31|38
P000000110,C00018,紅帽小狐狸玩偶,穿著紅色斗篷的可愛狐狸，宛如走進童話。,1200,350,2,normal,5,1,22,3
P000000111,C00018,森林精靈布娃娃,擁有花草點綴的髮絲，神祕而療癒。,1800,550,2,normal,5,1,22,38
P000000112,C00019,超長舒壓雲朵抱枕,長度 120cm，適合側睡或放鬆依靠。,2800,900,2,normal,5,1,22,3
P000000113,C00019,圓滾滾大貓咪抱偶,極致彈性布料，像麻糬般好揉好捏。,1500,480,2,normal,5,1,22,31
P000000114,C00019,減壓重力小袋鼠偶,內部含有配重顆粒，放置於膝蓋上具穩定感。,1200,380,2,normal,5,1,22,29
P000000115,C00019,懶洋洋樹懶長枕,慵懶表情與柔軟長臂，讓人一抱就愛上。,1800,600,2,zero,5,1,22,3
P000000116,C00019,繽紛馬卡龍圓靠墊,糖果色系設計，點亮居家角落。,650,180,2,normal,5,1,22,3
P000000117,C00019,U型頸部療癒枕,旅行出差好夥伴，提供完美的支撐。,580,160,1,normal,5,1,22,46
P000000118,C00019,抱抱時光專屬大披毯,帶有可愛兜帽，可穿在身上當作大偶。,1600,500,2,normal,5,1,22,3
P000000119,C00019,溫馨小屋三角靠墊,適合在床上閱讀時支撐背部。,1350,420,2,low,5,1,22,3
P000000120,C00019,愛心迷你抱枕組,一組三入，傳遞滿滿的溫暖與愛。,450,120,2,normal,5,1,22,3
P000000121,C00020,鉤針編織小熊公仔,傳統鉤針技法，擁有獨特的格點質感。,1200,350,2,normal,5,1,22,20
P000000122,C00020,針織植物微縮盆栽,永不枯萎的綠意，放在桌面超吸睛。,550,150,2,normal,5,1,22,20|32
P000000123,C00020,北歐風手織大象偶,簡約灰色調，細緻的針法展現高品質。,1500,450,2,normal,5,1,22,20
P000000124,C00020,編織動物造型髮帶,充滿童趣的貓耳或兔耳設計，深受好評。,380,100,2,normal,5,1,22,20|28
P000000125,C00020,針織好朋友午睡枕,結合布料與針織面，提供不同層次的觸感。,950,280,2,normal,5,1,22,20
P000000126,C00021,植鞣革手縫長夾,經典工藝，隨使用時間展現迷人古色。,4500,1500,2,normal,5,1,3,17
P000000127,C00021,原創墨漬感零錢包,透過特殊技法在皮革上呈現墨水暈染感。,1200,350,2,normal,5,1,3,3|29
P000000128,C00021,硬派皮革工具捲包,適合職人收納刀具或昂貴筆具。,2800,900,2,normal,5,1,3,9|29
P000000129,C00021,皮墨原創護照套,旅行中的質感夥伴，內含多格卡槽。,1800,550,2,normal,5,1,3,3|9
P000000130,C00021,手工皮革滑鼠墊,提升辦公質感，滑動順暢且越用越亮。,1500,450,2,normal,5,1,3,1|9
P000000131,C00021,皮革與金屬結合飾品架,簡約的皮革托盤結合工業風黃銅桿。,2200,700,2,normal,5,1,3,9|28
P000000132,C00022,粗獷風格斜背包,顯眼的粗手縫線與厚實牛皮，充滿生命力。,6500,2200,2,normal,5,1,3,29
P000000133,C00022,重機騎士皮革腰袋,專為便利取物設計，外型硬派俐落。,3500,1200,2,normal,5,1,3,9|29
P000000134,C00022,手縫職人專用工作袋,結構堅固，可懸掛於腰間放置各種工具。,2500,800,2,normal,5,1,3,17|29
P000000135,C00022,復古銅釦手札本,手縫皮革封套，可更換內頁，陪伴一生。,1800,600,2,normal,5,1,3,36
P000000136,C00022,皮革隔熱杯套 (一組),為你的露營杯增添一份職人氣息。,650,180,2,normal,5,1,3,9
P000000137,C00022,匠心系列鑰匙收納夾,緊湊設計，防止鑰匙碰撞發出聲響。,850,250,2,normal,5,1,3,3
P000000138,C00022,皮革手工皮帶,實心黃銅釦頭，經久耐用的最佳保證。,2200,700,2,normal,5,1,3,1|9
P000000139,C00023,羔羊皮編織晚宴包,柔軟觸感與精緻編織，展現極致優雅。,8800,3000,2,normal,5,1,3,9|20|29
P000000140,C00023,玫瑰金釦輕巧小方包,俐落線條，適合日常社交場合配戴。,5200,1800,2,normal,5,1,3,29
P000000141,C00023,珠寶質感皮革首飾盒,內襯高級麂皮，細心呵護你的珍貴飾品。,3200,1100,1,normal,5,1,3,9
P000000142,C00023,纖細皮編手環,結合18K金配件，低調而奢華。,1800,600,2,normal,5,1,3,9|28
P000000143,C00023,皮革流蘇手拿包,隨著步伐擺動的流蘇，展現靈動美感。,4500,1500,2,low,5,1,3,9|29
P000000144,C00024,復古相機包 (經典款),內有防震襯墊，完美保護你的愛機。,4800,1600,2,normal,5,1,3,29|36
P000000145,C00024,老派紳士公事包,雙釦設計，重現上世紀的商務美學。,7500,2500,2,normal,5,1,3,29
P000000146,C00024,手工皮底復古樂福鞋,舒適透氣，每一雙皆為師傅手工訂製。,6800,2200,2,normal,5,1,3,1|9|36
P000000147,C00024,復古圓形化妝鏡箱,外殼包裹皮革，內附高清晰大鏡面。,3500,1100,2,normal,5,1,3,36
P000000148,C00024,懷舊皮質信封包,A4 尺寸，適合收納重要的文件或合約。,2200,750,2,normal,5,1,3,9|29
P000000149,C00024,皮革復古行李掛牌,讓你的行李箱在一片茫茫包海中脫穎而出。,550,180,2,normal,5,1,3,9|36
P000000150,C00024,復古色調皮革眼鏡盒,三角摺疊設計，不使用時可扁平收納。,1200,400,2,normal,5,1,3,9|36
P000000151,C00024,懷舊皮革鑰匙圈組,經典黃銅五金與厚實皮革的完美邂逅。,450,140,2,normal,5,1,3,9
P000000152,C00025,超輕量雲朵皮夾,捨棄繁複層次，回歸極簡的輕量體驗。,2200,700,2,normal,5,1,3,9
P000000153,C00025,通勤族專用頸掛識別證套,柔和色系與細緻皮繩，不磨傷頸部肌膚。,950,300,1,normal,5,1,3,3
P000000154,C00025,摺疊型皮革購物袋,可摺疊成手掌大小，優雅應對臨時採購。,1800,600,2,normal,5,1,3,9|29
P000000155,C00025,柔皮日常手機斜背袋,輕巧出門的首選，可收納手機與三張卡片。,1500,500,2,normal,5,1,3,9|29
P000000156,C00025,多功能皮革耳機收納套,完美收納藍牙耳機，磁扣設計取用方便。,680,220,2,normal,5,1,3,9|74
P000000157,C00025,柔皮系列筆記本封套,讓寫字時的手感更加柔軟舒適。,1200,400,2,low,5,1,3,9|30
P000000158,C00026,晨曦森林冷製皂,添加雪松與冷杉精油，洗後如漫步森林。,380,110,2,normal,5,1,27,38
P000000159,C00026,羊奶蜂蜜滋養皂,適合乾性肌，泡沫如奶油般細密豐盈。,420,120,1,normal,5,1,27,3
P000000160,C00026,雲朵造型起泡網,專利網織技術，能輕鬆搓出如浮雲般的泡泡。,150,35,2,normal,5,1,27,3
P000000161,C00026,薰衣草舒眠沐浴組,包含手工皂與絲巾包裹，送禮首選。,980,280,2,normal,5,1,27,3
P000000162,C00026,竹炭深層淨化黑皂,強力吸附油脂，針對油性肌膚設計。,350,90,2,normal,5,1,27,7
P000000163,C00026,泡沫浮雲手工皂盤,特殊疏水設計，保持皂體乾燥不軟爛。,550,150,2,zero,5,1,27,1
P000000164,C00027,喜馬拉雅粉紅浴鹽,蘊含多種礦物質，促進排汗與放鬆身心。,680,180,2,normal,5,1,27,3
P000000165,C00027,尤加利清爽去角質霜,以細緻海鹽為基底，溫和代謝老廢角質。,750,220,2,normal,5,1,27,3
P000000166,C00027,橙花舒壓足浴包,睡前足浴的好夥伴，緩解足部痠痛。,450,120,2,normal,5,1,27,29|32
P000000167,C00027,礦物能量沐浴球,投入水中產生繽紛氣泡，釋放精油香氣。,280,70,2,normal,5,1,27,3
P000000168,C00027,鹽之呼吸純棉浴巾,高吸水力長絨棉，觸感如海鹽般蓬鬆。,1200,350,2,normal,5,1,27,3
P000000169,C00028,艾草舒緩洗髮露,濃縮植物精華，有效平衡頭皮油脂。,850,240,2,low,5,1,27,3
P000000170,C00028,茶樹淨化沐浴膠,清新茶樹香氣，帶來極致的清爽洗感。,780,210,2,normal,5,1,27,3
P000000171,C00028,森林系植萃潤膚乳,質地輕盈好吸收，散發淡淡木質香調。,920,260,2,normal,5,1,27,38
P000000172,C00028,草本頭皮按摩油,結合多種精油，活絡頭皮並放鬆壓力。,1100,300,2,normal,5,1,27,9
P000000173,C00028,植萃手工洗顏慕斯,自動起泡設計，溫和洗淨臉部髒汙。,580,160,2,normal,5,1,27,1
P000000174,C00028,草本萃取隨身皂片,出國旅行必備，輕巧易攜帶。,180,40,2,normal,5,1,27,3
P000000175,C00028,廣藿香深層修護膏,針對手肘、足跟乾燥處提供強力滋潤。,450,110,2,normal,5,1,27,3
P000000176,C00028,職人手作草本暖包,內含多種藥草，加熱後散發舒壓氣味。,650,180,2,normal,5,1,27,29
P000000177,C00029,寶石系渲染手工皂,每一塊都像切割過的彩色礦石，視覺震撼。,520,140,2,normal,5,1,27,1
P000000178,C00029,虹光透感沐浴凝露,液體帶有細緻亮粉，如流動的光影。,680,190,2,normal,5,1,27,3
P000000179,C00029,光影交織香氛蠟燭,容器經過特殊設計，點燃後投射美觀陰影。,1200,350,2,normal,5,1,27,20|76
P000000180,C00029,琉璃質感肥皂架,純手工燒製，呈現半透明的水波紋美感。,750,220,2,normal,5,1,27,3
P000000181,C00029,漸層星空浴用鹽磚,投入水中後會將水色染成如星空般的藍。,420,110,2,normal,5,1,27,3
P000000182,C00029,沐浴光影限量禮盒,集結品牌明星商品，包裝具現代藝術感。,2200,600,2,normal,5,1,27,2|85
P000000183,C00029,絲絨感沐浴手套,柔軟材質，能增加清潔時的手部舒適度。,280,70,1,normal,5,1,27,3
P000000184,C00030,無香料敏弱肌修護乳,針對極度乾燥與敏感肌膚設計的保濕配方。,1500,450,2,zero,5,1,27,3
P000000185,C00030,金盞花溫和洗顏凝露,舒緩肌膚紅腫，洗後不緊繃。,650,180,2,normal,5,1,27,32
P000000186,C00030,嬰兒專用極簡沐浴油,無淚配方，溫柔守護寶寶幼嫩肌膚。,980,280,2,normal,5,1,27,34
P000000187,C00030,屏障修護神經醯胺精華,強化肌膚抵抗力，解決換季過敏問題。,1800,550,2,normal,5,1,27,3
P000000188,C00030,純淨之源有機棉巾,無漂染處理，保留棉花天然的細緻觸感。,450,120,2,normal,5,1,27,3
P000000189,C00031,手工鏤空陶瓷小夜燈,投射出漫天星斗的溫暖光影。,1450,450,2,normal,5,1,12,1|19|59
P000000190,C00031,復古銅質玻璃燭台,經典歐式風格，增添居家浪漫氛圍。,850,250,2,normal,5,1,12,36
P000000191,C00031,森林系木質氛圍燈,原木底座結合手繪透光片，呈現自然意境。,1800,550,2,normal,5,1,12,7|38|59
P000000192,C00031,月亮造型感應燈,溫潤的磨砂質感，陪伴你半夜的腳步。,950,280,2,normal,5,1,12,59
P000000193,C00031,微光乾花裝飾燈串,將永生花封存於燈泡中，浪漫唯美。,720,200,2,normal,5,1,12,32|59
P000000194,C00031,鑄鐵極簡幾何燭台,工業風設計，線條俐落大方。,580,160,2,normal,5,1,12,34
P000000195,C00032,水泥與胡桃木擴香座,硬冷建築材料與溫潤木質的完美碰撞。,1200,380,2,normal,5,1,12,7|76
P000000196,C00032,工業風水泥木質時鐘,數字處以木條鑲嵌，展現衝突之美。,2500,800,2,normal,5,1,12,7|37
P000000197,C00032,雙材質幾何名片架,桌面上的藝術品，低調展現品味。,450,120,2,low,5,1,12,60
P000000198,C00032,植感水泥木框盆器,適合種植多肉植物，極具層次感。,780,220,2,normal,5,1,12,7
P000000199,C00032,木石共生書桌集線器,磁吸設計，讓電線不再凌亂。,850,250,2,normal,5,1,12,7|59
P000000200,C00033,民族風 Macram? 壁掛,手工編織複雜圖騰，賦予空間立體感。,2200,650,2,normal,5,1,12,67
P000000201,C00033,漂流木編織小掛飾,結合大自然素材，呈現野性之美。,580,150,2,normal,5,1,12,7|20
P000000202,C00033,幾何撞色手工編織毯,適合掛在床頭或沙發背後裝飾。,3800,1100,2,normal,5,1,12,1|20
P000000203,C00033,編織流蘇植物吊籃,讓植栽向上延伸，節省地面空間。,750,200,2,normal,5,1,12,20|32
P000000204,C00033,捕夢網編織掛飾,守護美夢，適合裝飾於窗邊。,850,250,2,normal,5,1,12,20
P000000205,C00033,羊毛氈立體裝飾掛布,溫暖質感，適合冬日居家裝飾。,1500,450,2,normal,5,1,12,27|59
P000000206,C00033,迷你編織鑰匙包,將掛毯工藝縮小，隨身攜帶手作感。,320,80,2,normal,5,1,12,20|29
P000000207,C00034,水晶捕夢網掛飾,捕捉陽光並折射出滿室的七彩光芒。,1200,350,1,normal,5,1,12,3
P000000208,C00034,彩虹太陽捕手 (Sun Catcher),彩色玻璃與透明水晶的完美組合。,950,280,2,normal,5,1,12,3
P000000209,C00034,窗邊微光彩色花瓶,透過光影反射呈現迷幻的視覺效果。,1500,450,2,low,5,1,12,32
P000000210,C00034,玻璃彩繪裝飾貼,免膠設計，讓窗戶瞬間變成彩繪玻璃。,450,120,2,normal,5,1,12,59
P000000211,C00034,懸掛式空氣鳳梨座,簡約金屬線條，讓植物在窗前起舞。,680,180,2,normal,5,1,12,3
P000000212,C00034,窗邊日常手作風鈴,玻璃清脆聲響，帶來夏季的清涼感。,850,240,2,normal,5,1,12,3
P000000213,C00035,復古色調木質層架,呈現歲月斑駁感，收納你的珍貴雜貨。,1800,550,2,normal,5,1,12,7|36
P000000214,C00035,仿舊錫製收納盒,刻有優雅圖騰，適合放置文具或印章。,450,120,2,normal,5,1,12,3
P000000215,C00035,手工編織竹籃組,一組三件，打造鄉村風的收納空間。,1200,380,2,normal,5,1,12,1|7|20
P000000216,C00035,雜貨風陶瓷小湯匙,每一把都有不同的手繪花紋，充滿驚喜。,250,60,2,normal,5,1,12,19
P000000217,C00035,懷舊感布織面紙套,拼布工藝製作，增添居家生活的溫度。,550,150,2,normal,5,1,12,20
P000000218,C00036,仲夏芒果百香果醬,嚴選愛文芒果，濃郁果香中帶有酸甜。,320,90,2,normal,5,1,31,3
P000000219,C00036,森林野莓綜合果醬,集合草莓、藍莓與黑莓，層次感豐富。,350,100,2,low,5,1,31,38
P000000220,C00036,玫瑰荔枝手作果醬,浪漫花香與清甜荔枝的完美邂逅。,380,110,2,normal,5,1,31,3
P000000221,C00036,焦糖威士忌蘋果醬,成人風味，微苦焦糖與蘋果的成熟交織。,420,120,2,normal,5,1,31,3
P000000222,C00036,鮮果時節限量禮盒,包含三款熱門口味，節慶送禮首選。,1100,300,2,normal,5,1,31,2|85
P000000223,C00036,低糖奇異果鳳梨醬,清爽解膩，適合搭配優格或輕食。,320,90,2,normal,5,1,31,3
P000000224,C00037,秘境椒麻油,數十種中藥材慢火熬製，香麻而不燥。,380,110,2,normal,5,1,31,3
P000000225,C00037,職人手作干貝XO醬,滿滿干貝絲與蝦米，鮮味十足。,650,220,2,normal,5,1,31,3
P000000226,C00037,蒜香羅勒青醬,義式風味，拌麵、抹麵包都合適。,450,130,2,normal,5,1,31,3
P000000227,C00037,辛辣朝天椒醬,挑戰你的味蕾極限，辣度十足。,320,90,2,normal,5,1,31,3
P000000228,C00037,秘境香料咖哩醬,濃縮多種異國香料，在家輕鬆煮出大廚味。,480,140,1,normal,5,1,31,3
P000000229,C00038,伯爵茶蘋果果醬,佛手柑香氣與香甜蘋果，優雅的早晨伴侶。,350,100,2,normal,5,1,31,3
P000000230,C00038,鐵觀音焙茶抹醬,濃郁茶香與奶香平衡，口感綿密。,420,120,2,normal,5,1,31,3
P000000231,C00038,茉莉花茶鳳梨醬,清新茉莉花香襯托鳳梨的酸甜。,350,100,2,normal,5,1,31,32
P000000232,C00038,晨曦果食午茶禮盒,果醬、茶包與手工餅乾的完美組合。,1250,350,2,normal,5,1,31,85
P000000233,C00038,金萱茶水梨果醬,清甜多汁，帶有淡淡的奶香茶味。,380,110,2,normal,5,1,31,3
P000000234,C00038,宇治抹茶紅豆醬,抹茶控最愛，選用高品質抹茶粉製作。,450,130,2,normal,5,1,31,3
P000000235,C00038,晨曦手工果茶包組,將乾果與茶葉混搭，冷泡熱沖皆宜。,580,160,2,normal,5,1,31,1|29
P000000236,C00039,慢焙濃郁花生醬 (顆粒),堅持不加一滴水與油，純粹的堅果香。,350,100,2,normal,5,1,31,32
P000000237,C00039,鹽之花黑巧克力醬,苦甜巧克力與頂級鹽花的驚喜碰撞。,480,140,2,normal,5,1,31,32
P000000238,C00039,純粹黑芝麻抹醬,磨至極細，營養豐富且香氣逼人。,380,110,2,normal,5,1,31,3
P000000239,C00039,慢烘核桃楓糖醬,溫潤的楓糖甜味，搭配碎核桃口感。,520,150,2,normal,5,1,31,3
P000000240,C00039,醬心厚道綜合堅果禮盒,一次擁有四種經典口味的迷你瓶。,1500,450,2,normal,5,1,31,85
P000000241,C00039,無糖腰果抹醬,專為健身族群設計，高蛋白且低負擔。,550,160,2,normal,5,1,31,3
P000000242,C00040,酸甜話梅漬小番茄,冰鎮後的爽口滋味，絕佳的開胃小菜。,280,80,2,normal,5,1,31,3
P000000243,C00040,油漬百里香綜合菇,豐富的香料氣息，配酒或拌麵都很棒。,450,130,2,low,5,1,31,3
P000000244,C00040,日式清爽漬蘿蔔,脆口酸甜，解膩的最佳拍檔。,250,70,2,normal,5,1,31,3
P000000245,C00040,蜜漬桂花蜜香釀,將桂花清香鎖進透明蜜液中。,580,160,2,normal,5,1,31,32
P000000246,C00040,漬物日常禮盒包裝,風格簡約清新，分享生活的熟成美味。,1200,350,2,normal,5,1,31,29|85
P000000247,C00041,職人手作木刻版畫 (A4),限量簽名版，展現刀鑿的藝術張力。,2800,600,2,normal,5,1,17,7|67
P000000248,C00041,刻印記憶原創帆布袋,將版畫圖案印製於耐磨帆布上。,550,150,2,normal,5,1,17,3|29
P000000249,C00041,手工壓印明信片組,每一張都有微小差異，具備手作價值。,350,80,2,normal,5,1,17,1|30
P000000250,C00041,刻印工具套組 (入門級),包含雕刻刀、版材與油墨，開啟你的創作。,1200,350,2,normal,5,1,17,3
P000000251,C00041,木刻版畫手札本,封面為實體木刻壓印，觸感立體。,680,180,2,low,5,1,17,7|67
P000000252,C00041,訂製似顏繪木刻版畫,根據照片刻製，最獨特的藝術紀念。,4500,1000,1,normal,5,1,17,7|18|67
P000000253,C00042,葉脈拓印長巾 (純絲),將大自然的脈絡永久留在絲織品上。,3500,1100,2,normal,5,1,17,3
P000000254,C00042,植物拓印藝術掛畫,收集不同季節的葉片，紀錄時間的影子。,1800,500,2,normal,5,1,17,32|67
P000000255,C00042,拓印風格陶瓷餐盤,呈現如化石般的細緻脈絡與質感。,950,280,2,normal,5,1,17,19
P000000256,C00042,手作拓印包裝紙組,為你的禮物披上大自然的藝術外衣。,250,60,2,normal,5,1,17,29
P000000257,C00042,拓之美學手繪提籃,結合藤編與植物拓印布料。,1500,450,2,normal,5,1,17,18
P000000258,C00043,活字印刷字母卡片組,鉛字壓印的觸感，傳遞最有份量的文字。,450,120,2,normal,5,1,17,83
P000000259,C00043,彩墨活字手寫筆記本,內頁帶有淡雅的活字排版底紋。,580,160,2,normal,5,1,17,30
P000000260,C00043,活字印章訂製 (姓名),復刻老字體，打造個人專屬的印記。,1200,350,2,normal,5,1,17,30
P000000261,C00043,墨色渲染信箋組,活字印刷與水彩暈染的完美結合。,380,90,2,low,5,1,17,3
P000000262,C00043,活字印刷迷你海報,激勵語句系列，為空間注入文化底蘊。,650,180,2,normal,5,1,17,3
P000000263,C00043,鉛字造型鑰匙圈,實心金屬打造，復古且具分量感。,320,90,2,zero,5,1,17,3
P000000264,C00044,Riso 印刷藝術海報,鮮豔撞色與顆粒質感，現代空間首選。,950,250,2,normal,5,1,17,3
P000000265,C00044,獨立出版插畫小誌 (Zine),蒐羅多位創作者的作品，具收藏價值。,480,120,2,normal,5,1,17,3|67
P000000266,C00044,紙上版物限量貼紙包,結合多種印刷實驗技術製作。,220,50,2,normal,5,1,17,2|29|30
P000000267,C00044,幾何色塊筆記本,Riso 印刷封面，每一本的疊印位置皆不同。,450,110,1,normal,5,1,17,30
P000000268,C00044,實驗性疊色明信片,展示不同顏色重疊後的色彩變化。,150,35,2,normal,5,1,17,30
P000000269,C00045,銅版畫風格藏書票,細緻線條與古典圖騰，書迷的夢幻逸品。,380,90,2,normal,5,1,17,67
P000000270,C00045,古典星象蝕刻畫,呈現如百科全書般的精確與神祕感。,3200,900,2,normal,5,1,17,67
P000000271,C00045,墨跡系列手工包裝盒,紙質厚實，帶有細緻的蝕刻凹凸紋理。,450,120,2,normal,5,1,17,1|29
P000000272,C00045,銅版風格萬用手帳,內頁包含多幅品牌原創蝕刻插畫。,850,240,2,normal,5,1,17,3
P000000273,C00045,墨跡印記藝術書籤組,結合金屬蝕刻工法，耐用且精美。,550,150,2,normal,5,1,17,30
P000000274,C00045,復古生物學掛畫,以蝕刻版畫表現動植物的細節美學。,2200,600,2,normal,5,1,17,36|67
P000000275,C00045,墨跡系列限量鋼筆墨水,瓶身標籤採蝕刻風格設計。,680,190,2,normal,5,1,17,2
P000000276,C00046,流水線條手工銀戒,極簡設計，如水流般環繞指尖。,1850,550,2,normal,5,1,5,1
P000000277,C00046,晨露滴落純銀項鍊,一顆懸浮的小銀豆，展現清透美感。,2400,750,2,normal,5,1,5,8|28
P000000278,C00046,微光星芒耳環,鑲嵌微小鋯石，在耳際閃爍低調光芒。,1500,450,2,normal,5,1,5,28
P000000279,C00046,純銀手工鍛造手環,表面帶有細微錘紋，展現手作溫度。,3200,1100,2,normal,5,1,5,1|8|28
P000000280,C00046,月光弧線純銀胸針,優雅的半月形設計，點亮穿搭質感。,2100,650,2,normal,5,1,5,8|62
P000000281,C00046,純銀微光限量飾品盒,包含一整套經典款式，送禮推薦。,6500,2200,2,normal,5,1,5,2|8|28
P000000282,C00047,復古黃銅寬版戒指,表面經過火烤處理，色澤深邃富有層次。,1200,350,2,normal,5,1,5,28|36
P000000283,C00047,黃銅幾何幾何墜鍊,簡約的圓與方，展現永不過時的經典。,1600,480,2,normal,5,1,5,3
P000000284,C00047,銅研舍手敲黃銅盤,適合放置飾品或鑰匙，增添生活格調。,2500,800,2,normal,5,1,5,3
P000000285,C00047,黃銅流蘇耳勾,隨著動作搖曳，散發迷人的懷舊氣息。,1350,400,2,normal,5,1,5,3
P000000286,C00047,職人工業風黃銅手環,粗實的手感，適合喜歡中性風格的你。,2200,700,2,normal,5,1,5,28|37
P000000287,C00048,巴洛克珍珠設計項鍊,不規則的珍珠外型，展現獨特的自然美。,3500,1100,2,low,5,1,5,28
P000000288,C00048,珍珠金絲纏繞耳環,纖細的金屬絲如藤蔓般包裹著明珠。,2200,650,1,normal,5,1,5,28
P000000289,C00048,月夜珍珠純銀戒指,像月亮升起在指間，風格清靈脫俗。,1800,550,2,normal,5,1,5,8|28
P000000290,C00048,珠圓玉潤復古首飾盒,皮革與刺繡結合，珍藏你的每一件飾品。,3800,1200,2,normal,5,1,5,36
P000000291,C00048,天然珍珠長款耳線,拉長頸部線條，優雅且具動態美感。,1600,480,2,normal,5,1,5,3
P000000292,C00048,珠圓玉潤珍珠手鍊,多顆珍珠與小金豆交錯，精緻點綴。,2800,900,2,normal,5,1,5,28
P000000293,C00048,輕奢珍珠胸針禮盒,適合搭配西裝或大衣，展現知性魅力。,2500,800,2,normal,5,1,5,62|85
P000000294,C00049,熔岩紋路寬版銀戒,表面崎嶇不平，如岩漿冷卻後的張力。,2600,850,2,normal,5,1,5,3
P000000295,C00049,熔岩流動感長項鍊,大面積的不規則金屬塊，展現硬派個性。,3800,1200,2,normal,5,1,5,28
P000000296,C00049,炭黑熔岩質感耳環,獨特的燻黑處理，神秘感十足。,1800,550,2,normal,5,1,5,28
P000000297,C00049,熔岩金屬手敲杯,內裡鍍金，外表如黑金石般粗獷。,4500,1500,2,normal,5,1,5,3
P000000298,C00049,熔岩系列不對稱耳勾,展現打破常規的藝術美學。,1600,480,2,low,5,1,5,3
P000000299,C00049,熔岩核心手工手環,厚實的分量，是你最有力量的裝飾。,5200,1800,2,normal,5,1,5,1|28
P000000300,C00050,原石金絲纏繞墜鍊,保留礦石原始姿態，與金屬完美共生。,3200,1000,2,normal,5,1,5,3
P000000301,C00050,點石成金原礦耳環,每一對的形狀皆獨特，感受大地的能量。,1800,550,2,normal,5,1,5,28
P000000302,C00050,礦石結合金屬擺件,桌面上的能量景觀，具備療癒功能。,4800,1500,2,normal,5,1,5,3
P000000303,C00050,點石成金訂製對戒,將對彼此的諾言，刻在石頭與金屬間。,6500,2000,2,normal,5,1,5,3
P000000304,C00050,原石鑲嵌手工皮繩手環,適合戶外風格的隨性搭配。,1200,350,2,normal,5,1,5,1|9|28
P000000305,C00051,橙花亮采精華油,輕盈好吸收，為疲憊肌膚注入天然植物活力。,1280,380,2,normal,5,1,28,32
P000000306,C00051,森林系植萃護手霜,木質調香氣，給予雙手長效的滋潤與防護。,450,120,2,normal,5,1,28,38
P000000307,C00051,玫瑰果修護護唇膏,豐富維他命成分，深層修護唇部乾燥脫皮。,320,80,2,normal,5,1,28,3
P000000308,C00051,植物肌密限量保養禮盒,包含明星油與護手霜，送禮體面首選。,1800,550,2,low,5,1,28,2|32|85
P000000309,C00051,草本平衡爽膚水,噴霧細緻，瞬間平衡肌膚酸鹼值。,780,220,1,normal,5,1,28,3
P000000310,C00051,荷荷巴深層潔顏油,溫和溶解彩妝，洗後肌膚柔軟不緊繃。,950,280,2,normal,5,1,28,3
P000000311,C00052,極效保濕玻尿酸精華,單純高效，瞬間補足肌膚底層水分。,1500,450,2,normal,5,1,28,3
P000000312,C00052,原生舒緩保濕噴霧,隨時隨地補水，緩解冷氣房帶來的乾燥。,580,160,2,normal,5,1,28,3
P000000313,C00052,24H 長效鎖水保濕霜,建立肌膚屏障，鎖住水分不流失。,1200,350,2,zero,5,1,28,3
P000000314,C00052,舒緩保濕纖維面膜,高濃度精華，給予肌膚 15 分鐘的深層SPA。,650,180,2,normal,5,1,28,3
P000000315,C00052,溫和眼部卸妝液,針對眼周嬌嫩肌膚設計，不燻眼、不油膩。,480,130,2,normal,5,1,28,3
P000000316,C00053,摩洛哥熔岩淨化泥膜,深層吸附毛孔髒污，洗後清爽不油膩。,850,250,2,normal,5,1,28,3
P000000317,C00053,金盞花修護舒緩泥膜,針對紅腫肌膚提供冰涼的鎮靜效果。,880,260,2,normal,5,1,28,32
P000000318,C00053,自製泥膜調配組,包含礦泥粉、純露與專用攪拌碗。,1200,350,2,normal,5,1,28,3
P000000319,C00053,亞馬遜白泥細緻毛孔霜,代謝老廢角質，重現肌膚細膩質感。,750,220,2,normal,5,1,28,3
P000000320,C00053,玫瑰礦泥亮白洗面乳,溫和清潔，同時賦予肌膚明亮光彩。,520,150,2,normal,5,1,28,3
P000000321,C00053,泥膜專用軟毛刷,親膚刷毛，讓塗抹泥膜更均勻舒適。,250,60,2,normal,5,1,28,3
P000000322,C00053,備長炭控油皂泥,結合手工皂與礦泥的優點，洗澡也保養。,380,110,2,normal,5,1,28,3
P000000323,C00053,綠茶多酚抗氧泥膜,豐富兒茶素，幫助肌膚對抗環境壓力。,920,270,2,normal,5,1,28,3
P000000324,C00054,晨露大馬士革玫瑰純露,嚴選保加利亞頂級玫瑰，低溫萃取第一道原液。極致保濕，深層修護受損肌膚，帶來如初綻玫瑰般的紅潤光澤。,880,220,2,normal,5,1,28,3
P000000325,C00054,月光薰衣草舒緩花水,契作高山狹葉薰衣草，蘊含高濃度乙酸芳樟酯。噴灑於面部或枕頭，安撫敏感焦慮，為疲憊肌膚開啟深夜修護模式。,650,150,2,normal,5,1,28,32
P000000326,C00054,澄澈橙花煥采純露,採集鮮嫩橙花芽尖，散發清甜木質花香。有效改善暗沉、提亮膚色，是晨間喚醒肌膚活力的天然能量飲。,720,180,2,normal,5,1,28,32
P000000327,C00054,森林系蠟菊修護精華水,義大利永久花萃取，強調強大的修復與抗老力。不含酒精，質地溫潤如絲，為輕熟齡肌注入飽滿的植物活性。,950,260,2,normal,5,1,28,38
P000000328,C00054,地中海迷迭香平衡純露,針對油性及混合肌設計。低溫蒸餾保留迷迭香酸，平衡油脂分泌並收斂毛孔，帶來清新、如森林晨霧般的爽感。,580,130,2,normal,5,1,28,3
P000000329,C00055,積雪草極致舒緩精華,高濃度積雪草?萃取，針對泛紅與乾癢即刻修護，強化肌膚屏障。,1280,320,2,normal,5,1,28,3
P000000330,C00055,神經醯胺恆定修護霜,模擬肌膚皮脂組成，鎖水並深度滋養，是換季時最安心的防護罩。,1500,380,1,normal,5,1,28,3
P000000331,C00055,無壓力胺基酸潔顏乳,接近肌膚 pH 值的溫和配方，洗後不緊繃，溫柔帶走髒汙。,550,120,2,normal,5,1,28,3
P000000332,C00055,平穩修護生物纖維面膜,導入多重保濕因子，完美貼合面部曲線，急救熬夜壓力肌。,600,180,2,normal,5,1,28,3
P000000333,C00055,敏弱專用物理防曬乳,不含化學濾劑，純物理防曬配方，為肌膚撐起一把溫柔的防護傘。,850,200,2,normal,5,1,28,3
P000000334,C00056,城市回憶手稿拼貼掛畫,收集了全球城市的舊報紙與地圖，具歷史感。,2500,700,2,low,5,1,19,67
P000000335,C00056,拼貼藝術封口膠帶,每一段都是獨立的拼貼作品，裝飾手帳必備。,220,55,2,normal,5,1,19,30
P000000336,C00056,超現實夢境明信片組,以碎紙拼湊出跨越時空的奇幻場景。,350,90,2,normal,5,1,19,30
P000000337,C00056,碎紙冒險原創帆布提袋,將經典拼貼作品高品質印製於布面上。,680,180,2,normal,5,1,19,3|29
P000000338,C00056,手工拼貼藝術筆記本,封面為實體碎紙手縫拼貼，全球唯一。,850,240,2,normal,5,1,19,1|30
P000000339,C00056,復古票券素材包,內含 50 件精選復古紙張，開啟你的拼貼旅程。,450,120,2,normal,5,1,19,29|36
P000000340,C00057,四季花卉和紙膠帶組,繽紛的花卉圖案，為生活增添色彩。,550,150,2,normal,5,1,19,30|32
P000000341,C00057,膠帶拼貼裝飾小卡,每一張都是創作者親手用膠帶貼出的風景。,150,40,2,normal,5,1,19,30|59
P000000342,C00057,星空宇宙系列紙膠帶,帶有金屬閃粉，展現璀璨的銀河美感。,180,45,2,normal,5,1,19,30
P000000343,C00057,膠帶森林專用切割器,木質與金屬結合，讓切割膠帶更優雅。,680,200,2,normal,5,1,19,30|38
P000000344,C00057,幾何色塊拼接帆布包,模仿膠帶拼貼層次設計的印花包。,580,160,2,normal,5,1,19,29
P000000345,C00057,膠帶藝術手作課程禮盒,內含 10 捲膠帶與教學手冊。,1200,350,2,normal,5,1,19,30|85
P000000346,C00057,建築線條系列紙膠帶,極簡風格，適合裝飾辦公室文具。,150,40,2,normal,5,1,19,30
P000000347,C00057,膠帶裝飾透明手機殼,內嵌膠帶拼貼圖案，具有獨特層次。,450,120,2,normal,5,1,19,30|59|62
P000000348,C00057,夢幻漸層系列圓點貼,多種尺寸與顏色，適合標記重要行程。,120,30,2,normal,5,1,19,3
P000000349,C00058,「窗外」碎布拼貼裝飾畫,結合棉麻與單寧殘料，手工縫製出具層次感的風景，富有觸覺張力。,2200,400,2,normal,5,1,19,59|67
P000000350,C00058,記憶碎片拼貼抱枕套,收集製衣餘料進行幾何排列，每一件色彩分佈皆隨機且獨一無二。,880,220,2,normal,5,1,19,3
P000000351,C00058,浮雕感碎布杯墊組,透過多層次疊縫技術，將碎布化為立體花卉圖案，吸水且具藝術感。,450,100,2,normal,5,1,19,63
P000000352,C00058,歲月時光拼貼布書衣,將舊時光花布重新組合，保護心愛書籍的同時，也收藏布料的故事。,680,150,2,low,5,1,19,3
P000000353,C00058,大地色系拼貼掛毯,大面積的布藝實驗，利用纖維長短與質地創造出如山脈般的律動感。,3600,800,2,normal,5,1,19,56
P000000354,C00059,時光標本鐘罩擺飾,將乾燥植物、舊相片片段與鏽蝕齒輪置於玻璃鐘罩內，封存記憶。,2800,600,1,normal,5,1,19,59
P000000355,C00059,鏽色記憶複合媒材掛畫,運用鐵鏽水染製畫布，拼貼古老信件與乾花，呈現崩解與新生的張力。,4500,850,2,normal,5,1,19,67
P000000356,C00059,無用之用金屬飾品盒,舊鐵盒重新打磨上漆，內襯復古絲絨，外蓋鑲嵌拾得的金屬殘件。,1200,300,2,normal,5,1,19,28
P000000357,C00059,回聲拼貼手工筆記本,封面由不同年代的廢紙與線條組成，每一頁都是一場感官實驗。,950,250,2,normal,5,1,19,1|30
P000000358,C00059,記憶碎片－牆面掛飾,利用舊框架組合成不規則形狀，填充入乾燥花、鏽蝕絲線與舊鈕扣。,1800,450,2,normal,5,1,19,3
P000000359,C00060,「晨曦」幾何紙藝拼貼,運用淡黃、灰白與莫蘭迪藍色塊，透過疊放層次展現清晨的靜謐。,1800,350,2,normal,5,1,19,3
P000000360,C00060,空間獨白系列－原色掛畫,強調紅藍黃三原色與黑色線條的比例，適合點綴現代風格客廳。,2500,450,2,normal,5,1,19,67
P000000361,C00060,節奏與平衡桌上立牌,木質底座嵌入兩片不對稱色塊有機玻璃，隨光影折射出不同的詩意。,880,200,2,low,5,1,19,59
P000000362,C00060,「沈思」灰階紙藝裝飾,不同層次的灰與黑相互撞擊，傳達冷靜且深邃的思考感。,1600,300,2,normal,5,1,19,59
P000000363,C00060,色塊詩意明信片套組,五款經典幾何構圖，將詩意縮小，讓文字與色塊在紙面上對話。,350,80,2,normal,5,1,19,30
P000000364,C00061,清晨霧氣大豆蠟燭,散發冷杉與濕潤泥土的清新香氣。,850,250,2,normal,5,1,26,76
P000000365,C00061,舊書攤時光香氛噴霧,揉合皮革、古籍與淡淡菸草味，極具韻味。,680,190,2,normal,5,1,26,76
P000000366,C00061,嗅覺日記限量香氛組合,包含三款明星蠟燭與手寫心情卡。,2200,600,2,normal,5,1,26,2|76
P000000367,C00061,薰衣草晚安擴香瓶,溫和的草本香氣，陪伴你安穩入睡。,1200,350,2,zero,5,1,26,76
P000000368,C00061,隨身固體香膏 (柑橘調),隨時補擦，散發陽光般清新的芬芳。,450,120,2,normal,5,1,26,3
P000000369,C00061,陶瓷香氛融蠟燈,無火加熱，安全且具備空間裝飾感。,1800,550,2,normal,5,1,26,19|59|76
P000000370,C00061,日記本造型車用香氛,夾在出風口，讓旅途充滿書香氣息。,380,110,2,normal,5,1,26,76
P000000371,C00061,嗅覺日記專用長火柴,典雅的瓶裝設計，點燃儀式感的第一步。,250,60,2,normal,5,1,26,3
P000000372,C00062,煙燻雪松木芯蠟燭,深沉的雪松基調，搭配木質燭芯燃燒時的啪噠聲，如同置身林間小屋。,980,250,2,normal,5,1,26,7|76
P000000373,C00062,乾燥苔蘚大地香氛蠟,揉合橡木苔與潮濕泥土的芬芳，重現森林底層的原始生命力。,850,210,2,normal,5,1,26,76
P000000374,C00062,「餘燼」煙燻皮革手作蠟,以陳年皮革與乾菸草香味為主，獻給尋求絕對安靜與孤獨的靈魂。,1100,280,2,normal,5,1,26,9
P000000375,C00062,冬日爐火舒緩蠟燭,溫暖的肉桂與柴火氣息，結合木芯的清脆聲響，營造最完美的儀式感。,950,240,2,normal,5,1,26,76
P000000376,C00062,森林晨霧植物大豆蠟,清新的薄荷與絲柏香調，帶來潔淨的醒腦感，驅散夜晚的浮躁。,780,190,2,normal,5,1,26,32|38
P000000377,C00063,水泥灰無火擴香座,採用手工灌漿水泥底座，搭配黑色纖維擴香棒。散發強烈冷調工業感，適合極簡空間。,1350,350,2,normal,5,1,26,76
P000000378,C00063,岩蘭草深邃室內噴霧,苦甜的岩蘭草基調，揉合乾爽的黑胡椒。瞬間提升空間質感，營造專業冷靜的氛圍。,880,210,2,normal,5,1,26,3
P000000379,C00063,冷衫與不鏽鋼?香瓶,冷冽的北歐針葉林香氣。鋁製瓶蓋與極簡玻璃瓶身設計，呈現不帶溫度的美學。,1200,300,2,normal,5,1,26,3
P000000380,C00063,礦石岩鹽香氛罐,將岩蘭草精油滴入深黑色擴香石中。利用礦石紋理展現大地與工業的衝撞美感。,950,240,2,normal,5,1,26,76
P000000381,C00063,低調獨白香氛片,中性木質香調，專為更衣間或車內設計。霧面黑紙質包裝，隨處宣告精緻品味。,280,65,1,normal,5,1,26,76
P000000382,C00064,森林晨露精油香膏,以雪松與佛手柑為基底。質地溫潤不黏膩，塗抹瞬間彷彿置身清晨的森林步道。,480,120,2,normal,5,1,26,38|76
P000000383,C00064,午后提神滾珠瓶,尤加利與薄荷的清爽組合。輕巧滾珠設計，隨時隨地驅散疲勞，恢復專注力。,520,135,2,low,5,1,26,3
P000000384,C00064,晚安靜謐香氛油,薰衣草與甜橙精油調和。在忙碌通勤後輕點於太陽穴，開啟五分鐘的微旅行。,550,150,2,normal,5,1,26,76
P000000385,C00064,山野漫步香膏組,包含「山林」、「溪流」、「花徑」三種調性。便於攜帶，隨心情切換大自然場景。,1200,320,2,normal,5,1,26,3
P000000386,C00064,隨身植萃噴霧,茶樹與檸檬草配方，除了香氛更有清爽感。登山或戶外活動時的溫柔守護。,450,110,2,normal,5,1,26,3
P000000387,C00065,聖潔秘魯聖木條,嚴選南美洲原產聖木。帶有濃郁的奶油香氣，燃燒後清理空間負能量，安撫心靈。,420,100,2,normal,5,1,26,7
P000000388,C00065,淨化白色鼠尾草,手工捆製鼠尾草。強大的淨化磁場能量，適合冥想、靜坐前的神聖儀式。,380,90,2,normal,5,1,26,3
P000000389,C00065,沉靜檀香手工線香,老山檀香基底，由職人手工捏製。香煙裊裊，讓人進入深度思考與放鬆。,650,180,2,normal,5,1,26,1
P000000390,C00065,儀式感銅製薰香盒,鏤空設計讓煙霧以特定曲線升起。視覺與嗅覺的雙重享受，開啟能量對話。,1800,450,2,normal,5,1,26,3
P000000391,C00065,本心淨化禮盒,包含聖木、鼠尾草與手工火柴。完整的淨化方案，獻給追求內在平衡的靈魂。,2200,550,2,normal,5,1,26,85
P000000392,C00066,經典慢焙堅果燕麥,濃郁楓糖與多種堅果，早餐的首選補給。,350,110,2,normal,5,1,34,3
P000000393,C00066,抹茶草莓凍乾穀物,日式茶香與酸甜果乾的完美碰撞。,380,120,2,normal,5,1,34,3
P000000394,C00066,可可榛果能量燕麥,醇厚巧克力風味，滿足你的甜點胃。,350,110,2,normal,5,1,34,3
P000000395,C00066,穀物食研室分享大包裝,適合全家人分享的超值份量。,850,280,2,normal,5,1,34,29
P000000396,C00066,鹹味海苔起司穀物餅,創新的鹹口點心，下午茶解饞必備。,280,90,2,normal,5,1,34,3
P000000397,C00066,穀物專用陶瓷優格碗,手感溫潤，讓用餐心情更愉悅。,550,160,2,low,5,1,34,19|63
P000000398,C00066,輕巧旅行包 (一組五入),隨身攜帶，健康美味不間斷。,450,130,2,normal,5,1,34,29
P000000399,C00067,頂級極致龍眼蜜,採自南台灣單一產地，質地濃稠，帶有強烈且持久的龍眼花果香氣。,680,280,2,normal,5,1,34,3
P000000400,C00067,高山百花晶透蜜,採集多種高山野花而成，層次豐富，帶有微酸的清爽花韻。,550,220,2,normal,5,1,34,32
P000000401,C00067,蜂巢木勺禮盒組,內含一罐純蜜與一支手工橄欖木蜜勺，象徵與大自然的永續連結。,1280,450,2,normal,5,1,34,7|85
P000000402,C00067,蜂膠防護噴霧,提取純淨蜂膠，結合天然薄荷，為喉嚨提供最溫柔的屏障。,450,150,2,normal,5,1,34,3
P000000403,C00067,荔枝花蜜抹醬,運用低溫結晶技術，將荔枝蜜轉化為細緻抹醬，適合搭配歐式麵包。,380,160,2,normal,5,1,34,32
P000000404,C00068,綜合蔬菜真空脆片,包含秋葵、甜菜根與南瓜。真空凍乾燥技術保留原色原味，無油無鹽。,250,90,2,normal,5,1,34,3
P000000405,C00068,高纖冷凍乾燥果乾,嚴選台灣在地草莓與芒果，鎖住 90% 以上營養，口感如雲朵般酥脆。,280,110,1,normal,5,1,34,3
P000000406,C00068,山岳探險能量包,專為戶外設計。混合高纖種子與凍乾莓果，輕量且高營養。,180,60,2,low,5,1,34,29
P000000407,C00068,凍乾紫色地瓜條,保留天然花青素，呈現絕美深紫色。不添加任何人工色素與甜味劑。,220,80,2,normal,5,1,34,3
P000000408,C00068,五色鮮果粉補充包,將凍乾水果磨粉，可直接加入優格或飲品，全方位的維生素補給。,450,180,2,normal,5,1,34,29
P000000409,C00069,10度極濃無糖豆乳,職人研磨而成，濃度極高且不添加增稠劑。每一口都是濃郁的豆芯原味。,120,45,2,normal,5,1,34,3
P000000410,C00069,黑芝麻厚豆乳點心,將濃豆乳與低溫烘焙黑芝麻融合，高蛋白低熱量，適合運動後補充。,85,30,2,normal,5,1,34,3
P000000411,C00069,純豆乳手工抹醬,類似煉乳質感但全植物性。無糖配方，讓早餐變得輕盈無負擔。,260,100,2,normal,5,1,34,1
P000000412,C00069,豆漿生吐司禮盒,使用濃豆乳取代水製作，質地比一般生吐司更加柔軟香甜。,350,140,2,normal,5,1,34,85
P000000413,C00069,豆渣高纖能量餅,永續利用製豆剩餘的豆渣，添加燕麥與核桃，是環保又健康的零食。,180,55,2,normal,5,1,34,3
P000000414,C00070,森林系康普茶 (原味),以高品質茶葉與益生菌自然發酵。帶有微酸氣泡感，清爽解膩。,160,50,2,normal,5,1,34,38
P000000415,C00070,粉紅荔枝氣泡康普,加入天然荔枝汁二次發酵。色澤夢幻，口感酸甜，是時尚的健康替代飲品。,180,65,2,normal,5,1,34,3
P000000416,C00070,活菌發酵韓式泡菜,不使用防腐劑。透過時間自然酸化產生的益生菌，口感脆口且層次深邃。,320,120,2,zero,5,1,34,3
P000000417,C00070,薑汁暖心發酵飲,老薑與紅茶康普的組合。溫潤微辣，適合在寒冷的天氣裡喚醒循環。,190,70,2,normal,5,1,34,3
P000000418,C00070,發酵食驗室組,內含不同階段發酵度的飲品與小點。邀請觀者一同探索時間的味道。,980,350,2,normal,5,1,34,3
P000000419,C00071,生活小物橡皮章組,包含咖啡杯、相機等手繪風格小章。,450,120,2,normal,5,1,7,9
P000000420,C00071,手工雕刻專用橡皮磚,質地軟硬適中，適合新手與職人創作。,150,40,2,normal,5,1,7,1|9
P000000421,C00071,刻印日常多色印泥盤,漸層配色設計，一次擁有豐富色彩。,320,90,2,normal,5,1,7,3
P000000422,C00071,訂製似顏繪橡皮章,根據照片刻製專屬於你的頭像印章。,1200,350,2,normal,5,1,7,9|18
P000000423,C00071,職人雕刻刀套組,高硬度鋼材，提供精準的線條表現。,850,250,2,normal,5,1,7,3
P000000424,C00071,刻印風格帆布束口袋,蓋滿品牌原創印章圖案的手作感布包。,280,80,2,normal,5,1,7,29
P000000425,C00071,原創手繪印章清潔液,溫和清潔，延長印章的使用壽命。,250,70,2,normal,5,1,7,3|18|30
P000000426,C00071,印章收集手札,特殊紙質，讓印章圖案色彩飽滿不滲透。,450,130,2,normal,5,1,7,30
P000000427,C00071,字母與數字迷你章盒,整理有序，適合裝飾信件與日期。,580,160,2,normal,5,1,7,3
P000000428,C00075,手抄植物纖維信箋,保留天然草木紋理，每一張都獨一無二。,380,110,2,normal,5,1,7,32
P000000429,C00075,復古黃銅裁紙刀,實心黃銅打造，切割紙張時具備分量感。,850,250,2,normal,5,1,7,36
P000000430,C00075,匠心手作筆記本 (A5),傳統線裝工法，可 180 度完全平攤書寫。,650,180,2,normal,5,1,7,30
P000000431,C00075,手抄紙明信片組,粗獷的紙張觸感，適合傳遞最有溫度的文字。,280,80,2,normal,5,1,7,16|30
P000000432,C00075,裁紙匠心原創墨水盒,包含兩瓶手工調配墨水與玻璃筆。,1500,450,1,normal,5,1,7,3
P000000433,C00075,紙質立體裝飾掛布,結合摺紙藝術與厚實紙材的牆面裝飾。,1200,350,2,low,5,1,7,59
P000000434,C00075,復古封蠟章套組,包含黃銅章頭、蠟粒與專用小勺。,950,280,2,normal,5,1,7,36
P000000435,C00075,手作紙漿杯墊 (一組),吸水力強且具備環保循環意義。,320,90,2,normal,5,1,7,63
P000000436,C00072,「微觀城市」立體賀卡,運用 250 磅特種象牙紙，展開後呈現細膩的建築剪影與層次感。,320,85,2,normal,5,1,7,3
P000000437,C00072,幾何幾何系列－紙雕桌飾,運用精密摺疊技術構成的多面體紙雕，會隨光影產生迷人的幾何陰影。,650,180,2,normal,5,1,7,59
P000000438,C00072,摺疊宇宙懸掛飾品,以特殊紋理紙製成的星體摺紙，質地輕盈且構造精密，適合居家點綴。,880,220,2,normal,5,1,7,28
P000000439,C00072,季節之詩－立體花卉卡,模擬花瓣重疊的層次感，收闔時平整，展開時如繁花瞬間綻放。,350,90,2,normal,5,1,7,32
P000000440,C00072,「光與影」雷雕摺紙燈罩,結合雷射切割與手工摺疊，光線透出時展現如蕾絲般的精密圖騰。,1200,350,2,normal,5,1,7,21|59
P000000441,C00073,極簡黑檀木姓名印,嚴選質地堅硬的黑檀木，結合現代幾何排版字體，呈現低調的品味。,2500,650,2,normal,5,1,7,7|34
P000000442,C00073,溫潤白玉個人方印,天然白玉石純手工打磨，色澤乳白溫潤，象徵君子溫和堅韌的氣質。,5800,1800,2,normal,5,1,7,3
P000000443,C00073,黃銅極簡幾何章,實心黃銅車削而成，隨著使用時間會產生獨特的氧化古色，見證生命。,1800,400,2,low,5,1,7,34
P000000444,C00073,「生命印記」篆刻禮盒,包含客製印章、職人親筆字稿與精裝收藏盒，是一份珍藏一生的贈禮。,8000,2200,2,normal,5,1,7,85
P000000445,C00073,流光封殼訂製印,針對信函設計的小型印章，字體流暢如行雲流水，賦予書信個人識別。,1500,350,2,normal,5,1,7,3
P000000446,C00074,古英倫火漆印章組,包含原創圖騰印頭與紅木手把。重現維多利亞時代的書信浪漫儀式感。,680,180,2,normal,5,1,7,30
P000000447,C00074,幻境之藍－特調瓶裝墨水,帶有閃粉層次的深藍色墨水。書寫時如銀河般流動，色澤豐富多變。,450,120,2,normal,5,1,7,3
P000000448,C00074,「拾光」封蠟珠禮盒,綜合多款森林系色彩的封蠟珠，讓你可以自由混色，創造獨特封印。,520,150,2,normal,5,1,7,85
P000000449,C00074,職人手繪火漆印頭,品牌原創手繪圖騰，如植物纖維、古老星圖等細膩紋路，印記感強烈。,350,80,2,normal,5,1,7,18
P000000450,C00074,儀式感書寫耗材包,包含高品質信紙、棉質信封與混色封蠟，完整你的每一份心情傳遞。,420,110,2,normal,5,1,7,29
P000000451,C00076,指尖痕跡手捏湯碗,保留職人揉捏時的指壓凹凸感，手感厚實穩定。,850,220,2,normal,5,1,6,63
P000000452,C00076,拙樸風格粗陶馬克杯,大把手設計，搭配粗顆粒陶土，充滿原始氣息。,680,180,2,normal,5,1,6,19|63
P000000453,C00076,隨性揉捏陶瓷托盤,邊緣不規則翹起，適合放置飾品或乾果。,950,250,1,normal,5,1,6,19|63
P000000454,C00076,土地印記花瓶,瓶身帶有草編壓紋，呈現自然的田野風情。,1200,350,2,low,5,1,6,32
P000000455,C00076,陶之呼喚對杯禮盒,兩只色澤微異的對杯，象徵不完美的圓滿。,1500,400,2,normal,5,1,6,19|85
P000000456,C00076,粗陶手作肥皂碟,特意留下的透氣孔洞，兼具美觀與功能。,380,100,2,normal,5,1,6,19|63
P000000457,C00076,禪意圓潤小茶罐,密封性佳，適合存放珍貴的茶葉。,1100,300,2,normal,5,1,6,43
P000000458,C00077,極簡白瓷拉胚茶壺,線條俐落，出水順暢，展現極致的幾何美。,2800,850,2,normal,5,1,6,19|34
P000000459,C00077,泥濘系列幾何餐盤,透過拉胚技術控制厚度，極致輕薄且耐用。,750,200,2,normal,5,1,6,3
P000000460,C00077,溫潤青瓷公道杯,釉色如雨過天晴，剔透中帶著溫潤光澤。,1200,350,2,normal,5,1,6,19
P000000461,C00077,職人拉胚咖啡濾杯,內部刻紋精準，提升手沖咖啡的萃取層次。,950,280,2,normal,5,1,6,3
P000000462,C00077,泥濘日常收納圓罐,蓋子與瓶身接合嚴密，適合存放辦公小物。,650,180,2,normal,5,1,6,3
P000000463,C00077,簡約高腳陶瓷點心盤,讓餐桌層次提升，適合展示精緻甜點。,1100,320,2,normal,5,1,6,19
P000000464,C00078,拇指小貓陶製筷架,精工雕刻貓咪各種姿態，餐桌上的小驚喜。,250,60,2,zero,5,1,6,19|31|63
P000000465,C00078,微縮世界多肉小盆,僅有 3cm 高，專門種植極微型植物。,320,80,2,normal,5,1,6,32
P000000466,C00078,袖珍陶瓷茶具模型,包含茶壺與四只茶杯，全部可收納於掌心。,1500,450,2,normal,5,1,6,19
P000000467,C00078,微型陶刻生肖擺飾,細膩刻畫出十二生肖的神韻，具備收藏價值。,450,120,2,normal,5,1,6,19|59
P000000468,C00078,陶瓷微雕墜鍊,吊墜內刻有微型山水，需細看才見精妙。,1200,350,2,normal,5,1,6,19
P000000469,C00078,掌中微型小花瓶,高度 5cm，適合插上一朵路邊採的小野花。,380,90,2,normal,5,1,6,32
P000000470,C00078,微型陶刻擴香小球,內有中空結構，滴入精油即可緩慢擴香。,280,70,2,normal,5,1,6,19|76
P000000471,C00078,森林系陶瓷鈕扣組,一組五入，將衣物裝點出童話感。,450,110,2,normal,5,1,6,19|38
P000000472,C00079,「星雲流轉」渲染大圓盤,釉藥在窯內自然熔融，呈現出藍紫色調交織的星空感，邊緣帶有金屬光澤。,2800,750,2,normal,5,1,6,3
P000000473,C00079,深海熔岩手工咖啡杯,湛藍與火紅釉色重疊，杯身帶有手捏紋理。每一只杯子的流動花紋皆隨機。,950,240,2,normal,5,1,6,1|63
P000000474,C00079,繽紛森林花器,運用翠綠、橙黃與土褐三色渲染，模擬秋日森林的層次色彩，器型高挑優雅。,1800,480,1,normal,5,1,6,32|38|59
P000000475,C00079,流動釉彩藝術瓷磚 (4入),作為牆面裝飾或杯墊，展現釉藥在平面上的化學詩篇，極具視覺衝擊力。,1200,320,2,normal,5,1,6,19
P000000476,C00079,幻光藍渲染湯碗,以深邃的結晶藍釉為底，碗緣帶有流動的銀色斑點。適合盛裝色彩鮮豔的料理。,1100,280,2,normal,5,1,6,63
P000000477,C00080,半透光薄胎雕花杯,瓷質極薄且具透明感。透過堆泥工法雕琢出細碎花瓣，光線穿透時如夢似幻。,1500,400,2,normal,5,1,6,32
P000000478,C00080,「靜謐」素白立體茶墊,以幾何切割展現瓷土的俐落感。表面不施艷色，僅以光影呈現層次美。,450,120,2,low,5,1,6,3
P000000479,C00080,留白美學長形花器,窄長器型設計，瓶身帶有微小的手工壓紋。適合插上一枝枯木，演繹禪意空間。,2200,600,2,normal,5,1,6,32|59
P000000480,C00080,初心圓潤手感茶壺,仿造鵝卵石的圓潤線條。握感細緻如脂，壺蓋與壺身完美契合，體現純粹之美。,3800,1100,2,normal,5,1,6,3
P000000481,C00080,「微光」浮雕小夜燈殼,瓷質燈殼刻有微型風景。點亮後，風景在潔白瓷面上躍然而出，溫暖平穩。,1800,520,2,normal,5,1,6,59
P000000482,C00081,永恆玫瑰玻璃暖燈,暖黃燈光映照著永生紅玫瑰，浪漫不凋謝。,1850,550,2,normal,5,1,10,59
P000000483,C00081,奢華黑金永生花禮盒,黑色繡球花與金箔裝飾，質感低調奢華。,2500,800,2,normal,5,1,10,32|85
P000000484,C00081,永生花字母掛鏡,在鏡緣裝飾繽紛花卉，每天照鏡子都好心情。,1500,450,2,normal,5,1,10,32
P000000485,C00081,莫內花園永生花框,將永生花封存於畫框中，如同一幅立體油畫。,2200,650,2,normal,5,1,10,32
P000000486,C00081,藍色海洋永生花瓶,藍白色系花材搭配貝殼，充滿清涼海洋感。,1200,350,2,normal,5,1,10,32
P000000487,C00081,永生花專用護理噴霧,延長花材色彩與柔軟度的秘密武器。,350,90,2,normal,5,1,10,32
P000000488,C00082,懷舊系尤加利大花環,散發淡淡草本香氣，適合裝飾玄關牆面。,1280,380,2,low,5,1,10,32
P000000489,C00082,復古色調乾燥花束,選用大地色系花材，呈現老電影般的氛圍。,850,250,2,normal,5,1,10,32|36
P000000490,C00082,乾燥拾光試管花藝,簡約木座支撐玻璃試管，放置單枝乾燥花。,450,120,2,normal,5,1,10,32
P000000491,C00082,薰衣草乾燥花香袋,選用南法乾燥薰衣草，放在衣櫃持續清香。,220,50,2,normal,5,1,10,29|32
P000000492,C00082,拾光系列乾花書籤,透明封存，讓花影陪伴你的閱讀時光。,150,35,2,normal,5,1,10,30|32
P000000493,C00082,復古鐵桶乾燥花裝飾,具備濃厚鄉村風格，適合居家角落佈置。,950,280,2,normal,5,1,10,32|36|59
P000000494,C00082,乾燥花專用展示架,讓你的乾燥花材整齊有序地展示出來。,580,160,2,normal,5,1,10,32
P000000495,C00083,森林祕境玻璃鐘罩,在玻璃球中以永生苔蘚與蕨類構築出微型森林。是一座不需澆水的綠意綠洲。,1650,450,2,low,5,1,10,38
P000000496,C00083,永恆藍調花藝凝膠盒,特殊凝膠將藍色繡球花封存。質感如冰塊般剔透，適合擺放於窗邊收集陽光。,980,280,2,normal,5,1,10,32
P000000497,C00083,「夢想之火」暖色吊燈,將乾燥花藝融入燈具空間。燈光亮起時，花影交織，散發溫馨的療癒氛圍。,2500,700,2,normal,5,1,10,59
P000000498,C00083,時光沙漏花藝擺飾,以沙漏造型為靈感，上方裝填繽紛花瓣。象徵時光在最美的一刻靜止。,1200,320,1,normal,5,1,10,32|59
P000000499,C00083,微縮婚禮回憶盅,客製化縮小版婚禮花束。封存於玻璃瓶中，成為值得收藏一生的情感紀念。,1900,550,2,normal,5,1,10,85
P000000500,C00084,森林系繡球花髮夾,使用UV樹脂包覆真實繡球花瓣。透明度高且堅韌，展現清新脫俗的仙氣。,480,120,2,normal,5,1,10,32|38
P000000501,C00084,金合歡質感耳環,小巧的金合歡乾花與金屬元素結合。色彩亮眼，為日常穿搭增添手作溫度。,650,160,2,normal,5,1,10,28
P000000502,C00084,押花美學透明胸針,將多種野花壓製成扁平藝術品，封存於圓形飾品中。如同隨身攜帶的微型畫作。,550,140,2,low,5,1,10,32|62
P000000503,C00084,繽紛花瓣髮帶,將細小的碎花散佈在樹脂條中，輕盈且富有彈性。讓髮間綻放自然芬芳。,720,200,2,normal,5,1,10,28|32
P000000504,C00084,「四季」系列花環戒指,精選四種代表性季節花材製作。透明戒指內花卉環繞，指尖盡是四季美景。,580,150,2,normal,5,1,10,28|32
P000000505,C00085,漂流木原始風大掛飾,結合海邊撿拾的漂流木與大型乾果實、藤蔓。展現粗獷且豪邁的自然美學。,3600,950,2,normal,5,1,10,7
P000000506,C00085,野性藤蔓圓環花圈,以粗藤蔓為底，裝飾大量尤加利葉與深色乾燥玫瑰。散發森林深處的低語感。,1800,450,2,normal,5,1,10,32
P000000507,C00085,大地之息手作盆花,使用未加工陶盆，隨性插入高低錯落的蘆葦與枯木。模擬山野間的生長姿態。,1200,320,2,normal,5,1,10,32
P000000508,C00085,「尋路」木片壁飾,運用樹皮、青苔與木片拼貼出的立體壁畫。讓居家空間瞬間擁有森林般的呼吸感。,2200,580,2,normal,5,1,10,7
P000000509,C00085,自然主義乾燥花箱,木箱中堆滿如剛從林間採摘的野花野草。散發淡淡的草本芳香，治癒浮躁心靈。,1500,400,2,normal,5,1,10,32
P000000510,C00086,招牌海鹽焦糖千層,手工疊加 20 層餅皮，鹹甜適中不膩口。,1200,400,2,normal,5,1,30,3
P000000511,C00086,森林野莓法式甜塔,酥脆塔殼盛裝滿滿的新鮮野莓與卡士達。,180,55,2,normal,5,1,30,38
P000000512,C00086,法式經典瑪德蓮盒,包含檸檬、巧克力與伯爵茶三種口味。,550,160,2,normal,5,1,30,3
P000000513,C00086,奶油森林手工抹醬,採用進口發酵奶油，質地如絲緞般滑順。,380,110,2,normal,5,1,30,1|38
P000000514,C00086,香草夾餡達克瓦茲,外酥內軟的蛋白餅，包裹厚厚香草內餡。,450,130,2,normal,5,1,30,3
P000000515,C00087,婚禮祝福手繪餅乾組,包含白紗、對戒與捧花造型，可客製姓名。,850,250,2,normal,5,1,30,18|85
P000000516,C00087,生日驚喜彩繪餅乾包,繽紛的氣球與蛋糕造型，派對最佳點綴。,650,180,1,normal,5,1,30,29
P000000517,C00087,手繪似顏繪餅乾 (單片),專業畫師在餅乾上繪製你的專屬肖像。,350,100,2,normal,5,1,30,18
P000000518,C00087,節慶限定糖霜禮盒,依照不同節日設計主題，充滿儀式感。,1200,350,2,low,5,1,30,85
P000000519,C00087,DIY 糖心餅乾材料包,內含餅乾、多色糖霜與裝飾珍珠糖。,580,160,2,normal,5,1,30,29
P000000520,C00087,糖心故事收藏鐵盒,精緻手繪插畫鐵盒，餅乾吃完可當收納。,450,120,2,normal,5,1,30,3
P000000521,C00088,老麵核桃歐式大麵包,使用自家天然酵母，低油鹽配方，滿滿的酥脆核桃增添麥香層次。,180,65,2,zero,5,1,30,29
P000000522,C00088,高含水經典魯邦長棍,外殼酥脆爆裂，內裡Q彈有嚼勁。長時發酵帶出淡淡的果酸與麥甜。,110,40,2,normal,5,1,30,3
P000000523,C00088,黑麥蔓越莓果乾磚,紮實黑麥基底與酸甜蔓越莓的平衡。無糖添加，飽足感極強的健康選擇。,150,55,2,normal,5,1,30,3
P000000524,C00088,海鹽低油佛卡夏,淋上優質橄欖油與海鹽，點綴迷迭香。口感濕潤柔軟，充滿大地的香氣。,120,45,2,normal,5,1,30,3
P000000525,C00088,全麥老麵雜糧餐包 (6入),每日限量製作。小巧玲瓏卻飽含多種穀物能量，適合與家人分享。,160,60,2,normal,5,1,30,29
P000000526,C00089,莊園級 72% 黑金布朗尼,質地介於軟糖與蛋糕間。使用單一產地巧克力，入口即化的苦甜奢華感。,450,150,2,normal,5,1,30,3
P000000527,C00089,威士忌松露巧克力球,濃郁黑巧夾心混合頂級威士忌，酒香與可可交織出層次極其豐富的餘韻。,580,200,2,low,5,1,30,3
P000000528,C00089,焦糖海鹽巧克力熔岩,輕輕劃開後流出滾燙的焦糖巧克力漿，鹹甜平衡，極具視覺與味覺快感。,220,80,2,normal,5,1,30,3
P000000529,C00089,手工可可薄片禮盒,不同溫控產出的極薄脆片。每一片都像藝術品般輕盈，挑戰極致脆度。,650,220,2,normal,5,1,30,1|85
P000000530,C00089,絲絨黑巧手工蛋糕,覆蓋多層可可脂與鮮奶油。奢華感十足，是給多巴胺最直接的感官獻禮。,1200,400,2,normal,5,1,30,1
P000000531,C00090,西西里檸檬糖霜瑪德蓮,輕薄的檸檬糖霜外殼，咬下後散發清新的果香。帶來瞬間的好心情。,65,22,2,normal,5,1,30,3
P000000532,C00090,鐵觀音濃茶濕潤瑪德蓮,嚴選在地茶末入餡。醇厚茶香在喉間化開，是充滿溫度的台式浪漫。,75,28,2,normal,5,1,30,3
P000000533,C00090,法式焦糖鹽花瑪德蓮,焦糖化的邊緣微微脆口感，撒上幾粒海鹽提升甜度深度，層次鮮明。,70,25,2,normal,5,1,30,32
P000000534,C00090,薰衣草蜂蜜舒壓瑪德蓮,淡淡的乾薰衣草香與純蜂蜜。如同小魔法般在口中釋放壓力。,80,30,2,normal,5,1,30,3
P000000535,C00090,綜合幸福微笑禮盒 (8入),包含所有經典口味與隨機隱藏版，讓開啟禮盒的瞬間綻放微笑。,600,200,2,normal,5,1,30,85
P000000536,C00091,夢幻雲朵插畫掛畫 (A3),溫柔色彩描繪在雲端漫步的小人物。,1200,300,2,normal,5,1,15,3|67
P000000537,C00091,想像漫步原創貼紙包,包含 20 款風格奇特可愛的日常小物貼紙。,250,60,2,low,5,1,15,3|29|30
P000000538,C00091,搞怪小獸手繪明信片組,以幽默筆觸描繪幻想中的神祕小動物。,380,90,2,normal,5,1,15,18|30
P000000539,C00091,想像漫步帆布托特包,將熱門插畫高品質轉印，耐洗不掉色。,580,160,2,normal,5,1,15,29
P000000540,C00091,創意插畫手賬本,內頁帶有淡雅的手繪邊框，激發書寫靈感。,480,120,1,normal,5,1,15,3|67
P000000541,C00091,想像漫步陶瓷杯組,一對杯子拼起來會形成一個完整的夢境圖。,1100,300,2,normal,5,1,15,19
P000000542,C00091,原創插畫吸水杯墊盒,包含四款不同季節的主題插畫杯墊。,650,180,2,normal,5,1,15,3|63|67
P000000543,C00092,「深淵之眼」黑白原創畫,運用極細針筆勾勒。對夢境與心理暗示的深層探索，具備冷冽視覺。,4500,600,2,normal,5,1,15,3|67
P000000544,C00092,神祕學符號刺青貼紙組,將藝術家獨特的線條轉化為身體裝飾。傳達個性化且冷酷的靈魂表達。,280,50,2,normal,5,1,15,30
P000000545,C00092,「破碎的寧靜」手作雕塑,模擬自然界殘缺之美。冷冽、沉穩的黑色樹酯藝術品，適合擺放書架。,3200,800,2,low,5,1,15,3
P000000546,C00092,墨色意象筆記本,封面壓印深黑色圖騰。內容為全白優質畫紙，適合捕捉你的黑暗詩篇。,480,150,2,normal,5,1,15,30
P000000547,C00092,「夢魘殘留」手機殼,藝術家經典線條作品縮小版。將獨特的藝術張力隨身攜帶。,750,120,2,normal,5,1,15,62
P000000548,C00093,「午後律動」大尺寸掛畫,運用大面積亮橙與灰藍。透過幾何比例捕捉空間的平穩能量。,3800,500,2,normal,5,1,15,67
P000000549,C00093,現代幾何裝飾版畫,限量編號。簡化風景為最純粹的色彩塊面，適合北歐風居家妝點。,1200,300,2,normal,5,1,15,42|59|67
P000000550,C00093,色彩對話桌曆,12個月12組不同的色彩語言。讓藝術成為你辦公桌上的安靜背景。,450,100,2,normal,5,1,15,59
P000000551,C00093,「極簡呼吸」帆布袋,將色彩塊面印製於有機棉。讓藝術隨行，成為穿搭中一段視覺獨白。,550,110,2,normal,5,1,15,29|34
P000000552,C00093,比例美學裝飾瓷盤,以色塊構成的視覺律動。不只是餐具，更是牆面上的藝術品。,880,220,2,normal,5,1,15,19|59
P000000553,C00094,「光陰眼神」似顏繪訂製,捕捉受畫者眼神中的神韻與故事。水彩結合粉彩，具備深厚紀念意義。,3500,200,2,normal,5,1,15,18
P000000554,C00094,生命時刻雙人肖像,專為情侶或家人訂製。捕捉兩人之間的氣質連結與最真實的情感流動。,6000,350,2,normal,5,1,15,3
P000000555,C00094,「靈魂速寫」明信片禮盒,藝術家筆下的肖像練習集。每一張都代表一段獨特的靈魂歷史與面貌。,420,120,2,normal,5,1,15,30|85
P000000556,C00094,寵物氣質畫像訂製,不只是臨摹長相，更是捕捉愛寵的神韻與個性。賦予作品靈性。,2800,150,2,normal,5,1,15,31|67
P000000557,C00094,似顏繪藝術家簽名海報,限量版畫收藏。將肖像藝術轉化為具備裝飾感的居家亮點。,1500,400,2,low,5,1,15,18
P000000558,C00095,「林間神靈」藝術複製畫,極細筆觸描繪植物與人類共生。色彩溫柔、神祕且具備療癒力。,1800,400,2,normal,5,1,15,67
P000000559,C00095,夢境漫遊全彩畫冊,收錄創作者所有的奇幻場景。每一頁都是一處心靈避風港與視覺探索。,950,320,2,normal,5,1,15,67
P000000560,C00095,森林低語透明膠帶,將手繪植物碎花帶入日常。適合手帳裝飾，讓生活充滿大地與和諧。,220,60,2,normal,5,1,15,30|38
P000000561,C00095,「共生」系列抱枕,將溫柔的插畫印製於棉麻。讓夢境中的森林陪伴你度過靜謐的夜晚。,850,250,2,normal,5,1,15,3
P000000562,C00095,奇幻之森陶瓷餐墊,防燙且美觀。將插畫中的溫柔細節融入每一餐，感受人與自然的聯繫。,550,160,2,normal,5,1,15,19
P000000563,C00096,阿里山初露烏龍茶,清晨採摘，茶湯金黃透亮，帶有高山冷香。,1200,450,2,normal,5,1,32,3
P000000564,C00096,炭焙鐵觀音精緻禮盒,傳統工法慢火烘焙，韻味深長回甘強。,1500,550,1,normal,5,1,32,85
P000000565,C00096,隱山四季冷泡茶包組,包含四種產地茶葉，冷泡更顯鮮甜。,680,200,2,low,5,1,32,29
P000000566,C00096,手作茶香陶瓷香氛袋,內含焙茶茶葉，散發淡淡炭火茶香。,350,90,2,normal,5,1,32,19|29|76
P000000567,C00096,隱山精品茶具組,包含一壺二杯，極簡灰釉質感。,2200,700,2,normal,5,1,32,3
P000000568,C00096,隱山原創茶食餅乾,揉入磨碎的茶粉，微甜中帶有濃郁茶韻。,450,120,2,normal,5,1,32,3
P000000569,C00097,「覺醒」中深焙配方豆,經典招牌豆。散發濃郁的巧克力與烤堅果香氣，口感醇厚如奶油般滑順。,550,180,2,zero,5,1,32,3
P000000570,C00097,醇黑可可精品手沖豆,帶有明顯的煙燻與黑巧克力風味。回甘悠長，適合喜愛重口味的咖啡愛好者。,680,220,2,normal,5,1,32,3
P000000571,C00097,靈魂甦醒－重焙濾掛組,專為重度需求者設計。大份量粉末確保萃取濃郁度，瞬間喚醒疲憊靈魂。,450,150,2,normal,5,1,32,3
P000000572,C00097,「森林火花」曼特寧豆,帶有原始的大地氣息與雪松香，中深焙度讓苦甜層次極其平衡。,600,200,2,normal,5,1,32,32|38
P000000573,C00097,職人挑選－經典禮盒,內含兩款經典中深焙豆與一支手工量勺。分享烘焙時的那股誘人香氣。,1280,400,2,normal,5,1,32,85
P000000574,C00098,繽紛森林－果乾花草茶,藍莓、覆盆子搭配薰衣草。天然酸甜感與花香交織，視覺與味覺的雙重療癒。,380,100,2,normal,5,1,32,32|38
P000000575,C00098,「暖陽」鳳梨洋甘菊茶,低溫烘乾金鑽鳳梨與舒壓洋甘菊。不含咖啡因，是睡前最溫柔的依靠。,350,90,2,low,5,1,32,3
P000000576,C00098,清新小旅行－蜜桃茶包,蜜桃的甜香搭配薄荷的清涼。適合在下午茶時刻，為感官帶來一段小旅行。,320,85,2,normal,5,1,32,29
P000000577,C00098,玫瑰紅龍果美妍茶,艷麗的紅龍果乾與屏東有機玫瑰。充滿維他命 C，讓日常保養變得優雅簡單。,420,120,2,normal,5,1,32,3
P000000578,C00098,慢活療癒－綜合果茶組,集合品牌五款經典口味。每一包都是一份驚喜小禮，點亮你的平淡日常。,650,180,2,normal,5,1,32,46
P000000579,C00099,12小時慢釀－冷萃咖啡,低溫長時間萃取。完全去除苦澀，展現如威士忌般的飽滿發酵果香。,180,55,2,normal,5,1,32,3
P000000580,C00099,琥珀色－冷泡精品烏龍,選用阿里山高山烏龍，冷泡出極致甘甜的茶湯。口感醇順，回甘如泉。,150,40,2,normal,5,1,32,3
P000000581,C00099,極致濃縮－冷萃咖啡液,高濃度萃取。只需加入鮮乳或氣泡水，即可隨時享受慢速精華的細膩。,580,160,2,normal,5,1,32,3
P000000582,C00099,冷萃工坊－實驗室組,包含三款不同產區的冷萃。邀請你在對比中探索「時間萃取」的魔力。,480,140,1,normal,5,1,32,3
P000000583,C00099,冰滴花果茶濃縮液,運用冷萃咖啡技術處理果茶。將果香濃縮在低溫中，解膩且充滿層次。,450,130,2,low,5,1,32,32
P000000584,C00100,產區系列－衣索比亞掛耳,帶有明亮的柑橘與茉莉花香。三分鐘內，讓手沖風味點亮你的晨間感官。,55,18,2,normal,5,1,32,3
P000000585,C00100,晨光精品－環遊世界禮盒,匯集五大產區精品豆。每天早晨開啟一個新國度的味覺探險，質感卓越。,980,300,2,normal,5,1,32,85
P000000586,C00100,專注力配方－曼巴掛耳,專為上班族設計。醇厚度與酸度完美平衡，開啟充滿效率與質感的工作日。,480,140,2,normal,5,1,32,3
P000000587,C00100,「晨間第一抹香」現磨組,接單後現磨。極致新鮮的香氣，確保你喝下的每一口都是職人級水平。,350,100,2,normal,5,1,32,3
P000000588,C00100,質感生活－精品馬克杯組,內含 5 入掛耳與一只特製陶瓷杯。讓喝咖啡成為日常中最值得的儀式。,850,250,2,normal,5,1,32,55|63
P000000589,C00101,龜背竹設計感水泥盆栽,網美系必備，大葉片龜背竹搭配極簡水泥盆。,1280,380,2,normal,5,1,11,7
P000000590,C00101,懸掛式圓球蕨類,適合室內垂吊，營造如雨林般的視覺層次。,850,250,2,normal,5,1,11,3
P000000591,C00101,綠意角落專用配土,針對室內觀葉植物調配，透氣防爛根。,250,60,2,normal,5,1,11,3
P000000592,C00101,復古長嘴金屬澆花壺,霧面黑質感，細長噴嘴精準控制水量。,680,220,2,normal,5,1,11,32|36
P000000593,C00101,虎尾蘭淨化組,高氧釋放植物，搭配手作編織提籃。,950,300,2,low,5,1,11,3
P000000594,C00101,植感室內植物架,二層木質結構，充分利用居家採光空間。,1800,550,2,normal,5,1,11,32
P000000595,C00102,豪華多肉組盆禮盒,收集 12 種珍稀多肉，拼貼出沙漠微景觀。,1500,450,2,normal,5,1,11,32|85
P000000596,C00102,兔耳多肉小木盒,毛茸茸的手感，像小兔耳朵般療癒動人。,350,90,2,normal,5,1,11,7|32
P000000597,C00102,多肉專用引水陶籤,慢速滲透設計，讓出遠門的你更安心。,180,45,2,normal,5,1,11,19|32
P000000598,C00102,石蓮花手作陶瓷盆,手捏質感搭配大地釉色，襯托植栽美感。,450,120,2,normal,5,1,11,19|32
P000000599,C00102,多肉萌芽養護手札,紀錄每一株肉肉的成長軌跡與澆水時程。,380,100,2,normal,5,1,11,32
P000000600,C00102,稀有粉紅佳人多肉,夢幻的粉色調葉片，是收藏家的首選。,550,150,2,normal,5,1,11,32
P000000601,C00102,多肉修剪五件組,專業鑷子與吹球，照顧細節不傷葉片。,580,160,2,normal,5,1,11,32
P000000602,C00103,「峽谷深處」生態缸,高透玻璃罐內重現陡峭岩壁與厚實苔蘚，搭配微縮登山小人，充滿冒險感。,1280,350,2,normal,5,1,11,3
P000000603,C00103,禪意枯山水苔蘚盤,開放式淺盤設計。以白砂、奇石與圓點苔構成，適合冥想時凝視。,850,220,2,low,5,1,11,43
P000000604,C00103,瀑布祕境生態球,運用樹脂模擬流動瀑布，環繞著茂密植被，是封閉系統中的完美微型地球。,1600,480,2,normal,5,1,11,3
P000000605,C00103,桌上型森林小路,條狀玻璃容器。重現森林步道景觀，適合放在電腦螢幕下方作為視力緩衝。,720,200,2,normal,5,1,11,38|59
P000000606,C00103,苔蘚與發光礦石罐,結合夜光石與深山苔。夜晚時會發出幽微光芒，如同夢境中的發光森林。,980,280,2,normal,5,1,11,3
P000000607,C00104,幾何黃銅空鳳架,手工焊接的幾何框架，搭配姿態優美的電捲風空鳳，具未來裝置藝術感。,650,180,2,normal,5,1,11,3
P000000608,C00104,原木底座空鳳飾,選用帶皮原木塊，保留植物與自然的原始連結。適合北歐風桌面裝飾。,420,110,2,normal,5,1,11,7
P000000609,C00104,「水母」懸掛編織組,將空鳳倒掛於手工編織套中，模擬水母在空中游動的輕盈律動感。,550,140,1,normal,5,1,11,20
P000000610,C00104,工業風不鏽鋼植栽,剛硬的金屬質感與柔軟的葉片對比。獻給喜愛酷帥、俐落風格的城市職人。,880,220,2,normal,5,1,11,37
P000000611,C00104,迷你噴霧保養禮組,包含特製噴霧瓶與精選空鳳。極簡包裝，是開啟空鳳栽培的最佳起點。,780,200,2,normal,5,1,11,85
P000000612,C00105,陽台香草自耕組,內含迷迭香種子、有機土壤與莫蘭迪色纖維盆。附帶完整烹飪教學。,450,120,2,normal,5,1,11,3
P000000613,C00105,「廚房小菜園」栽培罐,專為採光佳的廚房設計。玻璃罐水培羅勒，讓採收與烹飪無縫接軌。,380,100,2,normal,5,1,11,3
P000000614,C00105,薄荷清新栽培組,易上手的薄荷種子。讓你在下午茶時刻，親手摘取葉片調製飲品。,320,80,2,normal,5,1,11,3
P000000615,C00105,慢活食驗室全套禮盒,包含三種不同香草與質感園藝剪刀。體驗從種子到餐桌的完整生命力。,1200,350,2,normal,5,1,11,85
P000000616,C00105,有機蔬菜幼苗培育箱,適合親子共學。觀察蔬菜發芽成長過程，找回對大自然與土地的敬畏。,680,180,2,normal,5,1,11,3
P000000617,C00106,暖心職人選物禮盒,包含手工皂、香氛蠟燭與手織圍巾。,2800,950,2,normal,5,1,33,85
P000000618,C00106,滿意之禮午茶組,集合果醬、冷萃咖啡與手作瓷杯。,1650,550,2,normal,5,1,33,85
P000000619,C00106,季節限定森林禮盒,以木質調小物為主，充滿秋日氛圍。,2200,700,2,normal,5,1,33,38|85
P000000620,C00106,滿意之禮手作材料包,讓收禮者體驗親手製作皮革鑰匙圈。,850,240,2,normal,5,1,33,29|85
P000000621,C00106,驚喜迷你禮物球,隨機放入一件精緻銀飾或迷你擴香。,450,130,2,normal,5,1,33,85
P000000622,C00107,「午後暖光」小禮盒,內含單入裝手工玫瑰香膏與一張插畫明信片。輕輕傳遞感謝心意。,350,90,2,normal,5,1,33,85
P000000623,C00107,甜蜜感謝小果醬盒,選用小農手作藍莓果醬，搭配木質塗抹匙。適合送給在乎的人的小確幸。,280,75,2,normal,5,1,33,3
P000000624,C00107,「手手文字」祝福組,精選三款燙金明信片與一支質感原子筆。讓文字回歸最純粹的情感連結。,220,60,2,normal,5,1,33,3
P000000625,C00107,微光香氛掛片禮包,輕便的擴香掛片。隨禮附上客製化小標籤，是極細膩且動人的小禮物。,250,65,2,normal,5,1,33,29|76|85
P000000626,C00107,「小秘密」客製罐,裝滿手工摺紙星星或心願紙條。透過溫潤 小物，輕聲說聲謝謝。,180,45,2,normal,5,1,33,4
P000000627,C00108,「春鳴」節慶漢餅盒,傳統酥餅搭配手繪春節插畫。紅金配色的時尚排版，送給長輩體面大方。,880,250,2,zero,5,1,33,3
P000000628,C00108,中秋月影精品茶禮,在地精品烏龍茶葉罐，搭配俐落的明月幾何包裝。跨世代的美學交流。,1200,320,2,normal,5,1,33,85
P000000629,C00108,端午香艾手工禮包,傳統艾草香包的時尚轉生。俐落剪裁與刺繡圖騰，找回過節儀式感。,450,120,2,normal,5,1,33,1|29|85
P000000630,C00108,「豐收」小農特色組,集結在地優質農產。保留吉祥色彩，融入現代排版，獻上最誠摯祝福。,1500,450,2,normal,5,1,33,3
P000000631,C00108,萬象更新文創紅包組,手繪插畫與特殊紙材。讓發紅包這件事也充滿設計感與格調。,250,60,2,normal,5,1,33,29
P000000632,C00109,「開箱儀式」奢華空盒,高磅數環保紙材、封蠟與手工絲帶。為你的禮物披上最華麗的外衣。,250,70,2,normal,5,1,33,3
P000000633,C00109,經典封蠟包裝服務,由包裝藝術家代客處理。每一道摺痕與絲帶長度都經過極致精確校對。,150,30,2,normal,5,1,33,29
P000000634,C00109,環保美學手提禮袋,使用再生材質製作，搭配霧面燙金工法。視覺與體感的極致平衡。,120,35,2,normal,5,1,33,29|85|112
P000000635,C00109,時光藝術包裝紙捲,原創手繪圖案印製。讓包裹禮物過程也昇華成一段藝術體驗。,350,100,2,normal,5,1,33,29
P000000636,C00109,「層層驚喜」多層次禮盒,特殊盒型設計。讓收禮者在拆解過程中感受到不斷驚艷的感官享受。,600,180,1,normal,5,1,33,85
P000000637,C00110,「命中註定」興趣策展盒,根據你的描述量身搭配內容。每一件都精準命中對方的靈魂渴望。,2200,600,2,normal,5,1,33,3
P000000638,C00110,專屬名稱刻印手作件,現場刻印受禮者姓名。賦予禮物獨一無二的身分與深度關懷感。,1200,300,2,normal,5,1,33,3
P000000639,C00110,「聲情」音頻明信片,錄製一段話語存入 QR Code，隨禮附上。聽見送禮者最真實的心聲。,350,80,2,normal,5,1,33,30
P000000640,C00110,私人嗅覺地圖禮盒,根據對方的性格描述，調配專屬香氛小物。完成一份最完美的驚喜。,1800,500,2,normal,5,1,33,85
P000000641,C00110,「時光膠囊」訂製組,收集對方感興趣的元素進行拼貼包裝。值得珍藏一生，見證重要時刻。,3500,1000,2,normal,5,1,33,3
P000000642,C00111,「波浪花邊」貝雷帽,溫潤棉線手工鉤織。針法立體，貝殼邊緣設計，展現優雅寧靜心思。,980,280,2,normal,5,1,8,32
P000000643,C00111,溫柔絮語編織手提包,立體圈圈針法。大容量且具彈性，是慢節奏手作美學的極致體現。,1500,450,2,normal,5,1,8,20|29
P000000644,C00111,蕾絲記憶餐墊組 (2入),複雜針法展現層次感。溫柔包裹你的餐桌細節，賦予生活寧靜感。,650,180,2,normal,5,1,8,3
P000000645,C00111,「綻放」立體花卉髮帶,每一朵小花都由數小時專注製成。讓你在現代穿搭中展現老手藝美。,480,120,2,normal,5,1,8,28|32
P000000646,C00111,編織靈魂手機背帶,多色棉線交織出複雜圖騰。堅韌且具觸感，將寧靜心思繞在身邊。,550,140,2,normal,5,1,8,20
P000000647,C00112,波希米亞巨型壁掛,耗時三週編織，呈現流雲般複雜繩結。,5800,1800,2,normal,5,1,8,67
P000000648,C00112,結之律動編織提袋,強韌棉繩交織，適合沙灘與夏日穿搭。,1200,350,2,normal,5,1,8,20|29
P000000649,C00112,雙層流蘇植物網袋,讓家中的綠植擁有律動感。,650,180,2,normal,5,1,8,29|32
P000000650,C00112,手作編織杯墊 (二入),簡單的繩結美學，為桌面增添溫度。,320,80,2,normal,5,1,8,20|63
P000000651,C00112,結之律動捕夢掛飾,結合羽毛與木環，守護居家寧靜。,850,240,2,normal,5,1,8,3
P000000652,C00112,民族風編織相機帶,減壓且具備強烈的個人風格。,950,280,2,normal,5,1,8,20
P000000653,C00113,「森林小友」針氈動物,以純羊毛手工細針戳刺而成，神情活靈活現。觸感蓬鬆，是療癒心靈的案頭陪伴。,1200,320,2,normal,5,1,8,38
P000000654,C00113,雲朵色彩羊毛氈耳環,運用濕氈技術創造如糖果般的漸層色球。極致輕盈且柔軟，為穿搭增添驚喜。,580,150,2,normal,5,1,8,27|28
P000000655,C00113,厚實繽紛手工隔熱墊,融合多種色彩的厚實羊毛氈墊。具高度耐熱與吸水性，是餐桌上的溫暖魔法。,450,120,2,normal,5,1,8,1
P000000656,C00113,「微縮地球」濕氈掛飾,運用濕氈將不同藍綠色纖維交織成星球形狀。手感溫潤，打破纖維藝術的傳統框架。,850,230,2,normal,5,1,8,3
P000000657,C00113,羊毛氈多肉植物盆栽,永不凋謝的小綠意。多層次針戳出的立體葉片質感，柔軟且充滿雲朵般的輕柔感。,720,200,1,normal,5,1,8,27|32
P000000658,C00114,「衝撞」異材質混織抱枕,將廢棄布條與金屬絲手工編織，創造出凹凸分明的雕塑感表面。大膽且前衛。,2500,750,2,normal,5,1,8,20
P000000659,C00114,界線探索－立體織紋掛畫,結合塑膠管與絲線混織。作品跳脫平面，具有強烈的視覺衝擊力與抽象美感。,4800,1200,2,normal,5,1,8,20|67
P000000660,C00114,金屬纖維前衛頸飾,以銅絲與細棉線交織而成的具雕塑感飾品。打破框架，重塑纖維在身體上的定義。,1800,500,2,normal,5,1,8,3
P000000661,C00114,混編廢料藝術托盤,利用各種廢棄材料重組。每一件作品都是關於觸覺邊界的探索，獨一無二。,1350,400,2,normal,5,1,8,63
P000000662,C00114,「破碎與重生」織物裝飾,將斷裂的線條與塑膠構造重疊。適合熱愛前衛藝術受眾的居家獨特裝飾。,3200,850,2,normal,5,1,8,20|59
P000000663,C00115,天然羊駝毛厚實大圍巾,選用極高級羊駝毛織造。經典剪裁與絕佳親膚感，在寒冬給予你最誠摯的擁抱。,2800,950,2,normal,5,1,8,3
P000000664,C00115,「漫長歲月」手工織毛衣,全程手工針織，使用純天然羊毛。厚實且具備纖維呼吸感，是值得傳承的經典。,6800,2200,2,normal,5,1,8,1|20
P000000665,C00115,蠶絲混紡經典披肩,蠶絲的微光與羊毛的溫暖交融。手感溫潤，不隨潮流退流行的永恆美學。,3500,1200,2,normal,5,1,8,3
P000000666,C00115,「暖冬擁抱」手工手套,紮實的針法保留最原始的保暖力量。每一圈都凝聚了時間的耐性與手作溫度。,1200,350,2,normal,5,1,8,1
P000000667,C00115,極致純淨羊毛帽,簡單的剪裁，純粹的纖維質感。適合日常穿搭，成為冬日裡最安心的陪伴。,1500,450,2,normal,5,1,8,3
P000000668,C00116,「永恆盛放」樹脂紙鎮,在清澈透明樹脂中封存完整乾燥花。除泡精密，光線穿透時產生如夢幻般的折射。,1500,450,2,normal,5,1,23,3
P000000669,C00116,微型景觀透明燈座,樹脂內築起一座微縮山谷。點亮後，琥珀空間內的靜謐世界成為心靈慰藉。,3800,1100,2,normal,5,1,23,59
P000000670,C00116,「凝時」系列樹脂項鍊,每一滴樹脂都定格了自然的瞬間。晶瑩剔透，讓大自然的美麗成為永恆飾品。,980,280,2,normal,5,1,23,28
P000000671,C00116,靜謐琥珀樹脂托盤,封存大量的落葉與枯枝。呈現一種歲月靜好的時間靜置感，質感清澈如冰。,2200,650,2,normal,5,1,23,63
P000000672,C00116,永不凋零之森裝飾塊,多層次澆注工法。在透明空間裡構築永恆綠意，是案頭上最療癒的小世界。,1800,520,2,normal,5,1,23,59
P000000673,C00117,酒精墨水流動杯墊,墨水在樹脂中自然渲染，如星雲般迷幻。隨機產生的?路絕對無法被複製。,420,100,2,normal,5,1,23,63
P000000674,C00117,「大氣之美」渲染藝術板,運用大面積色彩堆疊與沉積。將生活雜貨轉化為具備裝飾意義的抽象畫作。,3500,900,2,normal,5,1,23,3
P000000675,C00117,繽紛星雲飾品托盤,充滿實驗性的色彩噴發。迷幻的紋路與透明度交織，為居家增添藝術感。,950,250,2,normal,5,1,23,28|63
P000000676,C00117,「流動詩篇」手工花瓶,將樹脂澆注於玻璃瓶身。色彩在立體面上流動擴散，呈現如夢似幻的動態感。,1800,480,2,normal,5,1,23,1|32
P000000677,C00117,幻彩微光氛圍燈,燈光透過渲染的樹脂擴散。每一盞燈的紋理都不同，創造獨一無二的視覺饗宴。,2600,720,2,normal,5,1,23,59
P000000678,C00118,浪花泡沫樹脂托盤,擬真海洋質感，白浪滾滾彷彿聽見海聲。,1800,550,2,normal,5,1,23,32|63
P000000679,C00118,海洋之心星砂紙鎮,將藍色深海與細碎貝殼封存於立方體。,750,220,2,normal,5,1,23,3
P000000680,C00118,漸層海色手作耳環,如同陽光穿透海水的清透感。,580,160,2,normal,5,1,23,28
P000000681,C00118,海洋之心時光牆鐘,錶盤呈現完整的海灘與淺灘層次。,3200,1100,2,zero,5,1,23,3
P000000682,C00118,秘境海穴裝飾燈座,樹脂內部有立體洞穴景觀，點燈後神祕唯美。,2500,800,2,normal,5,1,23,59
P000000683,C00118,海浪紋理手機殼,立體的手感，讓你的手機隨時擁有一片海。,850,240,2,normal,5,1,23,62
P000000684,C00118,海洋之心擴香石套組,貝殼造型，搭配專屬「海風」香精。,520,150,1,normal,5,1,23,76
P000000685,C00119,「反應爐」手工透光鍵帽,樹脂翻模結合手繪塗裝。透光處呈現核心過熱的橘紅光，極具科幻張力。,1200,350,2,normal,5,1,23,1
P000000686,C00119,金屬鏽蝕風微縮機甲,樹脂材質卻展現極致的鋼鐵重量感。手工舊化上色，充滿廢土與未來感線條。,3500,950,2,normal,5,1,23,3
P000000687,C00119,「電子腦」個性化隨身碟,將電路板與樹脂封存。外型如透明的機械心臟，適合硬核收藏家。,980,280,2,normal,5,1,23,63
P000000688,C00119,機械結構樹脂收納架,模擬未來空間站結構設計。除了功能性，更是桌面上一件極強視覺衝擊的藝術品。,1800,520,2,normal,5,1,23,3
P000000689,C00119,「遺落科技」樹脂紙鎮,封存廢棄齒輪與冷光燈管。展現工業美學在手工藝上的極致追求。,850,220,2,normal,5,1,23,3
P000000690,C00120,「消失的收納」透明名片盒,極高透明度樹脂。讓名片視覺化呈現，邊緣嵌有微小金箔，簡約卻不失精緻。,450,120,2,normal,5,1,23,60
P000000691,C00120,冰塊感幾何色塊筆筒,透明主體內嵌莫蘭迪色幾何塊面。為雜亂的桌面帶來一份清新的視覺秩序。,680,180,2,normal,5,1,23,3
P000000692,C00120,光影穿透收納盤 (大),平整的透明表面，邊緣圓潤。透過材質讓內容物整齊劃一，感受流動的光影。,950,260,2,normal,5,1,23,3
P000000693,C00120,金箔點綴透明書鎮,在清澈樹脂中隨機灑入金箔。功能與美學兼具，是桌面上一抹愉悅的設計巧思。,550,140,2,normal,5,1,23,3
P000000694,C00120,極簡透明杯墊組 (4入),追求消失的視覺感，僅保留材質的厚實手感。適合現代簡約的空間設計。,800,200,2,normal,5,1,23,34|63
P000000695,C00121,經典紅磚老屋積木組,復刻台灣傳統建築，包含三合院細節。,1800,600,2,normal,5,1,24,7
P000000696,C00121,像素風景迷你畫框,利用 1x1 積木拼出的阿里山日出。,450,120,2,normal,5,1,24,67
P000000697,C00121,樂構世界工具車模型,所有的齒輪皆可連動運轉。,1200,380,2,normal,5,1,24,3
P000000698,C00121,繽紛花卉積木束,永不凋謝，適合裝飾辦公空間。,850,250,2,normal,5,1,24,7|32
P000000699,C00121,台北 101 地標積木,縮小比例展現現代建築的宏偉。,1500,450,2,normal,5,1,24,7
P000000700,C00121,樂構世界積木儲存盒,蓋子本身即是積木拼盤。,550,160,2,normal,5,1,24,7
P000000701,C00121,復古蒸汽火車積木,精緻的黑色車體，重現鐵道情懷。,2200,750,2,normal,5,1,24,7|36
P000000702,C00121,積木造型趣味耳環,繽紛小方塊，展現玩心十足的時尚。,280,60,2,normal,5,1,24,7|28
P000000703,C00122,台灣檜木香氛積木組,選用頂級檜木，保留天然森林香氣。無漆倒角打磨，極致觸感適合感官啟發。,1680,550,2,normal,5,1,24,7|76
P000000704,C00122,山毛櫸幾何建築塊,堅硬耐磨的山毛櫸材質，紋理細膩。純天然植物油塗裝，安全環保的傳家玩具。,1200,400,2,normal,5,1,24,3
P000000705,C00122,原木觸感森林動物組,簡約線條勾勒的木頭動物。保留木材原始重量感，讓孩子與自然共玩。,850,220,2,normal,5,1,24,7|38
P000000706,C00122,大地色系平衡木,運用不同樹種產生的天然色差排列。挑戰平衡的同時，感受原木碰撞的清脆聲。,680,180,2,normal,5,1,24,7|56
P000000707,C00122,收藏級原木收納箱積木,包含 100 片全手工打磨積木，附專屬榫接木箱。啟發最純粹的想像力。,3600,1100,2,normal,5,1,24,7
P000000708,C00123,「永恆回憶」客製積木畫,提供照片訂製，由數千顆微型顆粒構成。色彩層次精確，是牆上最吸睛的裝飾。,3200,800,2,normal,5,1,24,4|7|67
P000000709,C00123,名畫翻玩系列－星夜,用像素解構經典名畫。互動性強且具藝術美感，展現解構與重組的驚喜。,1500,450,2,normal,5,1,24,67
P000000710,C00123,像素風世界地圖掛畫,運用不同藍綠色塊拼湊全球地景。適合居家工作室，激發探索世界的靈感。,2500,650,2,normal,5,1,24,67
P000000711,C00123,「城市剪影」像素杯墊,簡約色塊勾勒的建築輪廓。實用與美學結合，為桌面增添趣味像素風格。,350,90,1,normal,5,1,24,63
P000000712,C00123,DIY 像素字母拼圖組,可自由拼組姓名或語錄。隨心所欲重組視覺語言，展現個人化的藝術風格。,600,150,2,normal,5,1,24,3
P000000713,C00124,「時光律動」齒輪鐘錶,完整齒輪傳動結構。可實際運轉的機械模型，感受物理與工程的浪漫感。,2200,700,2,normal,5,1,24,3
P000000714,C00124,發電原理模擬實驗組,透過手動旋轉驅動 LED 發光。在玩樂中學習科學，啟發無限的好奇心。,1280,400,2,normal,5,1,24,3
P000000715,C00124,六足行走機器人模型,挑戰複雜結構拼組。運用連桿原理實現擬真走動，體現機械美學的理性。,1800,550,2,normal,5,1,24,3
P000000716,C00124,蒸氣時代機械手臂,模擬工業自動化運作。多軸可動設計，適合喜歡物理挑戰的大小朋友。,1500,480,2,normal,5,1,24,3
P000000717,C00124,能量傳遞永動軌道,利用重力與槓桿循環運作。視覺與聽覺的規律節奏，帶來極致的心理平靜。,2600,850,2,normal,5,1,24,3
P000000718,C00125,掌心裡的迷你多肉組,超微小顆粒精雕細琢。捕捉多肉植物的肥厚質感，辦公桌上的療癒風景。,450,120,2,normal,5,1,24,32
P000000719,C00125,「森之鳥」微型模型,精確捕捉翠鳥、山雀的特徵。尺寸迷你但細節驚人，讓你獲得心流體驗。,520,140,2,normal,5,1,24,31|33
P000000720,C00125,精密昆蟲系列－獨角仙,仿造生物構造製作。甲殼光澤與肢體比例完全還原，專注修煉的成就感。,480,130,2,normal,5,1,24,3
P000000721,C00125,「花漾」微型玻璃盅,將微小積木花藝封存在透明罩內。不凋零的巧思世界，適合作為精緻贈禮。,650,180,2,normal,5,1,24,32
P000000722,C00125,微觀世界－全套收藏組,包含動植物共 5 款模型。在緊湊的壓力中，用一顆顆積木拼湊出平靜。,2200,600,2,normal,5,1,24,3
P000000723,C00126,廢棄丹寧拼接郵差包,回收舊牛仔褲改造，每件刷色皆不同。,2400,750,2,normal,5,1,13,29
P000000724,C00126,續命計畫輪胎皮錢包,利用廢棄內胎製作，極度防水且耐用。,950,280,2,normal,5,1,13,9|29|67
P000000725,C00126,咖啡渣環保托特包,布料中揉入回收咖啡渣，具備天然除臭力。,780,220,2,normal,5,1,13,29|112
P000000726,C00126,過季帆布再生掛袋,將色彩鮮豔的宣傳帆布轉化為牆面收納。,520,140,2,normal,5,1,13,29
P000000727,C00126,續命計畫零廢棄杯套,利用餘布製作，隨機花色驚喜。,250,60,2,normal,5,1,13,67
P000000728,C00126,永續生活拼接圍裙,融合多種回收布料，展現獨特職人工藝。,1500,450,2,normal,5,1,13,112
P000000729,C00127,天然蜂蠟保鮮布組,有機棉結合台灣蜂蠟。圖案設計以自然環境為主題，取代一次性保鮮膜。,550,160,2,zero,5,1,13,3
P000000730,C00127,手作蜂蠟修補蠟條,延長保鮮布壽命的秘訣。純淨植物油與蜂蠟製成，守護我們湛藍的星球。,180,45,2,normal,5,1,13,3
P000000731,C00127,森系蜂蠟布束口袋,利用蜂蠟布的塑形特性，製作出的隨身收納袋。適合存放點心或小物品。,320,90,2,normal,5,1,13,29
P000000732,C00127,「大地恩賜」體驗盒,包含各種尺寸的保鮮布與保養說明。邀請你一起支持永續，減少塑膠污染。,880,250,2,normal,5,1,13,3
P000000733,C00127,防水型蜂蠟野餐餐墊,具備防潑水功能，手工塗布層次分明。讓環保行動也能充滿設計美感。,1200,350,2,normal,5,1,13,72
P000000734,C00128,再生玻璃磨砂水杯,由回收玻璃重新熔煉。帶有細微的氣泡與質樸的磨砂感，每一口都是永續。,350,95,2,normal,5,1,13,3
P000000735,C00128,黃麻手工編織收納袋,生物降解材質製作。結構堅韌且耐用，開啟你優雅且永續的低碳生活。,580,150,2,normal,5,1,13,1|20|29
P000000736,C00128,回收塑料環保刷具組,利用海洋廢棄物再製。設計俐落，強調不完美的環保優於零嘗試。,450,120,1,normal,5,1,13,112
P000000737,C00128,不鏽鋼濾網咖啡組,取代濾紙。極簡設計且可無限循環使用，讓早晨的咖啡更有環保態度。,1200,380,2,normal,5,1,13,3
P000000738,C00128,可循環軟木桌墊,採集栓皮櫟樹皮，不砍樹。天然且具備優良隔熱性，累積對環境的愛。,280,80,2,normal,5,1,13,7|59
P000000739,C00129,竹纖維幾何餐盤,以竹粉壓製。帶有細微植物纖維感，破損後可完全由土壤自然分解。,450,120,2,normal,5,1,13,7
P000000740,C00129,稻殼質感隨行杯,運用稻殼副產品製作。溫潤的手感與天然大地色彩，傳達對土地的承諾。,580,160,2,normal,5,1,13,3
P000000741,C00129,甘蔗渣壓製外帶盒,兼顧美學與環保。適合野餐使用，讓「從土地回歸土地」成為一種日常。,150,40,2,normal,5,1,13,3
P000000742,C00129,木質感植物纖維叉勺,絕佳耐用度卻能在自然中降解。手感溫潤，讓用餐也能展現餐飲美學。,320,90,2,normal,5,1,13,7|32
P000000743,C00129,植感生活－全套餐具禮盒,集結竹與稻殼系列。一份獻給土地的純粹禮物，展現優雅且永續的風格。,1800,500,2,normal,5,1,13,63|85
P000000744,C00130,咖啡渣去角質手工皂,利用咖啡渣吸附異味與物理去角質。散發天然咖啡香，是生活廢料的重生。,280,75,2,normal,5,1,13,1
P000000745,C00130,茶渣循環香薰蠟燭,混合回收茶渣與大豆蠟。燃燒時帶有淡淡的茶香，傳達恬淡深長的溫度。,650,180,2,normal,5,1,13,76
P000000746,C00130,果皮酵素萬用清潔噴霧,運用果皮發酵出的清潔力。清新柑橘香氣，體現惜物的智慧與循環美學。,350,90,2,normal,5,1,13,9
P000000747,C00130,咖啡渣除臭香氛包,回收咖啡渣進行乾燥處理。放入麻布袋中，為鞋櫃或空間帶來回甘生命力。,150,40,2,normal,5,1,13,29|76
P000000748,C00130,「回甘」循環肥料包,結合蔬果皮與發酵菌。讓養分以另一種形態重回大地，滋養你的陽台植栽。,420,120,2,normal,5,1,13,29
P000000749,C00131,全手工訂製個人泥像 (15cm),根據照片精準還原神韻，最具紀念意義。,5800,1800,2,normal,5,1,21,1|79
P000000750,C00131,寵物擬真捏塑擺飾,捕捉毛孩動態，連毛流細節都完美呈現。,3500,1100,2,normal,5,1,21,31|59
P000000751,C00131,匠心泥像婚禮對公仔,穿著禮服的甜蜜紀念，婚禮佈置焦點。,8500,2500,2,normal,5,1,21,85
P000000752,C00131,職人捏塑工具組 (專業版),品牌指定使用，讓你在家也能練習捏塑。,1500,450,2,normal,5,1,21,3
P000000753,C00131,紀念日情境泥塑場景,包含人物與縮小場景，紀錄幸福時刻。,12000,4000,2,normal,5,1,21,3
P000000754,C00132,圓滾滾生肖系列公仔,質感輕巧如棉花糖的超輕黏土捏製。色彩柔和，圓潤造型帶有強大療癒能量。,580,150,2,normal,5,1,21,3
P000000755,C00132,「加油鴨」辦公小陪伴,專為上班族設計的加油小鴨。手感細膩輕盈，放在桌邊隨時為你加油打氣。,350,90,2,normal,5,1,21,60
P000000756,C00132,棉花糖色系治癒貓咪,捕捉貓咪捲曲入睡的軟綿形體。色彩粉嫩且觸感輕柔，適合點綴療癒風景。,480,130,2,normal,5,1,21,31|32
P000000757,C00132,微笑森林小狐狸,簡單的線條勾勒出狐狸的靈動。充滿童趣與活力，能讓看到的人不自覺微笑。,520,140,2,normal,5,1,21,38
P000000758,C00132,夢幻獨角獸小擺飾,運用粉紫色系黏土交織。如雲朵般的質感呈現奇幻美，是女孩書桌的最愛。,650,180,2,normal,5,1,21,59
P000000759,C00133,「指尖上的壽司」磁鐵,只有指甲蓋大小。精準還原鮭魚紋理與米飯質感，袖珍工藝的極致呈現。,280,70,2,normal,5,1,21,3
P000000760,C00133,極致細節披薩別針,具備豐富配料層次。運用微型黏土展現起司熔融感，收藏家必入單品。,350,95,2,normal,5,1,21,3
P000000761,C00133,縮小世界－麵包店掛飾,各式精微麵包集合。追求縮小後的真實感，將美味極致隨身攜帶。,580,160,2,normal,5,1,21,29
P000000762,C00133,「微觀美味」手工磁鐵組,包含漢堡、薯條與可樂。挑戰視力極限的擬真度，探索方寸間的驚喜。,650,180,2,normal,5,1,21,1
P000000763,C00133,方寸食光－拉麵吊飾,湯頭光澤與麵條線條完全還原。在極微小的領域內展現震撼的工藝厚度。,420,120,1,normal,5,1,21,3
P000000764,C00134,「幽暗巨龍」異材質雕塑,玄幻神話風格。結合發光元件與複雜黏土層次，營造神祕異域氛圍。,5800,1500,2,normal,5,1,21,3
P000000765,C00134,奇珍異獸－幻影麒麟,色彩斑斕且充滿想像力。鱗片細節精緻，適合熱愛奇幻文化的收藏靈魂。,4500,1200,2,normal,5,1,21,3
P000000766,C00134,夢中之神－微縮人物像,不受現實束縛的造夢之作。細節複雜且神韻神祕，展現腦海深處的幻境。,3200,850,2,normal,5,1,21,3
P000000767,C00134,「異星植被」發光裝飾,結合發光纖維與黏土。重現奇幻遊戲中的發光森林，具備強烈的科幻感。,2500,700,2,normal,5,1,21,59
P000000768,C00134,神話圖騰黏土拼貼畫,具備雕塑感的立體畫作。色彩斑斕且層次分明，將異域真實呈現於眼前。,3800,1000,2,normal,5,1,21,67
P000000769,C00135,「大口咬」動物手機架,可愛角色造型與實用結構結合。使用強化黏土，是辦公桌上的活潑助役。,680,180,2,normal,5,1,21,3
P000000770,C00135,角色名片夾－小管家,讓名片井然有序。獨特的黏土設計，為居家生活增添一份手作的趣致。,450,120,2,normal,5,1,21,60
P000000771,C00135,趣味筆插－怪獸之爪,搞怪風格與眼鏡架功能結合。耐摔材質確保日常使用，讓桌面變更有趣。,550,150,2,normal,5,1,21,3
P000000772,C00135,生活幫手－貓咪眼鏡架,將貓咪形體轉化為眼鏡撐架。具備功能性的藝術品，體現生活中的泥趣。,580,160,2,normal,5,1,21,31
P000000773,C00135,多功能角色收納盤,強化黏土製作。適合存放鑰匙與零錢，讓收納也能展現個人的手作美學。,850,230,2,normal,5,1,21,74
P000000774,C00136,城市系列底片攝影集,收錄 100 張職人沖印作品，黑白質感強烈。,1200,350,2,normal,5,1,18,3
P000000775,C00136,膠卷時光原創藝術噴墨畫,選用日本手工紙，呈現底片迷人顆粒感。,2500,800,2,normal,5,1,18,3|67
P000000776,C00136,復古 35mm 膠卷收納盒,實心木製，可存放 10 卷底片，防止受潮。,850,250,2,normal,5,1,18,36
P000000777,C00136,膠卷時光限量手工沖印照片,每一張皆在暗房親手顯影，帶有獨特調性。,450,120,2,normal,5,1,18,1|2
P000000778,C00136,攝影師專屬帆布肩包,專為底片機設計的內隔層，復古且專業。,2800,900,2,normal,5,1,18,29
P000000779,C00136,膠卷造型藝術磁鐵,重現經典柯達、富士底片盒縮影。,180,45,2,normal,5,1,18,3
P000000780,C00136,暗房時光系列明信片,紀錄顯影液中影像緩緩浮現的瞬間。,320,80,2,normal,5,1,18,30
P000000781,C00137,「巷弄光影」黑白藝術照,捕捉稍縱即逝的光影交錯。去除色彩干擾，呈現直擊情感本質的詩意。,1200,200,2,normal,5,1,18,3
P000000782,C00137,城市脈動－黑白紀實海報,街頭人文攝影精選。捕捉眼神中被忽略的情感，發現紛雜世界的真相。,850,150,2,normal,5,1,18,3
P000000783,C00137,「寧靜時刻」藝術微噴,巷弄深處的瞬間攝影。直擊靈魂的黑白影像，成為牆上一扇透視之窗。,1500,300,2,normal,5,1,18,3
P000000784,C00137,觀察者系列－攝影明信片組,捕捉日常中隱藏的詩意張力。每一張照片都是一段關於觀察的故事。,450,100,2,normal,5,1,18,30
P000000785,C00137,人文視角－限量攝影集,收錄瞬間之影的經典黑白影像。透過觀景窗發現生活平淡中被忽略的美。,1800,500,2,normal,5,1,18,2
P000000786,C00138,「曙光之巔」藝術微噴掛畫,極高動態範圍，還原最完美的曙光顏色。呈現山林的清冽與大地的壯闊。,3500,800,2,normal,5,1,18,67
P000000787,C00138,海洋遼闊－大幅全景照片,捕捉極致的藍色大海與浪花細節。將大自然的能量帶進你的居所。,5800,1200,2,normal,5,1,18,3
P000000788,C00138,「山海洗禮」攝影禮盒組,包含多款產區風景小畫，附上高品質實木相框。呼吸大地的壯麗能量。,1500,400,2,normal,5,1,18,85
P000000789,C00138,雲海之歌－限量裝飾版畫,等待多年才捕捉到的完美雲海瞬間。高品質 Gicl?e 噴製，細節清晰。,2200,550,2,normal,5,1,18,2|59|67
P000000790,C00138,「敬畏自然」藝術寫真書,走遍高山深海的視覺紀錄。帶給觀者心靈的身心洗禮與視覺饗宴。,1200,350,1,normal,5,1,18,3
P000000791,C00139,「複眼宇宙」超微距照片,捕捉昆蟲複眼的精密結構。展示生命驚人的設計美感與奇蹟。,1800,350,2,normal,5,1,18,3
P000000792,C00139,晨露中的微觀森林,葉片纖毛上的露珠折射。喚醒對微小生命的尊重，發現隱藏的華麗。,1200,250,2,normal,5,1,18,38
P000000793,C00139,「花藥噴發」瞬間攝影,捕捉花卉生命延續的神祕時刻。微觀領域中的震撼細節，具備律動感。,1500,300,2,normal,5,1,18,32
P000000794,C00139,未知奇蹟－微距裝飾卡片,將肉眼難見的細節轉化為藝術卡。探索未知，感受自然界的和諧美感。,380,80,2,normal,5,1,18,59|83
P000000795,C00139,生命之美－微距攝影輯,帶領觀者進入異世界的微觀之旅。喚醒好奇心，發現自然界的華麗設計。,950,250,2,normal,5,1,18,3
P000000796,C00140,「光影私語」藝術肖像照,利用自然光營造繪畫般的夢幻質感。捕捉最溫柔且具故事感的靈魂詩篇。,4500,200,2,normal,5,1,18,3
P000000797,C00140,靈魂紀念－手繪風人像攝影,不強調精準對焦，而在乎情感流動。為你留下跨越時空的影像詩。,6000,350,2,normal,5,1,18,18
P000000798,C00140,「夢幻留白」風格攝影組,營造特定場景氛圍。捕捉你內心深處最真實、最具藝術感的紀念。,8000,500,2,normal,5,1,18,3
P000000799,C00140,溫柔瞬間－藝術家簽名海報,風格柔美的人像紀錄。如詩般的影像美學，成為居家裝飾中情感的窗口。,1500,400,2,normal,5,1,18,3
P000000800,C00140,影像詩篇－客製攝影集,為你的個人故事量身打造。將情感與光影化為一冊可觸摸的溫柔紀念。,3500,1000,2,normal,5,1,18,4
