CsvPostID,MemberID,ReactionType
P000001,M0000013
P000001,M0000102
P000001,M0000069
P000001,M0000014
P000001,M0000068
P000001,M0000015
P000001,M0000025
P000001,M0000171
P000001,M0000039
P000001,M0000113
P000001,M0000092
P000001,M0000081
P000001,M0000014
P000001,M0000026
P000001,M0000059
P000001,M0000053
P000001,M0000018
P000002,M0000157
P000002,M0000023
P000002,M0000114
P000002,M0000106
P000002,M0000058
P000002,M0000110
P000002,M0000119
P000002,M0000169
P000002,M0000102
P000002,M0000141
P000002,M0000036
P000002,M0000130
P000002,M0000002
P000003,M0000126
P000003,M0000129
P000003,M0000149
P000003,M0000083
P000003,M0000062
P000003,M0000027
P000003,M0000067
P000003,M0000187
P000003,M0000161
P000003,M0000021
P000003,M0000198
P000003,M0000037
P000003,M0000100
P000003,M0000080
P000003,M0000160
P000003,M0000096
P000003,M0000200
P000004,M0000090
P000004,M0000152
P000004,M0000016
P000004,M0000034
P000004,M0000074
P000004,M0000019
P000004,M0000157
P000004,M0000190
P000005,M0000019
P000005,M0000173
P000005,M0000170
P000005,M0000010
P000005,M0000184
P000005,M0000154
P000005,M0000033
P000005,M0000123
P000005,M0000090
P000005,M0000179
P000005,M0000180
P000005,M0000037
P000005,M0000083
P000005,M0000189
P000005,M0000032
P000005,M0000002
P000005,M0000173
P000006,M0000134
P000006,M0000072
P000006,M0000057
P000006,M0000174
P000006,M0000042
P000006,M0000007
P000006,M0000176
P000006,M0000147
P000006,M0000019
P000006,M0000127
P000006,M0000130
P000006,M0000007
P000007,M0000148
P000007,M0000180
P000007,M0000127
P000007,M0000145
P000007,M0000097
P000007,M0000029
P000007,M0000121
P000007,M0000099
P000007,M0000144
P000007,M0000023
P000007,M0000056
P000007,M0000191
P000007,M0000187
P000007,M0000135
P000007,M0000054
P000007,M0000038
P000007,M0000051
P000007,M0000096
P000007,M0000001
P000007,M0000183
P000008,M0000044
P000008,M0000094
P000008,M0000031
P000008,M0000170
P000008,M0000177
P000008,M0000038
P000008,M0000012
P000008,M0000061
P000008,M0000195
P000008,M0000137
P000008,M0000172
P000008,M0000169
P000008,M0000034
P000008,M0000020
P000008,M0000192
P000008,M0000191
P000008,M0000094
P000009,M0000115
P000009,M0000192
P000009,M0000105
P000009,M0000082
P000009,M0000141
P000009,M0000156
P000009,M0000040
P000010,M0000181
P000010,M0000155
P000010,M0000197
P000010,M0000068
P000010,M0000010
P000010,M0000122
P000010,M0000142
P000010,M0000142
P000010,M0000099
P000010,M0000051
P000010,M0000186
P000010,M0000178
P000010,M0000111
P000010,M0000077
P000010,M0000122
P000010,M0000088
P000010,M0000082
P000010,M0000109
P000010,M0000144
P000011,M0000143
P000011,M0000028
P000011,M0000074
P000011,M0000129
P000011,M0000050
P000011,M0000004
P000011,M0000076
P000011,M0000164
P000011,M0000179
P000011,M0000068
P000011,M0000069
P000011,M0000151
P000011,M0000070
P000011,M0000051
P000012,M0000115
P000012,M0000134
P000012,M0000076
P000012,M0000082
P000012,M0000001
P000012,M0000078
P000013,M0000087
P000013,M0000049
P000013,M0000031
P000013,M0000074
P000013,M0000152
P000013,M0000012
P000013,M0000130
P000013,M0000050
P000013,M0000094
P000013,M0000180
P000013,M0000126
P000013,M0000106
P000013,M0000092
P000013,M0000023
P000014,M0000170
P000014,M0000076
P000014,M0000198
P000014,M0000153
P000014,M0000075
P000014,M0000147
P000014,M0000099
P000014,M0000095
P000014,M0000033
P000014,M0000069
P000015,M0000081
P000015,M0000010
P000015,M0000125
P000015,M0000128
P000015,M0000112
P000015,M0000028
P000015,M0000152
P000015,M0000102
P000015,M0000108
P000015,M0000183
P000015,M0000111
P000015,M0000083
P000015,M0000126
P000015,M0000137
P000016,M0000181
P000016,M0000162
P000016,M0000152
P000016,M0000185
P000016,M0000131
P000016,M0000100
P000016,M0000025
P000016,M0000019
P000016,M0000080
P000016,M0000084
P000016,M0000028
P000016,M0000137
P000016,M0000178
P000017,M0000099
P000017,M0000168
P000017,M0000191
P000017,M0000086
P000017,M0000056
P000017,M0000055
P000017,M0000107
P000017,M0000132
P000017,M0000025
P000017,M0000132
P000018,M0000171
P000018,M0000066
P000018,M0000175
P000018,M0000143
P000018,M0000015
P000018,M0000181
P000018,M0000032
P000018,M0000152
P000018,M0000173
P000018,M0000020
P000018,M0000094
P000019,M0000081
P000019,M0000148
P000019,M0000031
P000019,M0000120
P000019,M0000031
P000019,M0000058
P000019,M0000086
P000019,M0000009
P000019,M0000103
P000019,M0000117
P000020,M0000185
P000020,M0000177
P000020,M0000140
P000020,M0000069
P000020,M0000125
P000020,M0000082
P000020,M0000146
P000020,M0000074
P000020,M0000163
P000020,M0000073
P000020,M0000039
P000021,M0000046
P000021,M0000149
P000021,M0000099
P000021,M0000165
P000021,M0000023
P000021,M0000147
P000021,M0000007
P000021,M0000055
P000021,M0000190
P000021,M0000182
P000021,M0000019
P000022,M0000042
P000022,M0000199
P000022,M0000024
P000022,M0000030
P000022,M0000005
P000022,M0000049
P000022,M0000110
P000022,M0000097
P000023,M0000038
P000023,M0000159
P000023,M0000189
P000023,M0000137
P000023,M0000178
P000023,M0000153
P000023,M0000157
P000023,M0000022
P000024,M0000088
P000024,M0000128
P000024,M0000073
P000024,M0000017
P000024,M0000134
P000024,M0000085
P000024,M0000014
P000024,M0000197
P000024,M0000002
P000024,M0000003
P000024,M0000173
P000024,M0000074
P000024,M0000145
P000024,M0000151
P000024,M0000115
P000024,M0000134
P000024,M0000159
P000025,M0000006
P000025,M0000047
P000025,M0000189
P000025,M0000096
P000025,M0000181
P000025,M0000075
P000025,M0000027
P000025,M0000155
P000025,M0000177
P000025,M0000089
P000025,M0000071
P000025,M0000144
P000025,M0000117
P000025,M0000124
P000025,M0000194
P000025,M0000078
P000025,M0000133
P000026,M0000151
P000026,M0000085
P000026,M0000067
P000026,M0000086
P000026,M0000001
P000026,M0000092
P000027,M0000156
P000027,M0000028
P000027,M0000053
P000027,M0000039
P000027,M0000027
P000027,M0000197
P000027,M0000194
P000027,M0000011
P000028,M0000063
P000028,M0000145
P000028,M0000062
P000028,M0000100
P000028,M0000194
P000028,M0000194
P000028,M0000134
P000028,M0000199
P000028,M0000122
P000028,M0000169
P000028,M0000145
P000028,M0000196
P000028,M0000067
P000028,M0000045
P000028,M0000010
P000028,M0000026
P000028,M0000036
P000028,M0000010
P000028,M0000139
P000028,M0000186
P000029,M0000048
P000029,M0000039
P000029,M0000037
P000029,M0000157
P000029,M0000119
P000030,M0000181
P000030,M0000104
P000030,M0000142
P000030,M0000179
P000030,M0000031
P000030,M0000029
P000030,M0000054
P000030,M0000014
P000031,M0000089
P000031,M0000084
P000031,M0000005
P000031,M0000131
P000031,M0000080
P000032,M0000031
P000032,M0000069
P000032,M0000076
P000032,M0000178
P000032,M0000167
P000032,M0000054
P000032,M0000179
P000032,M0000050
P000033,M0000184
P000033,M0000018
P000033,M0000036
P000033,M0000118
P000033,M0000155
P000033,M0000059
P000033,M0000149
P000033,M0000123
P000033,M0000035
P000033,M0000149
P000033,M0000001
P000033,M0000032
P000033,M0000168
P000033,M0000173
P000033,M0000128
P000033,M0000025
P000033,M0000150
P000033,M0000086
P000033,M0000161
P000034,M0000096
P000034,M0000118
P000034,M0000005
P000034,M0000032
P000034,M0000139
P000034,M0000163
P000034,M0000152
P000035,M0000041
P000035,M0000012
P000035,M0000150
P000035,M0000098
P000035,M0000035
P000035,M0000136
P000035,M0000190
P000035,M0000178
P000035,M0000173
P000035,M0000174
P000035,M0000156
P000035,M0000004
P000035,M0000092
P000036,M0000047
P000036,M0000041
P000036,M0000167
P000036,M0000135
P000036,M0000009
P000036,M0000042
P000036,M0000032
P000036,M0000013
P000036,M0000058
P000036,M0000049
P000036,M0000119
P000036,M0000135
P000036,M0000077
P000036,M0000040
P000036,M0000061
P000036,M0000022
P000036,M0000064
P000037,M0000050
P000037,M0000012
P000037,M0000102
P000037,M0000087
P000037,M0000169
P000037,M0000163
P000037,M0000027
P000037,M0000069
P000037,M0000191
P000037,M0000012
P000038,M0000165
P000038,M0000133
P000038,M0000070
P000038,M0000003
P000038,M0000043
P000038,M0000115
P000038,M0000185
P000038,M0000117
P000038,M0000196
P000038,M0000047
P000038,M0000162
P000038,M0000140
P000038,M0000135
P000038,M0000154
P000038,M0000045
P000038,M0000119
P000038,M0000043
P000038,M0000183
P000038,M0000093
P000038,M0000094
P000039,M0000029
P000039,M0000072
P000039,M0000041
P000039,M0000032
P000039,M0000147
P000040,M0000195
P000040,M0000057
P000040,M0000110
P000040,M0000068
P000040,M0000053
P000040,M0000093
P000040,M0000050
P000040,M0000153
P000040,M0000173
P000040,M0000100
P000040,M0000011
P000040,M0000149
P000040,M0000003
P000040,M0000043
P000040,M0000095
P000040,M0000112
P000040,M0000104
P000040,M0000104
P000041,M0000142
P000041,M0000152
P000041,M0000009
P000041,M0000035
P000041,M0000105
P000041,M0000181
P000041,M0000161
P000041,M0000181
P000041,M0000022
P000041,M0000137
P000041,M0000170
P000041,M0000018
P000041,M0000004
P000041,M0000016
P000041,M0000182
P000041,M0000182
P000041,M0000145
P000042,M0000197
P000042,M0000050
P000042,M0000102
P000042,M0000148
P000042,M0000017
P000042,M0000107
P000042,M0000015
P000042,M0000030
P000042,M0000034
P000042,M0000032
P000042,M0000175
P000042,M0000182
P000042,M0000197
P000042,M0000020
P000042,M0000198
P000042,M0000051
P000042,M0000125
P000042,M0000125
P000043,M0000147
P000043,M0000019
P000043,M0000178
P000043,M0000172
P000043,M0000060
P000043,M0000017
P000044,M0000162
P000044,M0000135
P000044,M0000096
P000044,M0000009
P000044,M0000198
P000044,M0000073
P000044,M0000090
P000044,M0000157
P000044,M0000127
P000044,M0000094
P000044,M0000058
P000044,M0000075
P000044,M0000097
P000044,M0000130
P000045,M0000031
P000045,M0000033
P000045,M0000045
P000045,M0000003
P000045,M0000138
P000045,M0000098
P000045,M0000051
P000045,M0000058
P000045,M0000071
P000045,M0000013
P000045,M0000055
P000045,M0000147
P000045,M0000100
P000045,M0000181
P000045,M0000132
P000045,M0000069
P000045,M0000154
P000045,M0000142
P000045,M0000014
P000046,M0000166
P000046,M0000140
P000046,M0000135
P000046,M0000068
P000046,M0000124
P000046,M0000035
P000046,M0000168
P000046,M0000197
P000046,M0000090
P000046,M0000129
P000046,M0000080
P000047,M0000011
P000047,M0000137
P000047,M0000063
P000047,M0000001
P000047,M0000087
P000048,M0000100
P000048,M0000189
P000048,M0000026
P000048,M0000019
P000048,M0000154
P000048,M0000084
P000049,M0000132
P000049,M0000050
P000049,M0000008
P000049,M0000118
P000049,M0000181
P000049,M0000194
P000049,M0000030
P000049,M0000005
P000049,M0000194
P000049,M0000137
P000049,M0000017
P000050,M0000159
P000050,M0000153
P000050,M0000101
P000050,M0000144
P000050,M0000073
P000050,M0000144
P000050,M0000180
P000050,M0000114
P000050,M0000035
P000050,M0000116
P000050,M0000159
P000050,M0000079
P000050,M0000102
P000050,M0000028
P000050,M0000110
P000050,M0000143
P000050,M0000010
P000051,M0000133
P000051,M0000027
P000051,M0000151
P000051,M0000146
P000051,M0000036
P000051,M0000031
P000051,M0000072
P000051,M0000188
P000051,M0000034
P000051,M0000008
P000052,M0000170
P000052,M0000048
P000052,M0000195
P000052,M0000059
P000052,M0000154
P000052,M0000119
P000052,M0000193
P000052,M0000148
P000052,M0000092
P000052,M0000075
P000053,M0000054
P000053,M0000113
P000053,M0000113
P000053,M0000015
P000053,M0000134
P000053,M0000034
P000053,M0000174
P000053,M0000075
P000053,M0000009
P000054,M0000037
P000054,M0000061
P000054,M0000093
P000054,M0000137
P000054,M0000087
P000054,M0000078
P000054,M0000115
P000054,M0000156
P000054,M0000094
P000054,M0000191
P000054,M0000076
P000054,M0000183
P000054,M0000151
P000054,M0000160
P000054,M0000014
P000054,M0000147
P000055,M0000054
P000055,M0000143
P000055,M0000150
P000055,M0000070
P000055,M0000066
P000056,M0000198
P000056,M0000073
P000056,M0000065
P000056,M0000010
P000056,M0000047
P000056,M0000045
P000056,M0000130
P000056,M0000011
P000056,M0000161
P000056,M0000033
P000056,M0000032
P000056,M0000174
P000056,M0000170
P000056,M0000175
P000056,M0000167
P000056,M0000070
P000056,M0000078
P000056,M0000167
P000056,M0000162
P000056,M0000036
P000057,M0000197
P000057,M0000075
P000057,M0000028
P000057,M0000088
P000057,M0000141
P000057,M0000012
P000057,M0000035
P000057,M0000184
P000058,M0000025
P000058,M0000155
P000058,M0000091
P000058,M0000113
P000058,M0000165
P000058,M0000023
P000058,M0000179
P000058,M0000074
P000058,M0000148
P000058,M0000065
P000058,M0000127
P000058,M0000193
P000058,M0000145
P000058,M0000010
P000058,M0000140
P000058,M0000079
P000059,M0000144
P000059,M0000036
P000059,M0000164
P000059,M0000104
P000059,M0000163
P000059,M0000102
P000059,M0000141
P000059,M0000154
P000059,M0000022
P000059,M0000152
P000059,M0000028
P000059,M0000200
P000059,M0000159
P000060,M0000031
P000060,M0000152
P000060,M0000192
P000060,M0000100
P000060,M0000179
P000061,M0000050
P000061,M0000070
P000061,M0000011
P000061,M0000042
P000061,M0000139
P000061,M0000122
P000061,M0000195
P000061,M0000022
P000061,M0000186
P000061,M0000194
P000061,M0000131
P000061,M0000133
P000062,M0000063
P000062,M0000111
P000062,M0000098
P000062,M0000182
P000062,M0000191
P000062,M0000126
P000063,M0000178
P000063,M0000154
P000063,M0000110
P000063,M0000134
P000063,M0000166
P000063,M0000026
P000063,M0000165
P000063,M0000054
P000063,M0000112
P000063,M0000001
P000063,M0000120
P000063,M0000115
P000063,M0000081
P000063,M0000182
P000063,M0000082
P000063,M0000074
P000063,M0000112
P000063,M0000013
P000063,M0000005
P000063,M0000112
P000064,M0000021
P000064,M0000087
P000064,M0000084
P000064,M0000171
P000064,M0000046
P000064,M0000174
P000064,M0000019
P000064,M0000109
P000064,M0000170
P000064,M0000020
P000064,M0000052
P000064,M0000100
P000064,M0000081
P000064,M0000051
P000064,M0000081
P000064,M0000023
P000064,M0000165
P000064,M0000110
P000065,M0000177
P000065,M0000157
P000065,M0000087
P000065,M0000193
P000065,M0000025
P000065,M0000008
P000065,M0000017
P000065,M0000004
P000065,M0000051
P000065,M0000022
P000065,M0000037
P000065,M0000170
P000065,M0000085
P000065,M0000065
P000065,M0000082
P000065,M0000082
P000065,M0000120
P000066,M0000045
P000066,M0000165
P000066,M0000026
P000066,M0000037
P000066,M0000184
P000066,M0000004
P000066,M0000164
P000066,M0000133
P000066,M0000016
P000066,M0000065
P000066,M0000158
P000066,M0000014
P000066,M0000188
P000066,M0000180
P000066,M0000128
P000067,M0000067
P000067,M0000020
P000067,M0000183
P000067,M0000043
P000067,M0000039
P000067,M0000002
P000067,M0000004
P000067,M0000126
P000067,M0000140
P000067,M0000164
P000067,M0000053
P000067,M0000033
P000067,M0000014
P000067,M0000009
P000067,M0000100
P000067,M0000174
P000067,M0000176
P000067,M0000028
P000067,M0000098
P000067,M0000200
P000068,M0000192
P000068,M0000069
P000068,M0000131
P000068,M0000197
P000068,M0000133
P000068,M0000154
P000068,M0000097
P000068,M0000051
P000068,M0000130
P000068,M0000118
P000068,M0000071
P000068,M0000024
P000068,M0000100
P000068,M0000014
P000068,M0000169
P000068,M0000199
P000068,M0000180
P000068,M0000083
P000068,M0000029
P000069,M0000164
P000069,M0000033
P000069,M0000113
P000069,M0000199
P000069,M0000098
P000069,M0000089
P000069,M0000196
P000069,M0000048
P000069,M0000150
P000070,M0000167
P000070,M0000150
P000070,M0000005
P000070,M0000118
P000070,M0000122
P000070,M0000153
P000070,M0000122
P000070,M0000145
P000070,M0000190
P000070,M0000094
P000071,M0000062
P000071,M0000083
P000071,M0000130
P000071,M0000045
P000071,M0000117
P000071,M0000005
P000071,M0000126
P000071,M0000052
P000071,M0000096
P000071,M0000019
P000071,M0000065
P000071,M0000193
P000071,M0000126
P000071,M0000070
P000071,M0000007
P000071,M0000064
P000071,M0000007
P000071,M0000060
P000071,M0000179
P000072,M0000179
P000072,M0000004
P000072,M0000092
P000072,M0000071
P000072,M0000116
P000072,M0000124
P000072,M0000024
P000072,M0000100
P000072,M0000069
P000072,M0000063
P000072,M0000158
P000073,M0000021
P000073,M0000130
P000073,M0000132
P000073,M0000127
P000073,M0000200
P000073,M0000170
P000073,M0000043
P000073,M0000040
P000073,M0000054
P000073,M0000078
P000073,M0000010
P000073,M0000124
P000073,M0000158
P000073,M0000116
P000073,M0000163
P000073,M0000005
P000074,M0000032
P000074,M0000002
P000074,M0000029
P000074,M0000184
P000074,M0000145
P000074,M0000097
P000074,M0000174
P000074,M0000016
P000074,M0000025
P000074,M0000068
P000074,M0000137
P000075,M0000166
P000075,M0000148
P000075,M0000050
P000075,M0000046
P000075,M0000147
P000075,M0000173
P000075,M0000188
P000075,M0000166
P000075,M0000101
P000075,M0000071
P000075,M0000168
P000075,M0000082
P000075,M0000136
P000075,M0000182
P000075,M0000043
P000075,M0000127
P000076,M0000163
P000076,M0000080
P000076,M0000049
P000076,M0000031
P000076,M0000075
P000076,M0000097
P000076,M0000150
P000076,M0000047
P000076,M0000098
P000076,M0000042
P000076,M0000170
P000076,M0000018
P000076,M0000119
P000076,M0000082
P000076,M0000166
P000076,M0000193
P000076,M0000169
P000076,M0000182
P000076,M0000117
P000076,M0000118
P000077,M0000178
P000077,M0000018
P000077,M0000114
P000077,M0000029
P000077,M0000199
P000077,M0000065
P000077,M0000045
P000077,M0000087
P000077,M0000069
P000077,M0000014
P000077,M0000084
P000077,M0000011
P000077,M0000049
P000077,M0000024
P000077,M0000029
P000077,M0000190
P000078,M0000139
P000078,M0000103
P000078,M0000163
P000078,M0000110
P000078,M0000095
P000078,M0000186
P000078,M0000049
P000078,M0000112
P000078,M0000004
P000078,M0000025
P000078,M0000113
P000078,M0000119
P000078,M0000119
P000078,M0000066
P000078,M0000090
P000078,M0000174
P000078,M0000015
P000079,M0000011
P000079,M0000198
P000079,M0000141
P000079,M0000135
P000079,M0000197
P000079,M0000102
P000079,M0000031
P000079,M0000074
P000079,M0000012
P000079,M0000006
P000079,M0000033
P000079,M0000127
P000080,M0000131
P000080,M0000084
P000080,M0000002
P000080,M0000082
P000080,M0000010
P000080,M0000119
P000080,M0000157
P000080,M0000191
P000080,M0000184
P000080,M0000036
P000080,M0000133
P000081,M0000024
P000081,M0000149
P000081,M0000008
P000081,M0000107
P000081,M0000011
P000081,M0000048
P000081,M0000058
P000081,M0000118
P000081,M0000063
P000081,M0000193
P000081,M0000032
P000081,M0000152
P000081,M0000050
P000081,M0000024
P000081,M0000079
P000081,M0000075
P000081,M0000082
P000081,M0000184
P000081,M0000085
P000081,M0000076
P000082,M0000195
P000082,M0000032
P000082,M0000083
P000082,M0000169
P000082,M0000056
P000082,M0000196
P000082,M0000169
P000082,M0000082
P000082,M0000037
P000082,M0000154
P000082,M0000132
P000082,M0000071
P000082,M0000062
P000082,M0000151
P000082,M0000056
P000082,M0000088
P000082,M0000102
P000082,M0000160
P000082,M0000162
P000082,M0000099
P000083,M0000150
P000083,M0000093
P000083,M0000095
P000083,M0000176
P000083,M0000003
P000083,M0000176
P000084,M0000132
P000084,M0000179
P000084,M0000166
P000084,M0000127
P000084,M0000169
P000084,M0000095
P000084,M0000143
P000084,M0000110
P000084,M0000170
P000084,M0000007
P000084,M0000185
P000084,M0000160
P000084,M0000007
P000084,M0000022
P000084,M0000015
P000084,M0000114
P000085,M0000162
P000085,M0000049
P000085,M0000142
P000085,M0000137
P000085,M0000112
P000085,M0000059
P000085,M0000089
P000086,M0000159
P000086,M0000066
P000086,M0000032
P000086,M0000004
P000086,M0000079
P000086,M0000015
P000086,M0000074
P000086,M0000025
P000086,M0000075
P000086,M0000043
P000087,M0000102
P000087,M0000141
P000087,M0000128
P000087,M0000166
P000087,M0000171
P000087,M0000128
P000087,M0000085
P000087,M0000105
P000087,M0000060
P000087,M0000173
P000087,M0000146
P000087,M0000058
P000087,M0000081
P000087,M0000008
P000087,M0000046
P000087,M0000027
P000087,M0000029
P000087,M0000182
P000087,M0000003
P000088,M0000111
P000088,M0000067
P000088,M0000074
P000088,M0000132
P000088,M0000018
P000088,M0000036
P000088,M0000022
P000088,M0000141
P000088,M0000106
P000088,M0000151
P000088,M0000156
P000088,M0000040
P000088,M0000102
P000088,M0000087
P000089,M0000114
P000089,M0000160
P000089,M0000085
P000089,M0000159
P000089,M0000015
P000089,M0000186
P000089,M0000046
P000089,M0000168
P000089,M0000147
P000089,M0000099
P000090,M0000037
P000090,M0000034
P000090,M0000164
P000090,M0000060
P000090,M0000092
P000090,M0000138
P000090,M0000044
P000090,M0000093
P000090,M0000072
P000090,M0000083
P000090,M0000165
P000090,M0000166
P000091,M0000075
P000091,M0000005
P000091,M0000139
P000091,M0000106
P000091,M0000031
P000091,M0000070
P000091,M0000143
P000091,M0000062
P000091,M0000159
P000091,M0000130
P000091,M0000011
P000091,M0000085
P000091,M0000106
P000091,M0000171
P000091,M0000090
P000091,M0000130
P000091,M0000159
P000091,M0000065
P000092,M0000056
P000092,M0000053
P000092,M0000107
P000092,M0000134
P000092,M0000154
P000092,M0000022
P000092,M0000084
P000092,M0000027
P000092,M0000199
P000092,M0000158
P000092,M0000197
P000093,M0000158
P000093,M0000011
P000093,M0000089
P000093,M0000019
P000093,M0000174
P000093,M0000044
P000093,M0000129
P000093,M0000129
P000093,M0000143
P000093,M0000180
P000093,M0000109
P000093,M0000044
P000093,M0000166
P000093,M0000017
P000093,M0000140
P000093,M0000033
P000093,M0000080
P000093,M0000095
P000093,M0000023
P000094,M0000058
P000094,M0000062
P000094,M0000042
P000094,M0000140
P000094,M0000110
P000094,M0000066
P000094,M0000095
P000095,M0000196
P000095,M0000045
P000095,M0000079
P000095,M0000157
P000095,M0000037
P000095,M0000051
P000095,M0000156
P000095,M0000090
P000095,M0000079
P000095,M0000047
P000095,M0000175
P000095,M0000046
P000095,M0000095
P000095,M0000104
P000095,M0000182
P000095,M0000069
P000095,M0000196
P000096,M0000016
P000096,M0000071
P000096,M0000169
P000096,M0000014
P000096,M0000112
P000096,M0000169
P000096,M0000105
P000096,M0000029
P000096,M0000190
P000097,M0000089
P000097,M0000074
P000097,M0000010
P000097,M0000103
P000097,M0000114
P000097,M0000165
P000097,M0000169
P000097,M0000046
P000097,M0000175
P000098,M0000086
P000098,M0000040
P000098,M0000156
P000098,M0000185
P000098,M0000005
P000099,M0000167
P000099,M0000156
P000099,M0000164
P000099,M0000116
P000099,M0000061
P000099,M0000139
P000099,M0000184
P000099,M0000137
P000099,M0000046
P000099,M0000038
P000099,M0000197
P000099,M0000116
P000099,M0000137
P000099,M0000193
P000099,M0000094
P000099,M0000021
P000099,M0000071
P000099,M0000026
P000099,M0000093
P000100,M0000152
P000100,M0000190
P000100,M0000010
P000100,M0000177
P000100,M0000102
P000100,M0000138
P000100,M0000147
P000100,M0000127
P000100,M0000093
P000100,M0000185
P000100,M0000054
P000100,M0000089
P000100,M0000017
P000100,M0000176
P000100,M0000011
P000100,M0000186
P000100,M0000103
P000100,M0000088
P000100,M0000133
P000101,M0000146
P000101,M0000058
P000101,M0000182
P000101,M0000106
P000101,M0000102
P000101,M0000117
P000101,M0000076
P000101,M0000008
P000101,M0000029
P000102,M0000115
P000102,M0000005
P000102,M0000141
P000102,M0000091
P000102,M0000127
P000102,M0000182
P000102,M0000101
P000102,M0000109
P000103,M0000043
P000103,M0000104
P000103,M0000017
P000103,M0000030
P000103,M0000200
P000103,M0000057
P000103,M0000023
P000103,M0000094
P000103,M0000057
P000104,M0000102
P000104,M0000136
P000104,M0000186
P000104,M0000114
P000104,M0000003
P000105,M0000009
P000105,M0000004
P000105,M0000166
P000105,M0000086
P000105,M0000067
P000105,M0000084
P000106,M0000012
P000106,M0000070
P000106,M0000152
P000106,M0000179
P000106,M0000167
P000106,M0000039
P000106,M0000156
P000106,M0000026
P000106,M0000176
P000106,M0000185
P000106,M0000142
P000106,M0000027
P000106,M0000177
P000106,M0000161
P000106,M0000063
P000106,M0000057
P000106,M0000100
P000106,M0000117
P000106,M0000175
P000106,M0000014
P000107,M0000181
P000107,M0000145
P000107,M0000141
P000107,M0000081
P000107,M0000140
P000107,M0000146
P000107,M0000118
P000107,M0000131
P000107,M0000043
P000107,M0000057
P000107,M0000118
P000107,M0000090
P000107,M0000035
P000107,M0000173
P000107,M0000180
P000107,M0000070
P000107,M0000157
P000107,M0000088
P000107,M0000137
P000107,M0000144
P000108,M0000116
P000108,M0000057
P000108,M0000117
P000108,M0000196
P000108,M0000074
P000108,M0000136
P000108,M0000143
P000109,M0000148
P000109,M0000090
P000109,M0000075
P000109,M0000169
P000109,M0000063
P000109,M0000164
P000109,M0000150
P000109,M0000119
P000109,M0000168
P000110,M0000196
P000110,M0000174
P000110,M0000141
P000110,M0000041
P000110,M0000194
P000110,M0000110
P000110,M0000029
P000110,M0000039
P000110,M0000009
P000110,M0000130
P000110,M0000106
P000110,M0000069
P000110,M0000064
P000110,M0000053
P000111,M0000069
P000111,M0000055
P000111,M0000167
P000111,M0000090
P000111,M0000079
P000111,M0000097
P000111,M0000191
P000111,M0000130
P000111,M0000074
P000111,M0000159
P000111,M0000193
P000111,M0000148
P000111,M0000151
P000111,M0000064
P000112,M0000081
P000112,M0000143
P000112,M0000008
P000112,M0000024
P000112,M0000164
P000112,M0000139
P000112,M0000008
P000112,M0000171
P000112,M0000125
P000112,M0000097
P000113,M0000077
P000113,M0000100
P000113,M0000087
P000113,M0000063
P000113,M0000036
P000113,M0000028
P000113,M0000195
P000113,M0000005
P000113,M0000009
P000113,M0000016
P000113,M0000040
P000113,M0000094
P000113,M0000068
P000113,M0000071
P000113,M0000007
P000113,M0000065
P000114,M0000012
P000114,M0000144
P000114,M0000053
P000114,M0000059
P000114,M0000119
P000115,M0000158
P000115,M0000050
P000115,M0000176
P000115,M0000029
P000115,M0000035
P000115,M0000159
P000115,M0000189
P000115,M0000005
P000115,M0000065
P000115,M0000011
P000116,M0000024
P000116,M0000149
P000116,M0000043
P000116,M0000140
P000116,M0000011
P000116,M0000154
P000116,M0000139
P000116,M0000083
P000116,M0000160
P000116,M0000047
P000116,M0000034
P000116,M0000182
P000117,M0000136
P000117,M0000199
P000117,M0000114
P000117,M0000025
P000117,M0000084
P000117,M0000159
P000117,M0000184
P000117,M0000149
P000117,M0000025
P000117,M0000046
P000118,M0000117
P000118,M0000165
P000118,M0000191
P000118,M0000089
P000118,M0000024
P000118,M0000190
P000118,M0000103
P000118,M0000161
P000118,M0000039
P000118,M0000179
P000118,M0000010
P000118,M0000153
P000118,M0000074
P000118,M0000127
P000118,M0000037
P000118,M0000127
P000118,M0000099
P000119,M0000174
P000119,M0000090
P000119,M0000173
P000119,M0000049
P000119,M0000167
P000119,M0000070
P000119,M0000070
P000119,M0000020
P000120,M0000112
P000120,M0000004
P000120,M0000031
P000120,M0000092
P000120,M0000117
P000120,M0000046
P000120,M0000037
P000120,M0000042
P000120,M0000080
P000120,M0000121
P000120,M0000043
P000121,M0000061
P000121,M0000182
P000121,M0000018
P000121,M0000139
P000121,M0000142
P000121,M0000078
P000121,M0000076
P000121,M0000097
P000121,M0000187
P000121,M0000102
P000122,M0000095
P000122,M0000010
P000122,M0000064
P000122,M0000110
P000122,M0000109
P000122,M0000006
P000122,M0000079
P000122,M0000160
P000122,M0000148
P000122,M0000159
P000122,M0000118
P000122,M0000115
P000122,M0000007
P000122,M0000169
P000122,M0000163
P000123,M0000194
P000123,M0000153
P000123,M0000169
P000123,M0000026
P000123,M0000152
P000123,M0000141
P000123,M0000063
P000123,M0000069
P000123,M0000072
P000123,M0000145
P000123,M0000029
P000123,M0000066
P000123,M0000020
P000123,M0000121
P000124,M0000190
P000124,M0000092
P000124,M0000189
P000124,M0000133
P000124,M0000071
P000124,M0000120
P000124,M0000015
P000124,M0000006
P000124,M0000166
P000124,M0000055
P000124,M0000193
P000124,M0000119
P000124,M0000005
P000124,M0000133
P000124,M0000003
P000124,M0000144
P000124,M0000167
P000124,M0000139
P000124,M0000027
P000125,M0000076
P000125,M0000023
P000125,M0000150
P000125,M0000114
P000125,M0000021
P000125,M0000051
P000125,M0000178
P000125,M0000131
P000125,M0000192
P000125,M0000169
P000125,M0000058
P000125,M0000099
P000125,M0000130
P000125,M0000173
P000125,M0000036
P000126,M0000032
P000126,M0000112
P000126,M0000016
P000126,M0000044
P000126,M0000048
P000126,M0000187
P000126,M0000128
P000126,M0000108
P000126,M0000055
P000126,M0000010
P000126,M0000192
P000126,M0000059
P000126,M0000054
P000126,M0000187
P000126,M0000101
P000126,M0000135
P000126,M0000064
P000126,M0000040
P000126,M0000068
P000127,M0000095
P000127,M0000086
P000127,M0000102
P000127,M0000077
P000127,M0000172
P000127,M0000043
P000128,M0000144
P000128,M0000165
P000128,M0000184
P000128,M0000198
P000128,M0000103
P000128,M0000185
P000128,M0000185
P000128,M0000107
P000128,M0000112
P000128,M0000071
P000128,M0000124
P000128,M0000078
P000128,M0000171
P000129,M0000081
P000129,M0000109
P000129,M0000082
P000129,M0000155
P000129,M0000179
P000129,M0000055
P000129,M0000130
P000129,M0000001
P000129,M0000025
P000130,M0000068
P000130,M0000085
P000130,M0000086
P000130,M0000087
P000130,M0000013
P000130,M0000182
P000130,M0000144
P000130,M0000068
P000130,M0000191
P000130,M0000061
P000130,M0000102
P000131,M0000078
P000131,M0000040
P000131,M0000154
P000131,M0000028
P000131,M0000007
P000131,M0000074
P000131,M0000123
P000131,M0000158
P000131,M0000019
P000131,M0000049
P000131,M0000077
P000131,M0000173
P000131,M0000097
P000131,M0000117
P000131,M0000099
P000131,M0000163
P000132,M0000118
P000132,M0000134
P000132,M0000083
P000132,M0000188
P000132,M0000190
P000132,M0000044
P000132,M0000092
P000132,M0000101
P000132,M0000072
P000132,M0000198
P000132,M0000010
P000132,M0000167
P000132,M0000079
P000132,M0000129
P000132,M0000166
P000132,M0000030
P000132,M0000008
P000133,M0000189
P000133,M0000001
P000133,M0000030
P000133,M0000008
P000133,M0000013
P000133,M0000175
P000134,M0000167
P000134,M0000034
P000134,M0000135
P000134,M0000120
P000134,M0000100
P000134,M0000042
P000134,M0000039
P000134,M0000050
P000135,M0000119
P000135,M0000136
P000135,M0000026
P000135,M0000078
P000135,M0000125
P000135,M0000023
P000135,M0000177
P000135,M0000026
P000135,M0000184
P000135,M0000162
P000135,M0000068
P000135,M0000064
P000135,M0000049
P000135,M0000011
P000135,M0000156
P000135,M0000059
P000135,M0000054
P000135,M0000190
P000135,M0000167
P000135,M0000196
P000136,M0000083
P000136,M0000150
P000136,M0000071
P000136,M0000053
P000136,M0000126
P000136,M0000028
P000136,M0000093
P000136,M0000083
P000136,M0000111
P000136,M0000064
P000136,M0000011
P000136,M0000078
P000136,M0000095
P000136,M0000115
P000136,M0000080
P000136,M0000032
P000136,M0000026
P000136,M0000005
P000136,M0000134
P000136,M0000121
P000137,M0000091
P000137,M0000156
P000137,M0000058
P000137,M0000146
P000137,M0000150
P000137,M0000063
P000137,M0000082
P000137,M0000099
P000137,M0000148
P000137,M0000102
P000137,M0000161
P000137,M0000062
P000137,M0000191
P000137,M0000014
P000137,M0000056
P000137,M0000065
P000137,M0000091
P000137,M0000059
P000137,M0000198
P000138,M0000072
P000138,M0000115
P000138,M0000060
P000138,M0000089
P000138,M0000029
P000138,M0000049
P000138,M0000077
P000138,M0000079
P000138,M0000096
P000138,M0000040
P000138,M0000138
P000138,M0000050
P000138,M0000113
P000138,M0000132
P000138,M0000056
P000138,M0000177
P000138,M0000027
P000139,M0000061
P000139,M0000093
P000139,M0000091
P000139,M0000004
P000139,M0000177
P000139,M0000032
P000139,M0000105
P000139,M0000054
P000140,M0000092
P000140,M0000011
P000140,M0000142
P000140,M0000072
P000140,M0000155
P000140,M0000149
P000140,M0000099
P000140,M0000060
P000140,M0000160
P000140,M0000131
P000140,M0000076
P000140,M0000046
P000140,M0000081
P000140,M0000056
P000140,M0000040
P000140,M0000013
P000140,M0000152
P000141,M0000051
P000141,M0000142
P000141,M0000084
P000141,M0000172
P000141,M0000168
P000141,M0000199
P000141,M0000126
P000141,M0000087
P000141,M0000081
P000141,M0000098
P000142,M0000037
P000142,M0000148
P000142,M0000114
P000142,M0000116
P000142,M0000158
P000142,M0000007
P000142,M0000103
P000142,M0000049
P000142,M0000035
P000142,M0000070
P000142,M0000086
P000142,M0000164
P000142,M0000122
P000142,M0000164
P000142,M0000162
P000142,M0000047
P000142,M0000187
P000142,M0000182
P000142,M0000168
P000142,M0000168
P000143,M0000116
P000143,M0000057
P000143,M0000028
P000143,M0000116
P000143,M0000121
P000143,M0000031
P000143,M0000120
P000143,M0000098
P000143,M0000049
P000144,M0000044
P000144,M0000157
P000144,M0000192
P000144,M0000127
P000144,M0000141
P000144,M0000061
P000144,M0000144
P000144,M0000161
P000144,M0000149
P000144,M0000071
P000144,M0000043
P000144,M0000059
P000144,M0000009
P000144,M0000093
P000144,M0000174
P000145,M0000196
P000145,M0000038
P000145,M0000026
P000145,M0000100
P000145,M0000008
P000145,M0000051
P000145,M0000122
P000145,M0000182
P000145,M0000140
P000145,M0000036
P000145,M0000098
P000145,M0000049
P000145,M0000007
P000145,M0000096
P000145,M0000144
P000145,M0000193
P000145,M0000015
P000145,M0000156
P000145,M0000137
P000145,M0000153
P000146,M0000131
P000146,M0000163
P000146,M0000055
P000146,M0000086
P000146,M0000084
P000146,M0000070
P000146,M0000147
P000146,M0000043
P000146,M0000130
P000146,M0000196
P000147,M0000075
P000147,M0000158
P000147,M0000018
P000147,M0000105
P000147,M0000184
P000147,M0000164
P000147,M0000039
P000147,M0000004
P000147,M0000146
P000148,M0000188
P000148,M0000014
P000148,M0000110
P000148,M0000126
P000148,M0000176
P000148,M0000111
P000148,M0000155
P000148,M0000019
P000148,M0000051
P000148,M0000098
P000148,M0000023
P000148,M0000036
P000148,M0000033
P000149,M0000055
P000149,M0000002
P000149,M0000145
P000149,M0000125
P000149,M0000173
P000149,M0000051
P000149,M0000172
P000149,M0000197
P000149,M0000032
P000149,M0000132
P000149,M0000193
P000149,M0000132
P000149,M0000187
P000149,M0000053
P000149,M0000157
P000150,M0000039
P000150,M0000022
P000150,M0000153
P000150,M0000046
P000150,M0000165
P000150,M0000008
P000150,M0000045
P000150,M0000063
P000150,M0000030
P000150,M0000174
P000150,M0000123
P000150,M0000147
P000150,M0000176
P000150,M0000163
P000150,M0000107
P000150,M0000063
P000150,M0000050
P000151,M0000130
P000151,M0000084
P000151,M0000151
P000151,M0000048
P000151,M0000077
P000151,M0000072
P000151,M0000198
P000151,M0000073
P000151,M0000117
P000151,M0000060
P000151,M0000124
P000151,M0000052
P000151,M0000005
P000151,M0000150
P000151,M0000150
P000151,M0000134
P000151,M0000041
P000151,M0000151
P000151,M0000091
P000151,M0000143
P000152,M0000109
P000152,M0000053
P000152,M0000067
P000152,M0000001
P000152,M0000186
P000152,M0000005
P000152,M0000078
P000152,M0000190
P000152,M0000089
P000152,M0000180
P000152,M0000051
P000152,M0000097
P000152,M0000067
P000152,M0000116
P000152,M0000153
P000153,M0000009
P000153,M0000157
P000153,M0000185
P000153,M0000081
P000153,M0000132
P000153,M0000120
P000153,M0000176
P000153,M0000047
P000153,M0000045
P000153,M0000086
P000153,M0000063
P000153,M0000032
P000153,M0000170
P000153,M0000112
P000154,M0000020
P000154,M0000127
P000154,M0000065
P000154,M0000021
P000154,M0000099
P000154,M0000007
P000154,M0000067
P000154,M0000047
P000154,M0000125
P000154,M0000106
P000154,M0000193
P000154,M0000033
P000154,M0000088
P000154,M0000122
P000154,M0000151
P000154,M0000024
P000154,M0000097
P000154,M0000161
P000154,M0000043
P000155,M0000170
P000155,M0000123
P000155,M0000102
P000155,M0000128
P000155,M0000150
P000155,M0000142
P000155,M0000143
P000155,M0000077
P000155,M0000069
P000155,M0000037
P000155,M0000016
P000155,M0000127
P000155,M0000098
P000155,M0000122
P000156,M0000043
P000156,M0000199
P000156,M0000142
P000156,M0000149
P000156,M0000104
P000156,M0000009
P000156,M0000078
P000156,M0000035
P000156,M0000123
P000156,M0000092
P000156,M0000102
P000156,M0000003
P000156,M0000048
P000156,M0000015
P000157,M0000100
P000157,M0000002
P000157,M0000089
P000157,M0000177
P000157,M0000124
P000157,M0000057
P000158,M0000073
P000158,M0000185
P000158,M0000190
P000158,M0000072
P000158,M0000189
P000158,M0000192
P000158,M0000156
P000158,M0000135
P000158,M0000003
P000158,M0000165
P000158,M0000103
P000158,M0000155
P000158,M0000106
P000159,M0000030
P000159,M0000015
P000159,M0000196
P000159,M0000101
P000159,M0000163
P000159,M0000032
P000159,M0000194
P000159,M0000060
P000159,M0000071
P000159,M0000061
P000159,M0000139
P000159,M0000163
P000159,M0000078
P000159,M0000084
P000160,M0000053
P000160,M0000073
P000160,M0000003
P000160,M0000064
P000160,M0000031
P000160,M0000038
P000160,M0000114
P000160,M0000146
P000160,M0000158
P000161,M0000063
P000161,M0000012
P000161,M0000183
P000161,M0000042
P000161,M0000032
P000161,M0000062
P000161,M0000157
P000162,M0000183
P000162,M0000062
P000162,M0000120
P000162,M0000148
P000162,M0000192
P000162,M0000062
P000162,M0000051
P000162,M0000108
P000162,M0000063
P000162,M0000027
P000162,M0000046
P000162,M0000191
P000162,M0000126
P000162,M0000179
P000162,M0000062
P000162,M0000186
P000162,M0000053
P000162,M0000075
P000162,M0000129
P000162,M0000200
P000163,M0000054
P000163,M0000071
P000163,M0000012
P000163,M0000101
P000163,M0000037
P000163,M0000045
P000163,M0000020
P000163,M0000161
P000163,M0000178
P000163,M0000118
P000163,M0000058
P000163,M0000063
P000163,M0000098
P000163,M0000079
P000163,M0000047
P000163,M0000091
P000164,M0000122
P000164,M0000068
P000164,M0000079
P000164,M0000120
P000164,M0000042
P000164,M0000192
P000164,M0000105
P000164,M0000106
P000164,M0000116
P000164,M0000127
P000164,M0000196
P000164,M0000013
P000164,M0000196
P000164,M0000006
P000164,M0000183
P000164,M0000107
P000164,M0000199
P000165,M0000152
P000165,M0000071
P000165,M0000142
P000165,M0000125
P000165,M0000048
P000165,M0000070
P000165,M0000155
P000165,M0000066
P000165,M0000070
P000165,M0000046
P000165,M0000167
P000166,M0000159
P000166,M0000053
P000166,M0000073
P000166,M0000012
P000166,M0000102
P000166,M0000042
P000166,M0000182
P000166,M0000089
P000167,M0000155
P000167,M0000151
P000167,M0000002
P000167,M0000145
P000167,M0000089
P000167,M0000028
P000167,M0000146
P000167,M0000193
P000167,M0000050
P000167,M0000142
P000167,M0000080
P000167,M0000006
P000168,M0000098
P000168,M0000106
P000168,M0000101
P000168,M0000154
P000168,M0000138
P000168,M0000071
P000169,M0000037
P000169,M0000142
P000169,M0000161
P000169,M0000032
P000169,M0000016
P000169,M0000073
P000169,M0000121
P000169,M0000013
P000169,M0000116
P000169,M0000189
P000169,M0000178
P000169,M0000196
P000169,M0000192
P000169,M0000143
P000169,M0000102
P000169,M0000189
P000169,M0000197
P000170,M0000132
P000170,M0000037
P000170,M0000056
P000170,M0000134
P000170,M0000114
P000170,M0000132
P000170,M0000144
P000170,M0000115
P000170,M0000137
P000170,M0000129
P000170,M0000096
P000170,M0000151
P000170,M0000027
P000170,M0000026
P000170,M0000087
P000170,M0000198
P000170,M0000003
P000170,M0000175
P000170,M0000106
P000170,M0000122
P000171,M0000016
P000171,M0000066
P000171,M0000122
P000171,M0000106
P000171,M0000051
P000171,M0000121
P000171,M0000043
P000171,M0000020
P000171,M0000176
P000172,M0000120
P000172,M0000042
P000172,M0000044
P000172,M0000182
P000172,M0000030
P000172,M0000047
P000172,M0000092
P000172,M0000058
P000172,M0000023
P000172,M0000133
P000172,M0000115
P000172,M0000015
P000172,M0000083
P000172,M0000019
P000172,M0000060
P000173,M0000110
P000173,M0000053
P000173,M0000138
P000173,M0000056
P000173,M0000029
P000173,M0000135
P000173,M0000189
P000173,M0000167
P000173,M0000039
P000174,M0000083
P000174,M0000014
P000174,M0000079
P000174,M0000183
P000174,M0000085
P000174,M0000031
P000174,M0000071
P000175,M0000134
P000175,M0000175
P000175,M0000093
P000175,M0000182
P000175,M0000155
P000175,M0000162
P000175,M0000094
P000175,M0000199
P000175,M0000195
P000175,M0000005
P000175,M0000157
P000175,M0000060
P000175,M0000001
P000175,M0000157
P000175,M0000044
P000175,M0000072
P000175,M0000177
P000175,M0000087
P000175,M0000134
P000176,M0000096
P000176,M0000188
P000176,M0000108
P000176,M0000167
P000176,M0000026
P000176,M0000094
P000176,M0000069
P000176,M0000074
P000176,M0000016
P000176,M0000109
P000176,M0000154
P000176,M0000101
P000176,M0000183
P000176,M0000051
P000176,M0000096
P000176,M0000088
P000176,M0000066
P000176,M0000031
P000176,M0000036
P000177,M0000172
P000177,M0000095
P000177,M0000010
P000177,M0000005
P000177,M0000143
P000177,M0000112
P000177,M0000116
P000177,M0000037
P000178,M0000112
P000178,M0000189
P000178,M0000110
P000178,M0000088
P000178,M0000037
P000178,M0000164
P000178,M0000081
P000178,M0000080
P000178,M0000119
P000178,M0000015
P000178,M0000025
P000178,M0000182
P000178,M0000113
P000178,M0000005
P000178,M0000065
P000179,M0000110
P000179,M0000075
P000179,M0000146
P000179,M0000008
P000179,M0000038
P000179,M0000090
P000179,M0000107
P000179,M0000019
P000179,M0000112
P000179,M0000047
P000180,M0000135
P000180,M0000146
P000180,M0000183
P000180,M0000101
P000180,M0000092
P000180,M0000070
P000180,M0000053
P000180,M0000045
P000181,M0000034
P000181,M0000148
P000181,M0000017
P000181,M0000092
P000181,M0000131
P000181,M0000073
P000181,M0000177
P000181,M0000060
P000181,M0000108
P000182,M0000177
P000182,M0000190
P000182,M0000091
P000182,M0000077
P000182,M0000004
P000182,M0000178
P000182,M0000070
P000182,M0000099
P000182,M0000086
P000182,M0000064
P000182,M0000113
P000182,M0000144
P000182,M0000098
P000182,M0000102
P000182,M0000191
P000182,M0000055
P000182,M0000077
P000182,M0000103
P000182,M0000050
P000182,M0000055
P000183,M0000032
P000183,M0000108
P000183,M0000082
P000183,M0000062
P000183,M0000166
P000183,M0000099
P000183,M0000053
P000183,M0000043
P000183,M0000128
P000183,M0000011
P000183,M0000091
P000183,M0000198
P000183,M0000154
P000184,M0000063
P000184,M0000025
P000184,M0000182
P000184,M0000009
P000184,M0000032
P000184,M0000067
P000184,M0000141
P000184,M0000011
P000184,M0000060
P000184,M0000163
P000184,M0000103
P000184,M0000067
P000184,M0000133
P000184,M0000117
P000185,M0000152
P000185,M0000019
P000185,M0000066
P000185,M0000015
P000185,M0000076
P000185,M0000167
P000185,M0000167
P000185,M0000199
P000185,M0000131
P000185,M0000194
P000185,M0000189
P000185,M0000179
P000185,M0000050
P000185,M0000108
P000186,M0000109
P000186,M0000118
P000186,M0000073
P000186,M0000094
P000186,M0000197
P000186,M0000124
P000186,M0000195
P000186,M0000149
P000186,M0000143
P000186,M0000146
P000186,M0000107
P000186,M0000165
P000186,M0000051
P000186,M0000135
P000186,M0000008
P000186,M0000135
P000187,M0000182
P000187,M0000048
P000187,M0000163
P000187,M0000121
P000187,M0000054
P000187,M0000172
P000187,M0000053
P000187,M0000173
P000187,M0000017
P000187,M0000007
P000187,M0000016
P000188,M0000010
P000188,M0000023
P000188,M0000055
P000188,M0000052
P000188,M0000161
P000188,M0000040
P000188,M0000185
P000188,M0000126
P000188,M0000047
P000188,M0000044
P000188,M0000143
P000188,M0000086
P000188,M0000058
P000188,M0000063
P000188,M0000171
P000189,M0000183
P000189,M0000059
P000189,M0000011
P000189,M0000091
P000189,M0000184
P000189,M0000023
P000189,M0000116
P000189,M0000010
P000189,M0000058
P000189,M0000156
P000189,M0000088
P000189,M0000017
P000189,M0000166
P000189,M0000165
P000189,M0000137
P000189,M0000122
P000190,M0000142
P000190,M0000172
P000190,M0000096
P000190,M0000031
P000190,M0000001
P000190,M0000019
P000190,M0000141
P000190,M0000002
P000190,M0000190
P000190,M0000070
P000191,M0000010
P000191,M0000036
P000191,M0000111
P000191,M0000038
P000191,M0000028
P000191,M0000200
P000191,M0000191
P000191,M0000142
P000191,M0000141
P000191,M0000001
P000191,M0000193
P000191,M0000036
P000191,M0000130
P000192,M0000146
P000192,M0000064
P000192,M0000083
P000192,M0000158
P000192,M0000128
P000192,M0000059
P000192,M0000140
P000192,M0000154
P000192,M0000184
P000192,M0000006
P000192,M0000175
P000192,M0000016
P000192,M0000086
P000192,M0000160
P000192,M0000186
P000192,M0000003
P000193,M0000112
P000193,M0000141
P000193,M0000076
P000193,M0000040
P000193,M0000122
P000193,M0000011
P000193,M0000023
P000193,M0000184
P000193,M0000184
P000194,M0000161
P000194,M0000181
P000194,M0000081
P000194,M0000006
P000194,M0000049
P000194,M0000161
P000194,M0000136
P000194,M0000149
P000194,M0000139
P000194,M0000180
P000194,M0000008
P000194,M0000115
P000194,M0000114
P000194,M0000063
P000195,M0000121
P000195,M0000144
P000195,M0000062
P000195,M0000141
P000195,M0000112
P000195,M0000090
P000195,M0000138
P000195,M0000004
P000195,M0000160
P000195,M0000078
P000196,M0000039
P000196,M0000147
P000196,M0000101
P000196,M0000110
P000196,M0000109
P000196,M0000189
P000196,M0000037
P000196,M0000091
P000196,M0000068
P000196,M0000135
P000196,M0000156
P000196,M0000002
P000196,M0000019
P000196,M0000102
P000196,M0000190
P000196,M0000168
P000197,M0000108
P000197,M0000043
P000197,M0000195
P000197,M0000077
P000197,M0000166
P000197,M0000144
P000197,M0000131
P000197,M0000047
P000197,M0000116
P000197,M0000056
P000197,M0000026
P000197,M0000083
P000198,M0000014
P000198,M0000024
P000198,M0000177
P000198,M0000151
P000198,M0000091
P000198,M0000111
P000198,M0000063
P000198,M0000153
P000198,M0000052
P000198,M0000027
P000199,M0000158
P000199,M0000023
P000199,M0000060
P000199,M0000152
P000199,M0000029
P000199,M0000189
P000199,M0000087
P000199,M0000025
P000199,M0000045
P000199,M0000123
P000199,M0000169
P000199,M0000068
P000199,M0000055
P000199,M0000002
P000199,M0000071
P000199,M0000173
P000199,M0000114
P000200,M0000133
P000200,M0000094
P000200,M0000087
P000200,M0000018
P000200,M0000127
P000200,M0000132
P000200,M0000090
P000200,M0000200
P000200,M0000017
P000200,M0000083
P000200,M0000085
P000200,M0000142
P000200,M0000010
P000201,M0000099
P000201,M0000086
P000201,M0000022
P000201,M0000095
P000201,M0000119
P000201,M0000173
P000201,M0000024
P000201,M0000167
P000201,M0000102
P000201,M0000052
P000201,M0000023
P000201,M0000007
P000201,M0000005
P000202,M0000148
P000202,M0000081
P000202,M0000165
P000202,M0000008
P000202,M0000200
P000202,M0000182
P000202,M0000058
P000202,M0000081
P000202,M0000101
P000202,M0000087
P000203,M0000132
P000203,M0000008
P000203,M0000035
P000203,M0000174
P000203,M0000168
P000203,M0000157
P000204,M0000018
P000204,M0000130
P000204,M0000094
P000204,M0000080
P000204,M0000196
P000204,M0000109
P000205,M0000007
P000205,M0000150
P000205,M0000023
P000205,M0000113
P000205,M0000123
P000206,M0000004
P000206,M0000105
P000206,M0000156
P000206,M0000036
P000206,M0000160
P000206,M0000195
P000206,M0000101
P000206,M0000068
P000206,M0000183
P000206,M0000125
P000206,M0000020
P000207,M0000173
P000207,M0000034
P000207,M0000024
P000207,M0000097
P000207,M0000091
P000207,M0000039
P000207,M0000105
P000207,M0000113
P000207,M0000114
P000208,M0000054
P000208,M0000071
P000208,M0000054
P000208,M0000192
P000208,M0000100
P000208,M0000193
P000208,M0000130
P000208,M0000157
P000208,M0000082
P000208,M0000108
P000208,M0000077
P000209,M0000112
P000209,M0000129
P000209,M0000161
P000209,M0000101
P000209,M0000005
P000210,M0000116
P000210,M0000025
P000210,M0000175
P000210,M0000149
P000210,M0000037
P000210,M0000027
P000210,M0000073
P000210,M0000049
P000210,M0000071
P000210,M0000020
P000210,M0000073
P000210,M0000196
P000210,M0000002
P000210,M0000191
P000210,M0000008
P000210,M0000053
P000210,M0000039
P000211,M0000149
P000211,M0000007
P000211,M0000185
P000211,M0000138
P000211,M0000098
P000211,M0000142
P000211,M0000127
P000211,M0000091
P000211,M0000037
P000212,M0000165
P000212,M0000051
P000212,M0000011
P000212,M0000071
P000212,M0000059
P000212,M0000071
P000212,M0000116
P000212,M0000122
P000212,M0000030
P000212,M0000001
P000212,M0000158
P000212,M0000143
P000212,M0000029
P000212,M0000155
P000212,M0000022
P000213,M0000020
P000213,M0000055
P000213,M0000137
P000213,M0000083
P000213,M0000181
P000214,M0000165
P000214,M0000046
P000214,M0000081
P000214,M0000200
P000214,M0000022
P000214,M0000085
P000214,M0000091
P000214,M0000147
P000214,M0000196
P000214,M0000156
P000214,M0000059
P000214,M0000132
P000214,M0000150
P000214,M0000190
P000214,M0000073
P000214,M0000092
P000214,M0000151
P000215,M0000051
P000215,M0000066
P000215,M0000029
P000215,M0000094
P000215,M0000146
P000215,M0000023
P000215,M0000118
P000215,M0000057
P000215,M0000037
P000215,M0000091
P000216,M0000156
P000216,M0000003
P000216,M0000173
P000216,M0000082
P000216,M0000162
P000216,M0000185
P000216,M0000057
P000216,M0000098
P000216,M0000019
P000217,M0000130
P000217,M0000177
P000217,M0000104
P000217,M0000040
P000217,M0000112
P000217,M0000169
P000217,M0000188
P000217,M0000155
P000217,M0000005
P000217,M0000166
P000217,M0000097
P000217,M0000066
P000217,M0000097
P000217,M0000195
P000217,M0000009
P000218,M0000051
P000218,M0000149
P000218,M0000150
P000218,M0000087
P000218,M0000196
P000218,M0000067
P000218,M0000128
P000218,M0000072
P000218,M0000042
P000218,M0000113
P000218,M0000140
P000218,M0000198
P000218,M0000140
P000218,M0000041
P000218,M0000024
P000218,M0000112
P000218,M0000194
P000218,M0000153
P000218,M0000110
P000218,M0000086
P000219,M0000098
P000219,M0000178
P000219,M0000071
P000219,M0000032
P000219,M0000166
P000219,M0000128
P000219,M0000110
P000219,M0000191
P000219,M0000034
P000219,M0000012
P000219,M0000014
P000219,M0000038
P000219,M0000174
P000219,M0000060
P000220,M0000067
P000220,M0000040
P000220,M0000179
P000220,M0000044
P000220,M0000128
P000220,M0000144
P000220,M0000068
P000220,M0000020
P000220,M0000145
P000220,M0000169
P000220,M0000107
P000220,M0000037
P000220,M0000084
P000220,M0000132
P000220,M0000029
P000220,M0000023
P000220,M0000106
P000221,M0000005
P000221,M0000161
P000221,M0000040
P000221,M0000148
P000221,M0000025
P000221,M0000188
P000221,M0000107
P000221,M0000021
P000221,M0000065
P000221,M0000015
P000221,M0000029
P000221,M0000068
P000221,M0000018
P000221,M0000118
P000221,M0000181
P000221,M0000022
P000221,M0000097
P000222,M0000119
P000222,M0000179
P000222,M0000158
P000222,M0000157
P000222,M0000174
P000222,M0000064
P000222,M0000199
P000222,M0000089
P000222,M0000192
P000222,M0000169
P000222,M0000156
P000222,M0000101
P000222,M0000189
P000222,M0000041
P000222,M0000039
P000222,M0000090
P000222,M0000073
P000222,M0000141
P000223,M0000110
P000223,M0000113
P000223,M0000192
P000223,M0000046
P000223,M0000052
P000223,M0000062
P000223,M0000188
P000223,M0000076
P000223,M0000040
P000223,M0000199
P000223,M0000185
P000223,M0000012
P000223,M0000148
P000223,M0000092
P000223,M0000135
P000223,M0000061
P000223,M0000041
P000223,M0000059
P000223,M0000198
P000224,M0000095
P000224,M0000186
P000224,M0000195
P000224,M0000058
P000224,M0000173
P000224,M0000177
P000224,M0000040
P000224,M0000194
P000224,M0000175
P000224,M0000149
P000224,M0000012
P000225,M0000141
P000225,M0000118
P000225,M0000182
P000225,M0000165
P000225,M0000050
P000226,M0000199
P000226,M0000101
P000226,M0000126
P000226,M0000079
P000226,M0000040
P000226,M0000069
P000226,M0000005
P000226,M0000171
P000226,M0000144
P000226,M0000148
P000226,M0000097
P000226,M0000025
P000226,M0000127
P000226,M0000153
P000226,M0000014
P000226,M0000145
P000226,M0000153
P000226,M0000033
P000226,M0000104
P000226,M0000047
P000227,M0000009
P000227,M0000069
P000227,M0000058
P000227,M0000131
P000227,M0000195
P000227,M0000075
P000227,M0000022
P000227,M0000145
P000227,M0000144
P000227,M0000071
P000227,M0000032
P000227,M0000142
P000227,M0000150
P000227,M0000146
P000227,M0000146
P000227,M0000196
P000228,M0000146
P000228,M0000052
P000228,M0000188
P000228,M0000121
P000228,M0000066
P000228,M0000106
P000228,M0000127
P000228,M0000035
P000228,M0000113
P000228,M0000141
P000228,M0000162
P000228,M0000034
P000228,M0000090
P000228,M0000163
P000228,M0000184
P000228,M0000111
P000228,M0000038
P000228,M0000015
P000228,M0000141
P000228,M0000192
P000229,M0000037
P000229,M0000150
P000229,M0000125
P000229,M0000130
P000229,M0000185
P000229,M0000016
P000229,M0000165
P000229,M0000120
P000229,M0000094
P000229,M0000173
P000229,M0000111
P000229,M0000146
P000230,M0000079
P000230,M0000090
P000230,M0000051
P000230,M0000140
P000230,M0000109
P000230,M0000060
P000231,M0000190
P000231,M0000042
P000231,M0000180
P000231,M0000094
P000231,M0000149
P000231,M0000129
P000231,M0000008
P000231,M0000093
P000231,M0000016
P000231,M0000121
P000232,M0000127
P000232,M0000191
P000232,M0000046
P000232,M0000175
P000232,M0000189
P000232,M0000199
P000232,M0000125
P000232,M0000154
P000233,M0000095
P000233,M0000074
P000233,M0000127
P000233,M0000036
P000233,M0000159
P000233,M0000128
P000233,M0000070
P000233,M0000113
P000234,M0000009
P000234,M0000048
P000234,M0000017
P000234,M0000109
P000234,M0000142
P000234,M0000100
P000234,M0000142
P000234,M0000079
P000234,M0000048
P000234,M0000157
P000234,M0000166
P000234,M0000098
P000234,M0000111
P000234,M0000159
P000234,M0000072
P000234,M0000013
P000234,M0000010
P000234,M0000021
P000234,M0000066
P000234,M0000142
P000235,M0000024
P000235,M0000090
P000235,M0000018
P000235,M0000023
P000235,M0000129
P000235,M0000180
P000235,M0000102
P000235,M0000140
P000235,M0000166
P000235,M0000150
P000235,M0000011
P000235,M0000087
P000235,M0000051
P000235,M0000154
P000235,M0000007
P000236,M0000177
P000236,M0000128
P000236,M0000155
P000236,M0000133
P000236,M0000009
P000237,M0000027
P000237,M0000132
P000237,M0000174
P000237,M0000084
P000237,M0000133
P000237,M0000001
P000237,M0000077
P000237,M0000062
P000237,M0000004
P000238,M0000084
P000238,M0000200
P000238,M0000128
P000238,M0000102
P000238,M0000104
P000238,M0000031
P000238,M0000084
P000238,M0000105
P000238,M0000194
P000238,M0000130
P000238,M0000028
P000239,M0000058
P000239,M0000043
P000239,M0000171
P000239,M0000103
P000239,M0000084
P000239,M0000166
P000239,M0000027
P000239,M0000158
P000239,M0000189
P000239,M0000060
P000240,M0000071
P000240,M0000107
P000240,M0000026
P000240,M0000087
P000240,M0000194
P000240,M0000060
P000240,M0000077
P000241,M0000114
P000241,M0000070
P000241,M0000132
P000241,M0000160
P000241,M0000062
P000241,M0000139
P000241,M0000181
P000241,M0000148
P000241,M0000166
P000241,M0000085
P000241,M0000108
P000241,M0000090
P000241,M0000024
P000241,M0000111
P000241,M0000162
P000241,M0000045
P000241,M0000182
P000241,M0000066
P000241,M0000005
P000241,M0000028
P000242,M0000136
P000242,M0000091
P000242,M0000088
P000242,M0000055
P000242,M0000185
P000242,M0000038
P000242,M0000054
P000242,M0000065
P000242,M0000146
P000242,M0000008
P000242,M0000107
P000242,M0000001
P000242,M0000061
P000242,M0000075
P000242,M0000188
P000242,M0000200
P000242,M0000037
P000242,M0000101
P000242,M0000134
P000243,M0000055
P000243,M0000123
P000243,M0000097
P000243,M0000059
P000243,M0000131
P000244,M0000068
P000244,M0000049
P000244,M0000179
P000244,M0000054
P000244,M0000157
P000244,M0000069
P000244,M0000040
P000244,M0000027
P000244,M0000170
P000244,M0000001
P000244,M0000085
P000244,M0000080
P000244,M0000172
P000244,M0000138
P000245,M0000058
P000245,M0000157
P000245,M0000173
P000245,M0000165
P000245,M0000026
P000245,M0000161
P000245,M0000154
P000245,M0000061
P000245,M0000184
P000245,M0000192
P000245,M0000112
P000245,M0000139
P000245,M0000154
P000245,M0000111
P000245,M0000178
P000245,M0000058
P000245,M0000171
P000246,M0000127
P000246,M0000025
P000246,M0000156
P000246,M0000151
P000246,M0000006
P000246,M0000004
P000246,M0000126
P000246,M0000003
P000246,M0000087
P000246,M0000015
P000246,M0000196
P000246,M0000168
P000246,M0000122
P000246,M0000180
P000246,M0000029
P000246,M0000013
P000247,M0000142
P000247,M0000098
P000247,M0000111
P000247,M0000197
P000247,M0000198
P000247,M0000151
P000247,M0000119
P000247,M0000075
P000247,M0000179
P000247,M0000070
P000247,M0000086
P000247,M0000198
P000247,M0000054
P000247,M0000162
P000247,M0000008
P000247,M0000054
P000247,M0000035
P000247,M0000012
P000248,M0000180
P000248,M0000176
P000248,M0000043
P000248,M0000129
P000248,M0000053
P000248,M0000125
P000248,M0000077
P000248,M0000063
P000248,M0000124
P000248,M0000136
P000248,M0000105
P000249,M0000024
P000249,M0000012
P000249,M0000165
P000249,M0000194
P000249,M0000151
P000249,M0000185
P000249,M0000075
P000249,M0000016
P000249,M0000019
P000249,M0000195
P000249,M0000110
P000249,M0000101
P000249,M0000071
P000249,M0000155
P000249,M0000017
P000249,M0000151
P000249,M0000082
P000249,M0000065
P000249,M0000118
P000249,M0000074
P000250,M0000021
P000250,M0000048
P000250,M0000045
P000250,M0000126
P000250,M0000042
P000250,M0000098
P000250,M0000083
P000250,M0000040
P000250,M0000008
P000250,M0000184
P000251,M0000114
P000251,M0000119
P000251,M0000029
P000251,M0000029
P000251,M0000185
P000251,M0000190
P000251,M0000068
P000251,M0000136
P000251,M0000048
P000251,M0000139
P000251,M0000107
P000252,M0000006
P000252,M0000179
P000252,M0000200
P000252,M0000169
P000252,M0000108
P000252,M0000199
P000252,M0000177
P000252,M0000169
P000252,M0000053
P000252,M0000139
P000252,M0000199
P000252,M0000111
P000252,M0000180
P000252,M0000048
P000252,M0000132
P000252,M0000094
P000252,M0000079
P000253,M0000097
P000253,M0000024
P000253,M0000120
P000253,M0000028
P000253,M0000073
P000253,M0000004
P000254,M0000114
P000254,M0000187
P000254,M0000118
P000254,M0000090
P000254,M0000014
P000254,M0000109
P000254,M0000110
P000254,M0000041
P000254,M0000146
P000254,M0000147
P000254,M0000066
P000254,M0000039
P000254,M0000175
P000255,M0000032
P000255,M0000071
P000255,M0000091
P000255,M0000143
P000255,M0000184
P000255,M0000118
P000255,M0000067
P000255,M0000180
P000255,M0000086
P000255,M0000129
P000255,M0000167
P000255,M0000175
P000255,M0000001
P000255,M0000083
P000255,M0000074
P000255,M0000039
P000256,M0000103
P000256,M0000083
P000256,M0000058
P000256,M0000107
P000256,M0000194
P000257,M0000146
P000257,M0000054
P000257,M0000129
P000257,M0000153
P000257,M0000198
P000257,M0000038
P000257,M0000043
P000258,M0000012
P000258,M0000084
P000258,M0000008
P000258,M0000176
P000258,M0000133
P000258,M0000115
P000259,M0000128
P000259,M0000162
P000259,M0000058
P000259,M0000160
P000259,M0000011
P000259,M0000070
P000259,M0000079
P000259,M0000004
P000259,M0000016
P000259,M0000048
P000259,M0000124
P000259,M0000160
P000259,M0000146
P000259,M0000060
P000259,M0000178
P000260,M0000147
P000260,M0000180
P000260,M0000122
P000260,M0000018
P000260,M0000122
P000260,M0000099
P000260,M0000153
P000260,M0000107
P000260,M0000139
P000261,M0000082
P000261,M0000042
P000261,M0000192
P000261,M0000127
P000261,M0000005
P000261,M0000035
P000261,M0000159
P000261,M0000116
P000262,M0000133
P000262,M0000035
P000262,M0000059
P000262,M0000009
P000262,M0000023
P000263,M0000049
P000263,M0000173
P000263,M0000161
P000263,M0000064
P000263,M0000192
P000263,M0000144
P000263,M0000159
P000263,M0000031
P000263,M0000192
P000263,M0000043
P000263,M0000145
P000263,M0000038
P000263,M0000057
P000263,M0000142
P000264,M0000170
P000264,M0000200
P000264,M0000061
P000264,M0000128
P000264,M0000011
P000264,M0000116
P000264,M0000058
P000264,M0000161
P000264,M0000156
P000264,M0000180
P000264,M0000121
P000264,M0000166
P000265,M0000135
P000265,M0000103
P000265,M0000180
P000265,M0000112
P000265,M0000028
P000265,M0000114
P000265,M0000147
P000265,M0000102
P000266,M0000085
P000266,M0000056
P000266,M0000132
P000266,M0000194
P000266,M0000086
P000266,M0000118
P000266,M0000052
P000267,M0000188
P000267,M0000100
P000267,M0000081
P000267,M0000119
P000267,M0000123
P000267,M0000053
P000267,M0000144
P000267,M0000012
P000267,M0000115
P000268,M0000180
P000268,M0000028
P000268,M0000174
P000268,M0000165
P000268,M0000086
P000268,M0000199
P000268,M0000168
P000268,M0000187
P000268,M0000139
P000268,M0000049
P000268,M0000056
P000268,M0000055
P000269,M0000128
P000269,M0000020
P000269,M0000127
P000269,M0000091
P000269,M0000130
P000269,M0000100
P000269,M0000047
P000269,M0000095
P000269,M0000139
P000269,M0000003
P000269,M0000082
P000269,M0000120
P000269,M0000117
P000269,M0000015
P000269,M0000166
P000269,M0000144
P000270,M0000049
P000270,M0000126
P000270,M0000042
P000270,M0000087
P000270,M0000133
P000270,M0000138
P000270,M0000153
P000270,M0000118
P000270,M0000032
P000270,M0000160
P000270,M0000164
P000270,M0000199
P000271,M0000192
P000271,M0000112
P000271,M0000080
P000271,M0000168
P000271,M0000074
P000271,M0000065
P000271,M0000003
P000271,M0000076
P000271,M0000072
P000271,M0000118
P000271,M0000186
P000271,M0000076
P000271,M0000031
P000272,M0000133
P000272,M0000115
P000272,M0000025
P000272,M0000146
P000272,M0000048
P000272,M0000175
P000272,M0000157
P000272,M0000137
P000272,M0000118
P000272,M0000128
P000272,M0000182
P000272,M0000117
P000273,M0000115
P000273,M0000154
P000273,M0000029
P000273,M0000190
P000273,M0000127
P000273,M0000016
P000273,M0000127
P000273,M0000164
P000274,M0000073
P000274,M0000017
P000274,M0000083
P000274,M0000058
P000274,M0000039
P000274,M0000116
P000274,M0000140
P000274,M0000134
P000274,M0000018
P000274,M0000184
P000274,M0000039
P000275,M0000096
P000275,M0000185
P000275,M0000061
P000275,M0000132
P000275,M0000052
P000275,M0000174
P000275,M0000046
P000275,M0000150
P000275,M0000093
P000275,M0000088
P000275,M0000135
P000275,M0000152
P000275,M0000034
P000275,M0000088
P000275,M0000023
P000275,M0000045
P000276,M0000135
P000276,M0000129
P000276,M0000126
P000276,M0000101
P000276,M0000082
P000276,M0000121
P000276,M0000184
P000276,M0000079
P000276,M0000059
P000276,M0000086
P000276,M0000076
P000276,M0000060
P000276,M0000156
P000276,M0000116
P000276,M0000196
P000277,M0000123
P000277,M0000051
P000277,M0000198
P000277,M0000033
P000277,M0000088
P000277,M0000101
P000277,M0000148
P000277,M0000050
P000277,M0000055
P000277,M0000106
P000278,M0000065
P000278,M0000170
P000278,M0000044
P000278,M0000075
P000278,M0000094
P000278,M0000121
P000278,M0000076
P000278,M0000115
P000278,M0000069
P000278,M0000124
P000278,M0000048
P000278,M0000048
P000278,M0000188
P000278,M0000025
P000278,M0000130
P000278,M0000124
P000278,M0000053
P000278,M0000153
P000278,M0000166
P000278,M0000165
P000279,M0000139
P000279,M0000157
P000279,M0000087
P000279,M0000009
P000279,M0000072
P000279,M0000128
P000279,M0000026
P000279,M0000128
P000279,M0000190
P000280,M0000165
P000280,M0000014
P000280,M0000101
P000280,M0000083
P000280,M0000153
P000280,M0000091
P000280,M0000087
P000280,M0000011
P000280,M0000137
P000280,M0000019
P000280,M0000016
P000280,M0000123
P000280,M0000070
P000280,M0000152
P000280,M0000198
P000280,M0000179
P000280,M0000182
P000280,M0000018
P000280,M0000186
P000280,M0000098
